"kind"	"group"	"module"	"version"	"filename"	"bytes"	"local_sha256"	"sidecar_status"	"repository_sha256"	"repository_sidecar_url"	"sidecar_attempts"	"signature_availability"	"signature_url"	"signature_attempts"	"published_artifact_filename"	"followup_evidence"	"followup_evidence_url"	"issuer_key_id_hint"	"issuer_fingerprint_hint"	"signature_sha256"	"remote_artifact_sha256"	"inventory_scope"
"artifact"	"androidx.activity"	"activity"	"1.11.0"	"activity-1.11.0.aar"	"221073"	"26726186b34f90b0fe55bbf0ebbf640ade99915bc35f4cb0153ddcf751499bd3"	"MATCH"	"26726186b34f90b0fe55bbf0ebbf640ade99915bc35f4cb0153ddcf751499bd3"	"https://dl.google.com/dl/android/maven2/androidx/activity/activity/1.11.0/activity-1.11.0.aar.sha256"	""	""	""	""	""	""	""	""	""	""	""	"DECLARED_RELEASE_CONFIGURATION"
"artifact"	"androidx.activity"	"activity"	"1.8.0"	"activity-1.8.0.aar"	"169615"	"d3a676709dea04f2a8506e2ae85052fff763db526ac7f16b04de50fdd05b0720"	"MATCH"	"d3a676709dea04f2a8506e2ae85052fff763db526ac7f16b04de50fdd05b0720"	"https://dl.google.com/dl/android/maven2/androidx/activity/activity/1.8.0/activity-1.8.0.aar.sha256"	""	""	""	""	""	""	""	""	""	""	""	"DECLARED_RELEASE_CONFIGURATION"
"artifact"	"androidx.activity"	"activity-ktx"	"1.11.0"	"activity-ktx-1.11.0.aar"	"5744"	"3663f6811a3c6c0c28f8ba82ba5e9f363f4bc12ee53155794f456d3c5b2acae3"	"MATCH"	"3663f6811a3c6c0c28f8ba82ba5e9f363f4bc12ee53155794f456d3c5b2acae3"	"https://dl.google.com/dl/android/maven2/androidx/activity/activity-ktx/1.11.0/activity-ktx-1.11.0.aar.sha256"	""	""	""	""	""	""	""	""	""	""	""	"DECLARED_RELEASE_CONFIGURATION"
"artifact"	"androidx.annotation"	"annotation"	"1.3.0"	"annotation-1.3.0.jar"	"31705"	"97dc45afefe3a1e421da42b8b6e9f90491477c45fc6178203e3a5e8a05ee8553"	"MATCH"	"97dc45afefe3a1e421da42b8b6e9f90491477c45fc6178203e3a5e8a05ee8553"	"https://dl.google.com/dl/android/maven2/androidx/annotation/annotation/1.3.0/annotation-1.3.0.jar.sha256"	""	""	""	""	""	""	""	""	""	""	""	"DECLARED_RELEASE_CONFIGURATION"
"artifact"	"androidx.annotation"	"annotation-experimental"	"1.4.1"	"annotation-experimental-1.4.1.aar"	"39841"	"6bd4c7c7476f8260cd3bdbb81183583e93fc9f790c27dea7dc314181cbf87aa0"	"MATCH"	"6bd4c7c7476f8260cd3bdbb81183583e93fc9f790c27dea7dc314181cbf87aa0"	"https://dl.google.com/dl/android/maven2/androidx/annotation/annotation-experimental/1.4.1/annotation-experimental-1.4.1.aar.sha256"	""	""	""	""	""	""	""	""	""	""	""	"DECLARED_RELEASE_CONFIGURATION"
"artifact"	"androidx.annotation"	"annotation-jvm"	"1.8.1"	"annotation-jvm-1.8.1.jar"	"56126"	"9aab326d9492800991854360ac248f493ce7f7c3183519309b78ace9e240f6f6"	"MATCH"	"9aab326d9492800991854360ac248f493ce7f7c3183519309b78ace9e240f6f6"	"https://dl.google.com/dl/android/maven2/androidx/annotation/annotation-jvm/1.8.1/annotation-jvm-1.8.1.jar.sha256"	""	""	""	""	""	""	""	""	""	""	""	"DECLARED_RELEASE_CONFIGURATION"
"artifact"	"androidx.appcompat"	"appcompat"	"1.7.1"	"appcompat-1.7.1.aar"	"1148656"	"2ad334a323b28046e89b738c77d184cb3dcca32a551ab048851b2fda23a3ba26"	"MATCH"	"2ad334a323b28046e89b738c77d184cb3dcca32a551ab048851b2fda23a3ba26"	"https://dl.google.com/dl/android/maven2/androidx/appcompat/appcompat/1.7.1/appcompat-1.7.1.aar.sha256"	""	""	""	""	""	""	""	""	""	""	""	"DECLARED_RELEASE_CONFIGURATION"
"artifact"	"androidx.appcompat"	"appcompat-resources"	"1.7.1"	"appcompat-resources-1.7.1.aar"	"63997"	"8e2db31224ca53b108c784da2b361959062716d416b210cfef3d5a3828306df0"	"MATCH"	"8e2db31224ca53b108c784da2b361959062716d416b210cfef3d5a3828306df0"	"https://dl.google.com/dl/android/maven2/androidx/appcompat/appcompat-resources/1.7.1/appcompat-resources-1.7.1.aar.sha256"	""	""	""	""	""	""	""	""	""	""	""	"DECLARED_RELEASE_CONFIGURATION"
"artifact"	"androidx.arch.core"	"core-common"	"2.2.0"	"core-common-2.2.0.jar"	"11657"	"65308a06b1c00ee186cb9e19321383f043b993813f1522c47f4a3e3303bdba41"	"MATCH"	"65308a06b1c00ee186cb9e19321383f043b993813f1522c47f4a3e3303bdba41"	"https://dl.google.com/dl/android/maven2/androidx/arch/core/core-common/2.2.0/core-common-2.2.0.jar.sha256"	""	""	""	""	""	""	""	""	""	""	""	"DECLARED_RELEASE_CONFIGURATION"
"artifact"	"androidx.arch.core"	"core-runtime"	"2.2.0"	"core-runtime-2.2.0.aar"	"7577"	"a1be5e0caa2b07623862af6ae21b3ab0718123245184d0e30dea81b53f990a47"	"MATCH"	"a1be5e0caa2b07623862af6ae21b3ab0718123245184d0e30dea81b53f990a47"	"https://dl.google.com/dl/android/maven2/androidx/arch/core/core-runtime/2.2.0/core-runtime-2.2.0.aar.sha256"	""	""	""	""	""	""	""	""	""	""	""	"DECLARED_RELEASE_CONFIGURATION"
"artifact"	"androidx.camera"	"camera-camera2"	"1.5.3"	"camera-camera2-1.5.3.aar"	"604031"	"03bb81d9097ade4919df24edfd08e70cbbb13149fa971a9c21bf2af71e234d8c"	"MATCH"	"03bb81d9097ade4919df24edfd08e70cbbb13149fa971a9c21bf2af71e234d8c"	"https://dl.google.com/dl/android/maven2/androidx/camera/camera-camera2/1.5.3/camera-camera2-1.5.3.aar.sha256"	""	""	""	""	""	""	""	""	""	""	""	"DECLARED_RELEASE_CONFIGURATION"
"artifact"	"androidx.camera"	"camera-core"	"1.4.2"	"camera-core-1.4.2.aar"	"938840"	"bbca13760ce1587502eb15723d0e17fa0a3495d084e609c4e4c8d3c2e1c85cf8"	"MATCH"	"bbca13760ce1587502eb15723d0e17fa0a3495d084e609c4e4c8d3c2e1c85cf8"	"https://dl.google.com/dl/android/maven2/androidx/camera/camera-core/1.4.2/camera-core-1.4.2.aar.sha256"	""	""	""	""	""	""	""	""	""	""	""	"DECLARED_RELEASE_CONFIGURATION"
"artifact"	"androidx.camera"	"camera-core"	"1.5.3"	"camera-core-1.5.3.aar"	"1184683"	"54e3d6dc7e19546e782bf8677f1fbc315633dc0205127c5ea00c41e1fc4c88dd"	"MATCH"	"54e3d6dc7e19546e782bf8677f1fbc315633dc0205127c5ea00c41e1fc4c88dd"	"https://dl.google.com/dl/android/maven2/androidx/camera/camera-core/1.5.3/camera-core-1.5.3.aar.sha256"	""	""	""	""	""	""	""	""	""	""	""	"DECLARED_RELEASE_CONFIGURATION"
"artifact"	"androidx.camera"	"camera-lifecycle"	"1.5.3"	"camera-lifecycle-1.5.3.aar"	"50554"	"24414d2bcb673254e851e23df96c4d7fbdf3dfa5499a4c9e62f07c5003cd204a"	"MATCH"	"24414d2bcb673254e851e23df96c4d7fbdf3dfa5499a4c9e62f07c5003cd204a"	"https://dl.google.com/dl/android/maven2/androidx/camera/camera-lifecycle/1.5.3/camera-lifecycle-1.5.3.aar.sha256"	""	""	""	""	""	""	""	""	""	""	""	"DECLARED_RELEASE_CONFIGURATION"
"artifact"	"androidx.camera"	"camera-video"	"1.5.3"	"camera-video-1.5.3.aar"	"455898"	"8c5620ab32c6331b7e8446f3f799e71141b189bc20a2f260a548965af371fd08"	"MATCH"	"8c5620ab32c6331b7e8446f3f799e71141b189bc20a2f260a548965af371fd08"	"https://dl.google.com/dl/android/maven2/androidx/camera/camera-video/1.5.3/camera-video-1.5.3.aar.sha256"	""	""	""	""	""	""	""	""	""	""	""	"DECLARED_RELEASE_CONFIGURATION"
"artifact"	"androidx.camera"	"camera-view"	"1.5.3"	"camera-view-1.5.3.aar"	"122488"	"b4717d12e683b5d709c68a16d5dc2a3c8f3fc5d36249fe4320df681d800d561f"	"MATCH"	"b4717d12e683b5d709c68a16d5dc2a3c8f3fc5d36249fe4320df681d800d561f"	"https://dl.google.com/dl/android/maven2/androidx/camera/camera-view/1.5.3/camera-view-1.5.3.aar.sha256"	""	""	""	""	""	""	""	""	""	""	""	"DECLARED_RELEASE_CONFIGURATION"
"artifact"	"androidx.camera.featurecombinationquery"	"featurecombinationquery"	"1.5.3"	"featurecombinationquery-1.5.3.aar"	"18525"	"a155e00cb879fb5ea3f36232e23f90c58d756d90e228bfec0189a6db53323864"	"MATCH"	"a155e00cb879fb5ea3f36232e23f90c58d756d90e228bfec0189a6db53323864"	"https://dl.google.com/dl/android/maven2/androidx/camera/featurecombinationquery/featurecombinationquery/1.5.3/featurecombinationquery-1.5.3.aar.sha256"	""	""	""	""	""	""	""	""	""	""	""	"DECLARED_RELEASE_CONFIGURATION"
"artifact"	"androidx.cardview"	"cardview"	"1.0.0"	"cardview-1.0.0.aar"	"22527"	"1193c04c22a3d6b5946dae9f4e8c59d6adde6a71b6bd5d87fb99d82dda1afec7"	"NO_MATCHING_SIDECAR"	""	""	"https://dl.google.com/dl/android/maven2/androidx/cardview/cardview/1.0.0/cardview-1.0.0.aar.sha256 HTTP_404; https://repo.maven.apache.org/maven2/androidx/cardview/cardview/1.0.0/cardview-1.0.0.aar.sha256 HTTP_404"	"NO_SIGNATURE_FOUND"	""	"https://repo.maven.apache.org/maven2/androidx/cardview/cardview/1.0.0/cardview-1.0.0.aar.asc HTTP_404; https://dl.google.com/dl/android/maven2/androidx/cardview/cardview/1.0.0/cardview-1.0.0.aar.asc HTTP_404"	""	"HTTPS_REPOSITORY_BYTES_MATCH_NO_INDEPENDENT_DIGEST"	"https://dl.google.com/dl/android/maven2/androidx/cardview/cardview/1.0.0/cardview-1.0.0.aar"	""	""	""	"1193c04c22a3d6b5946dae9f4e8c59d6adde6a71b6bd5d87fb99d82dda1afec7"	"DECLARED_RELEASE_CONFIGURATION"
"artifact"	"androidx.collection"	"collection"	"1.1.0"	"collection-1.1.0.jar"	"42953"	"632a0e5407461de774409352940e292a291037724207a787820c77daf7d33b72"	"NO_MATCHING_SIDECAR"	""	""	"https://dl.google.com/dl/android/maven2/androidx/collection/collection/1.1.0/collection-1.1.0.jar.sha256 HTTP_404; https://repo.maven.apache.org/maven2/androidx/collection/collection/1.1.0/collection-1.1.0.jar.sha256 HTTP_404"	"NO_SIGNATURE_FOUND"	""	"https://repo.maven.apache.org/maven2/androidx/collection/collection/1.1.0/collection-1.1.0.jar.asc HTTP_404; https://dl.google.com/dl/android/maven2/androidx/collection/collection/1.1.0/collection-1.1.0.jar.asc HTTP_404"	""	"HTTPS_REPOSITORY_BYTES_MATCH_NO_INDEPENDENT_DIGEST"	"https://dl.google.com/dl/android/maven2/androidx/collection/collection/1.1.0/collection-1.1.0.jar"	""	""	""	"632a0e5407461de774409352940e292a291037724207a787820c77daf7d33b72"	"DECLARED_RELEASE_CONFIGURATION"
"artifact"	"androidx.collection"	"collection-jvm"	"1.4.2"	"collection-jvm-1.4.2.jar"	"775789"	"984ce9bd780055eafb8a105aca3f514686bf7b1b6272ec7c645a98ce40fc7db4"	"MATCH"	"984ce9bd780055eafb8a105aca3f514686bf7b1b6272ec7c645a98ce40fc7db4"	"https://dl.google.com/dl/android/maven2/androidx/collection/collection-jvm/1.4.2/collection-jvm-1.4.2.jar.sha256"	""	""	""	""	""	""	""	""	""	""	""	"DECLARED_RELEASE_CONFIGURATION"
"artifact"	"androidx.concurrent"	"concurrent-futures"	"1.1.0"	"concurrent-futures-1.1.0.jar"	"25987"	"0ce067c514a0d1049d1bebdf709e344ed3266fe9744275682937cdcb13334e9e"	"MATCH"	"0ce067c514a0d1049d1bebdf709e344ed3266fe9744275682937cdcb13334e9e"	"https://dl.google.com/dl/android/maven2/androidx/concurrent/concurrent-futures/1.1.0/concurrent-futures-1.1.0.jar.sha256"	""	""	""	""	""	""	""	""	""	""	""	"DECLARED_RELEASE_CONFIGURATION"
"artifact"	"androidx.concurrent"	"concurrent-futures-ktx"	"1.1.0"	"concurrent-futures-ktx-1.1.0.jar"	"5605"	"1968bf52039e38636aa6f114cd17d7256919d1e8997417716fef9d1da1f24d85"	"MATCH"	"1968bf52039e38636aa6f114cd17d7256919d1e8997417716fef9d1da1f24d85"	"https://dl.google.com/dl/android/maven2/androidx/concurrent/concurrent-futures-ktx/1.1.0/concurrent-futures-ktx-1.1.0.jar.sha256"	""	""	""	""	""	""	""	""	""	""	""	"DECLARED_RELEASE_CONFIGURATION"
"artifact"	"androidx.constraintlayout"	"constraintlayout"	"2.2.0"	"constraintlayout-2.2.0.aar"	"507991"	"c7c244100e68af49c99a6ad17694893c1be4fc55a6f539c8d78261dbbd2ce34a"	"MATCH"	"c7c244100e68af49c99a6ad17694893c1be4fc55a6f539c8d78261dbbd2ce34a"	"https://dl.google.com/dl/android/maven2/androidx/constraintlayout/constraintlayout/2.2.0/constraintlayout-2.2.0.aar.sha256"	""	""	""	""	""	""	""	""	""	""	""	"DECLARED_RELEASE_CONFIGURATION"
"artifact"	"androidx.constraintlayout"	"constraintlayout-core"	"1.1.0"	"constraintlayout-core-1.1.0.jar"	"585267"	"a8b90d19f7d758f7cb8962491547cf57cb7837c31fe3b00e01c4e85df7bf4851"	"MATCH"	"a8b90d19f7d758f7cb8962491547cf57cb7837c31fe3b00e01c4e85df7bf4851"	"https://dl.google.com/dl/android/maven2/androidx/constraintlayout/constraintlayout-core/1.1.0/constraintlayout-core-1.1.0.jar.sha256"	""	""	""	""	""	""	""	""	""	""	""	"DECLARED_RELEASE_CONFIGURATION"
"artifact"	"androidx.coordinatorlayout"	"coordinatorlayout"	"1.3.0"	"coordinatorlayout-1.3.0.aar"	"52682"	"3041e69a1784a7e0994d89256b5b545dda81b565bc0a60b27ec0595d923e0ed8"	"MATCH"	"3041e69a1784a7e0994d89256b5b545dda81b565bc0a60b27ec0595d923e0ed8"	"https://dl.google.com/dl/android/maven2/androidx/coordinatorlayout/coordinatorlayout/1.3.0/coordinatorlayout-1.3.0.aar.sha256"	""	""	""	""	""	""	""	""	""	""	""	"DECLARED_RELEASE_CONFIGURATION"
"artifact"	"androidx.core"	"core"	"1.13.0"	"core-1.13.0.aar"	"1270405"	"1b96c8eb10c4b40283fdd6e9aa74ffff05fae4f15d54f61ba69d517fcd144695"	"MATCH"	"1b96c8eb10c4b40283fdd6e9aa74ffff05fae4f15d54f61ba69d517fcd144695"	"https://dl.google.com/dl/android/maven2/androidx/core/core/1.13.0/core-1.13.0.aar.sha256"	""	""	""	""	""	""	""	""	""	""	""	"DECLARED_RELEASE_CONFIGURATION"
"artifact"	"androidx.core"	"core"	"1.17.0"	"core-1.17.0.aar"	"1409473"	"e1bd22bbcf5cee3a992dedb7d2d3c3b31c9f761c01e56d00ea443c8aaa981182"	"MATCH"	"e1bd22bbcf5cee3a992dedb7d2d3c3b31c9f761c01e56d00ea443c8aaa981182"	"https://dl.google.com/dl/android/maven2/androidx/core/core/1.17.0/core-1.17.0.aar.sha256"	""	""	""	""	""	""	""	""	""	""	""	"DECLARED_RELEASE_CONFIGURATION"
"artifact"	"androidx.core"	"core-ktx"	"1.13.0"	"core-ktx-1.13.0.aar"	"171581"	"59c54e6129e9261c6d810f8eea4a6ee2f4994d8162b1cd9fc88c9c84c92accfc"	"MATCH"	"59c54e6129e9261c6d810f8eea4a6ee2f4994d8162b1cd9fc88c9c84c92accfc"	"https://dl.google.com/dl/android/maven2/androidx/core/core-ktx/1.13.0/core-ktx-1.13.0.aar.sha256"	""	""	""	""	""	""	""	""	""	""	""	"DECLARED_RELEASE_CONFIGURATION"
"artifact"	"androidx.core"	"core-ktx"	"1.17.0"	"core-ktx-1.17.0.aar"	"172506"	"4d23190b8623b8abb3c5247a0a7727eca347062d026335c427a09e82711b15f8"	"MATCH"	"4d23190b8623b8abb3c5247a0a7727eca347062d026335c427a09e82711b15f8"	"https://dl.google.com/dl/android/maven2/androidx/core/core-ktx/1.17.0/core-ktx-1.17.0.aar.sha256"	""	""	""	""	""	""	""	""	""	""	""	"DECLARED_RELEASE_CONFIGURATION"
"artifact"	"androidx.core"	"core-splashscreen"	"1.0.1"	"core-splashscreen-1.0.1.aar"	"35829"	"25c813ae7795c99dd20628527043f8d0425eb2e826e6c42cb77acbb6c01dde68"	"MATCH"	"25c813ae7795c99dd20628527043f8d0425eb2e826e6c42cb77acbb6c01dde68"	"https://dl.google.com/dl/android/maven2/androidx/core/core-splashscreen/1.0.1/core-splashscreen-1.0.1.aar.sha256"	""	""	""	""	""	""	""	""	""	""	""	"DECLARED_RELEASE_CONFIGURATION"
"artifact"	"androidx.core"	"core-splashscreen"	"1.2.0"	"core-splashscreen-1.2.0.aar"	"42293"	"5ace865c4eb7e0f24369790d2c76eddafd0dbb1ebea3288f55c18d9605ea0ee0"	"MATCH"	"5ace865c4eb7e0f24369790d2c76eddafd0dbb1ebea3288f55c18d9605ea0ee0"	"https://dl.google.com/dl/android/maven2/androidx/core/core-splashscreen/1.2.0/core-splashscreen-1.2.0.aar.sha256"	""	""	""	""	""	""	""	""	""	""	""	"DECLARED_RELEASE_CONFIGURATION"
"artifact"	"androidx.core"	"core-viewtree"	"1.0.0"	"core-viewtree-1.0.0.aar"	"6980"	"dc1b678d58ebcf2bfa1587be68ff826694ce3d221251b9ef30d4d4b36297e6de"	"MATCH"	"dc1b678d58ebcf2bfa1587be68ff826694ce3d221251b9ef30d4d4b36297e6de"	"https://dl.google.com/dl/android/maven2/androidx/core/core-viewtree/1.0.0/core-viewtree-1.0.0.aar.sha256"	""	""	""	""	""	""	""	""	""	""	""	"DECLARED_RELEASE_CONFIGURATION"
"artifact"	"androidx.cursoradapter"	"cursoradapter"	"1.0.0"	"cursoradapter-1.0.0.aar"	"10591"	"a81c8fe78815fa47df5b749deb52727ad11f9397da58b16017f4eb2c11e28564"	"NO_MATCHING_SIDECAR"	""	""	"https://dl.google.com/dl/android/maven2/androidx/cursoradapter/cursoradapter/1.0.0/cursoradapter-1.0.0.aar.sha256 HTTP_404; https://repo.maven.apache.org/maven2/androidx/cursoradapter/cursoradapter/1.0.0/cursoradapter-1.0.0.aar.sha256 HTTP_404"	"NO_SIGNATURE_FOUND"	""	"https://repo.maven.apache.org/maven2/androidx/cursoradapter/cursoradapter/1.0.0/cursoradapter-1.0.0.aar.asc HTTP_404; https://dl.google.com/dl/android/maven2/androidx/cursoradapter/cursoradapter/1.0.0/cursoradapter-1.0.0.aar.asc HTTP_404"	""	"HTTPS_REPOSITORY_BYTES_MATCH_NO_INDEPENDENT_DIGEST"	"https://dl.google.com/dl/android/maven2/androidx/cursoradapter/cursoradapter/1.0.0/cursoradapter-1.0.0.aar"	""	""	""	"a81c8fe78815fa47df5b749deb52727ad11f9397da58b16017f4eb2c11e28564"	"DECLARED_RELEASE_CONFIGURATION"
"artifact"	"androidx.customview"	"customview"	"1.0.0"	"customview-1.0.0.aar"	"33238"	"20e5b8f6526a34595a604f56718da81167c0b40a7a94a57daa355663f2594df2"	"NO_MATCHING_SIDECAR"	""	""	"https://dl.google.com/dl/android/maven2/androidx/customview/customview/1.0.0/customview-1.0.0.aar.sha256 HTTP_404; https://repo.maven.apache.org/maven2/androidx/customview/customview/1.0.0/customview-1.0.0.aar.sha256 HTTP_404"	"NO_SIGNATURE_FOUND"	""	"https://repo.maven.apache.org/maven2/androidx/customview/customview/1.0.0/customview-1.0.0.aar.asc HTTP_404; https://dl.google.com/dl/android/maven2/androidx/customview/customview/1.0.0/customview-1.0.0.aar.asc HTTP_404"	""	"HTTPS_REPOSITORY_BYTES_MATCH_NO_INDEPENDENT_DIGEST"	"https://dl.google.com/dl/android/maven2/androidx/customview/customview/1.0.0/customview-1.0.0.aar"	""	""	""	"20e5b8f6526a34595a604f56718da81167c0b40a7a94a57daa355663f2594df2"	"DECLARED_RELEASE_CONFIGURATION"
"artifact"	"androidx.customview"	"customview"	"1.1.0"	"customview-1.1.0.aar"	"33346"	"01f76ab043770a97b054046f9815717b82ce0355c02967d16c61981359dc189a"	"MATCH"	"01f76ab043770a97b054046f9815717b82ce0355c02967d16c61981359dc189a"	"https://dl.google.com/dl/android/maven2/androidx/customview/customview/1.1.0/customview-1.1.0.aar.sha256"	""	""	""	""	""	""	""	""	""	""	""	"DECLARED_RELEASE_CONFIGURATION"
"artifact"	"androidx.databinding"	"databinding-common"	"8.13.0"	"databinding-common-8.13.0.jar"	"16827"	"66cab82639dac0f6c2433464c093b074d608c4bb887ec38a9b8bc4ac98126732"	"MATCH"	"66cab82639dac0f6c2433464c093b074d608c4bb887ec38a9b8bc4ac98126732"	"https://dl.google.com/dl/android/maven2/androidx/databinding/databinding-common/8.13.0/databinding-common-8.13.0.jar.sha256"	""	""	""	""	""	""	""	""	""	""	""	"DECLARED_RELEASE_CONFIGURATION"
"artifact"	"androidx.databinding"	"databinding-compiler-common"	"8.13.0"	"databinding-compiler-common-8.13.0.jar"	"835607"	"8e90060d411d20419f9ef5ce69893cfc4a323f61134030789c0bb2db1a3df47c"	"MATCH"	"8e90060d411d20419f9ef5ce69893cfc4a323f61134030789c0bb2db1a3df47c"	"https://dl.google.com/dl/android/maven2/androidx/databinding/databinding-compiler-common/8.13.0/databinding-compiler-common-8.13.0.jar.sha256"	""	""	""	""	""	""	""	""	""	""	""	"DECLARED_RELEASE_CONFIGURATION"
"artifact"	"androidx.drawerlayout"	"drawerlayout"	"1.0.0"	"drawerlayout-1.0.0.aar"	"32470"	"9402442cdc5a43cf62fb14f8cf98c63342d4d9d9b805c8033c6cf7e802749ac1"	"NO_MATCHING_SIDECAR"	""	""	"https://dl.google.com/dl/android/maven2/androidx/drawerlayout/drawerlayout/1.0.0/drawerlayout-1.0.0.aar.sha256 HTTP_404; https://repo.maven.apache.org/maven2/androidx/drawerlayout/drawerlayout/1.0.0/drawerlayout-1.0.0.aar.sha256 HTTP_404"	"NO_SIGNATURE_FOUND"	""	"https://repo.maven.apache.org/maven2/androidx/drawerlayout/drawerlayout/1.0.0/drawerlayout-1.0.0.aar.asc HTTP_404; https://dl.google.com/dl/android/maven2/androidx/drawerlayout/drawerlayout/1.0.0/drawerlayout-1.0.0.aar.asc HTTP_404"	""	"HTTPS_REPOSITORY_BYTES_MATCH_NO_INDEPENDENT_DIGEST"	"https://dl.google.com/dl/android/maven2/androidx/drawerlayout/drawerlayout/1.0.0/drawerlayout-1.0.0.aar"	""	""	""	"9402442cdc5a43cf62fb14f8cf98c63342d4d9d9b805c8033c6cf7e802749ac1"	"DECLARED_RELEASE_CONFIGURATION"
"artifact"	"androidx.drawerlayout"	"drawerlayout"	"1.1.1"	"drawerlayout-1.1.1.aar"	"34591"	"2c5f0dca378eb78ca2c4403f9889c77daa3059302260f26a07fe9f63c08926fe"	"MATCH"	"2c5f0dca378eb78ca2c4403f9889c77daa3059302260f26a07fe9f63c08926fe"	"https://dl.google.com/dl/android/maven2/androidx/drawerlayout/drawerlayout/1.1.1/drawerlayout-1.1.1.aar.sha256"	""	""	""	""	""	""	""	""	""	""	""	"DECLARED_RELEASE_CONFIGURATION"
"artifact"	"androidx.dynamicanimation"	"dynamicanimation"	"1.1.0"	"dynamicanimation-1.1.0.aar"	"39592"	"9062cc6637136a49ad17f8603c72519052ff9a569e617fc1b6db7086304da88f"	"MATCH"	"9062cc6637136a49ad17f8603c72519052ff9a569e617fc1b6db7086304da88f"	"https://dl.google.com/dl/android/maven2/androidx/dynamicanimation/dynamicanimation/1.1.0/dynamicanimation-1.1.0.aar.sha256"	""	""	""	""	""	""	""	""	""	""	""	"DECLARED_RELEASE_CONFIGURATION"
"artifact"	"androidx.emoji2"	"emoji2"	"1.3.0"	"emoji2-1.3.0.aar"	"143474"	"2bf23818b23a996ddaa1b5fd5bb32129daff6bbb2dce15166e2fccdd2010b1a5"	"MATCH"	"2bf23818b23a996ddaa1b5fd5bb32129daff6bbb2dce15166e2fccdd2010b1a5"	"https://dl.google.com/dl/android/maven2/androidx/emoji2/emoji2/1.3.0/emoji2-1.3.0.aar.sha256"	""	""	""	""	""	""	""	""	""	""	""	"DECLARED_RELEASE_CONFIGURATION"
"artifact"	"androidx.emoji2"	"emoji2-views-helper"	"1.3.0"	"emoji2-views-helper-1.3.0.aar"	"22075"	"9a1351295a4f739df0efe8344adaa9afb34856c3af584d4a9afbec105a45b90b"	"MATCH"	"9a1351295a4f739df0efe8344adaa9afb34856c3af584d4a9afbec105a45b90b"	"https://dl.google.com/dl/android/maven2/androidx/emoji2/emoji2-views-helper/1.3.0/emoji2-views-helper-1.3.0.aar.sha256"	""	""	""	""	""	""	""	""	""	""	""	"DECLARED_RELEASE_CONFIGURATION"
"artifact"	"androidx.exifinterface"	"exifinterface"	"1.4.1"	"exifinterface-1.4.1.aar"	"75523"	"17e17a6b86bb54074d3a7ecfa695ab920eaff4cf667a8371ed82e377580cfcf6"	"MATCH"	"17e17a6b86bb54074d3a7ecfa695ab920eaff4cf667a8371ed82e377580cfcf6"	"https://dl.google.com/dl/android/maven2/androidx/exifinterface/exifinterface/1.4.1/exifinterface-1.4.1.aar.sha256"	""	""	""	""	""	""	""	""	""	""	""	"DECLARED_RELEASE_CONFIGURATION"
"artifact"	"androidx.exifinterface"	"exifinterface"	"1.4.2"	"exifinterface-1.4.2.aar"	"75550"	"6bb2b68682a2023c55f35f941444ffea0157947b061e4fd7606ba935e2e77425"	"MATCH"	"6bb2b68682a2023c55f35f941444ffea0157947b061e4fd7606ba935e2e77425"	"https://dl.google.com/dl/android/maven2/androidx/exifinterface/exifinterface/1.4.2/exifinterface-1.4.2.aar.sha256"	""	""	""	""	""	""	""	""	""	""	""	"DECLARED_RELEASE_CONFIGURATION"
"artifact"	"androidx.fragment"	"fragment"	"1.5.4"	"fragment-1.5.4.aar"	"337572"	"bc3c2431dda42e94bb9511c587eae890d276e4aafe393a8da7b00169186dafde"	"MATCH"	"bc3c2431dda42e94bb9511c587eae890d276e4aafe393a8da7b00169186dafde"	"https://dl.google.com/dl/android/maven2/androidx/fragment/fragment/1.5.4/fragment-1.5.4.aar.sha256"	""	""	""	""	""	""	""	""	""	""	""	"DECLARED_RELEASE_CONFIGURATION"
"artifact"	"androidx.fragment"	"fragment"	"1.8.9"	"fragment-1.8.9.aar"	"382986"	"12de5b89ab6641c1d8da82b63dc816652622b06d2781b949b6fbd2dff9fac492"	"MATCH"	"12de5b89ab6641c1d8da82b63dc816652622b06d2781b949b6fbd2dff9fac492"	"https://dl.google.com/dl/android/maven2/androidx/fragment/fragment/1.8.9/fragment-1.8.9.aar.sha256"	""	""	""	""	""	""	""	""	""	""	""	"DECLARED_RELEASE_CONFIGURATION"
"artifact"	"androidx.graphics"	"graphics-shapes-android"	"1.0.1"	"graphics-shapes-release.aar"	"88037"	"7171269a4122feabb071768df46d10b362e47ac75fd0aa8dbcafa1f44f61b40c"	"MATCH"	"7171269a4122feabb071768df46d10b362e47ac75fd0aa8dbcafa1f44f61b40c"	"https://dl.google.com/dl/android/maven2/androidx/graphics/graphics-shapes-android/1.0.1/graphics-shapes-android-1.0.1.aar.sha256"	"https://dl.google.com/dl/android/maven2/androidx/graphics/graphics-shapes-android/1.0.1/graphics-shapes-release.aar.sha256 HTTP_404; https://repo.maven.apache.org/maven2/androidx/graphics/graphics-shapes-android/1.0.1/graphics-shapes-release.aar.sha256 HTTP_404"	"SIGNATURE_PRESENT_KEY_UNREVIEWED"	"https://dl.google.com/dl/android/maven2/androidx/graphics/graphics-shapes-android/1.0.1/graphics-shapes-android-1.0.1.aar.asc"	"https://repo.maven.apache.org/maven2/androidx/graphics/graphics-shapes-android/1.0.1/graphics-shapes-release.aar.asc HTTP_404; https://dl.google.com/dl/android/maven2/androidx/graphics/graphics-shapes-android/1.0.1/graphics-shapes-release.aar.asc HTTP_404"	"graphics-shapes-android-1.0.1.aar"	"PUBLISHED_FILENAME_SHA256_MATCH"	"https://dl.google.com/dl/android/maven2/androidx/graphics/graphics-shapes-android/1.0.1/graphics-shapes-android-1.0.1.aar.sha256"	""	""	""	""	"DECLARED_RELEASE_CONFIGURATION"
"artifact"	"androidx.interpolator"	"interpolator"	"1.0.0"	"interpolator-1.0.0.aar"	"7669"	"33193135a64fe21fa2c35eec6688f1a76e512606c0fc83dc1b689e37add7732a"	"NO_MATCHING_SIDECAR"	""	""	"https://dl.google.com/dl/android/maven2/androidx/interpolator/interpolator/1.0.0/interpolator-1.0.0.aar.sha256 HTTP_404; https://repo.maven.apache.org/maven2/androidx/interpolator/interpolator/1.0.0/interpolator-1.0.0.aar.sha256 HTTP_404"	"NO_SIGNATURE_FOUND"	""	"https://repo.maven.apache.org/maven2/androidx/interpolator/interpolator/1.0.0/interpolator-1.0.0.aar.asc HTTP_404; https://dl.google.com/dl/android/maven2/androidx/interpolator/interpolator/1.0.0/interpolator-1.0.0.aar.asc HTTP_404"	""	"HTTPS_REPOSITORY_BYTES_MATCH_NO_INDEPENDENT_DIGEST"	"https://dl.google.com/dl/android/maven2/androidx/interpolator/interpolator/1.0.0/interpolator-1.0.0.aar"	""	""	""	"33193135a64fe21fa2c35eec6688f1a76e512606c0fc83dc1b689e37add7732a"	"DECLARED_RELEASE_CONFIGURATION"
"artifact"	"androidx.lifecycle"	"lifecycle-common"	"2.6.2"	"lifecycle-common-2.6.2.jar"	"52314"	"f34831b6c71cd844e1d35d1be49d5e79447c5ab856346531b1e8676fda7374b1"	"MATCH"	"f34831b6c71cd844e1d35d1be49d5e79447c5ab856346531b1e8676fda7374b1"	"https://dl.google.com/dl/android/maven2/androidx/lifecycle/lifecycle-common/2.6.2/lifecycle-common-2.6.2.jar.sha256"	""	""	""	""	""	""	""	""	""	""	""	"DECLARED_RELEASE_CONFIGURATION"
"artifact"	"androidx.lifecycle"	"lifecycle-common-jvm"	"2.8.7"	"lifecycle-common-jvm-2.8.7.jar"	"57238"	"61c873a7327c946ec033c310bb98f3f92eeabcede0e1a5200ab8a1896483c7bf"	"MATCH"	"61c873a7327c946ec033c310bb98f3f92eeabcede0e1a5200ab8a1896483c7bf"	"https://dl.google.com/dl/android/maven2/androidx/lifecycle/lifecycle-common-jvm/2.8.7/lifecycle-common-jvm-2.8.7.jar.sha256"	""	""	""	""	""	""	""	""	""	""	""	"DECLARED_RELEASE_CONFIGURATION"
"artifact"	"androidx.lifecycle"	"lifecycle-livedata"	"2.6.2"	"lifecycle-livedata-2.6.2.aar"	"18971"	"67359f609dfc2bf65da1270b23033f856064ec279f058e0a70c715f7c9003031"	"MATCH"	"67359f609dfc2bf65da1270b23033f856064ec279f058e0a70c715f7c9003031"	"https://dl.google.com/dl/android/maven2/androidx/lifecycle/lifecycle-livedata/2.6.2/lifecycle-livedata-2.6.2.aar.sha256"	""	""	""	""	""	""	""	""	""	""	""	"DECLARED_RELEASE_CONFIGURATION"
"artifact"	"androidx.lifecycle"	"lifecycle-livedata"	"2.8.7"	"lifecycle-livedata-2.8.7.aar"	"57494"	"703634525a67b1c6beaaab4f980dfa0bacdf7e143d0b5d51f5ac0d9404400290"	"MATCH"	"703634525a67b1c6beaaab4f980dfa0bacdf7e143d0b5d51f5ac0d9404400290"	"https://dl.google.com/dl/android/maven2/androidx/lifecycle/lifecycle-livedata/2.8.7/lifecycle-livedata-2.8.7.aar.sha256"	""	""	""	""	""	""	""	""	""	""	""	"DECLARED_RELEASE_CONFIGURATION"
"artifact"	"androidx.lifecycle"	"lifecycle-livedata-core"	"2.6.2"	"lifecycle-livedata-core-2.6.2.aar"	"11345"	"2256780a3cff4a1e57fbb3d442557c17dc363ab8af105bcaf5261d8e2d5db949"	"MATCH"	"2256780a3cff4a1e57fbb3d442557c17dc363ab8af105bcaf5261d8e2d5db949"	"https://dl.google.com/dl/android/maven2/androidx/lifecycle/lifecycle-livedata-core/2.6.2/lifecycle-livedata-core-2.6.2.aar.sha256"	""	""	""	""	""	""	""	""	""	""	""	"DECLARED_RELEASE_CONFIGURATION"
"artifact"	"androidx.lifecycle"	"lifecycle-livedata-core"	"2.8.7"	"lifecycle-livedata-core-2.8.7.aar"	"32096"	"d786e5e6f79b8fab026f09a2d4ae3de1d72875f7645a6b7be48f1d9ab384734b"	"MATCH"	"d786e5e6f79b8fab026f09a2d4ae3de1d72875f7645a6b7be48f1d9ab384734b"	"https://dl.google.com/dl/android/maven2/androidx/lifecycle/lifecycle-livedata-core/2.8.7/lifecycle-livedata-core-2.8.7.aar.sha256"	""	""	""	""	""	""	""	""	""	""	""	"DECLARED_RELEASE_CONFIGURATION"
"artifact"	"androidx.lifecycle"	"lifecycle-livedata-core-ktx"	"2.8.7"	"lifecycle-livedata-core-ktx-2.8.7.aar"	"1349"	"b6e785e8532b155921310563a90fd262b5dacf6964aeea6cbbe412ac1da59460"	"MATCH"	"b6e785e8532b155921310563a90fd262b5dacf6964aeea6cbbe412ac1da59460"	"https://dl.google.com/dl/android/maven2/androidx/lifecycle/lifecycle-livedata-core-ktx/2.8.7/lifecycle-livedata-core-ktx-2.8.7.aar.sha256"	""	""	""	""	""	""	""	""	""	""	""	"DECLARED_RELEASE_CONFIGURATION"
"artifact"	"androidx.lifecycle"	"lifecycle-process"	"2.6.2"	"lifecycle-process-2.6.2.aar"	"16105"	"0f33b1bd017f965a6afb2e7bf3e3bd343c624061c1986dea8ba2469d04349437"	"MATCH"	"0f33b1bd017f965a6afb2e7bf3e3bd343c624061c1986dea8ba2469d04349437"	"https://dl.google.com/dl/android/maven2/androidx/lifecycle/lifecycle-process/2.6.2/lifecycle-process-2.6.2.aar.sha256"	""	""	""	""	""	""	""	""	""	""	""	"DECLARED_RELEASE_CONFIGURATION"
"artifact"	"androidx.lifecycle"	"lifecycle-process"	"2.8.7"	"lifecycle-process-2.8.7.aar"	"15241"	"62e076a2de2d650a23bf79495419f8a4357ad8e9b28d801318d0fcdd6e35fa87"	"MATCH"	"62e076a2de2d650a23bf79495419f8a4357ad8e9b28d801318d0fcdd6e35fa87"	"https://dl.google.com/dl/android/maven2/androidx/lifecycle/lifecycle-process/2.8.7/lifecycle-process-2.8.7.aar.sha256"	""	""	""	""	""	""	""	""	""	""	""	"DECLARED_RELEASE_CONFIGURATION"
"artifact"	"androidx.lifecycle"	"lifecycle-runtime"	"2.6.2"	"lifecycle-runtime-2.6.2.aar"	"21738"	"4867fd5279742fba8388821930cb2affe06d81a52814e7e41e70392ea0ef887c"	"MATCH"	"4867fd5279742fba8388821930cb2affe06d81a52814e7e41e70392ea0ef887c"	"https://dl.google.com/dl/android/maven2/androidx/lifecycle/lifecycle-runtime/2.6.2/lifecycle-runtime-2.6.2.aar.sha256"	""	""	""	""	""	""	""	""	""	""	""	"DECLARED_RELEASE_CONFIGURATION"
"artifact"	"androidx.lifecycle"	"lifecycle-runtime-android"	"2.8.7"	"lifecycle-runtime-release.aar"	"82180"	"b8eb997dd434d70eb97cbd6d1395b6337c6771717c7acd59f11c0853f3860284"	"MATCH"	"b8eb997dd434d70eb97cbd6d1395b6337c6771717c7acd59f11c0853f3860284"	"https://dl.google.com/dl/android/maven2/androidx/lifecycle/lifecycle-runtime-android/2.8.7/lifecycle-runtime-android-2.8.7.aar.sha256"	"https://dl.google.com/dl/android/maven2/androidx/lifecycle/lifecycle-runtime-android/2.8.7/lifecycle-runtime-release.aar.sha256 HTTP_404; https://repo.maven.apache.org/maven2/androidx/lifecycle/lifecycle-runtime-android/2.8.7/lifecycle-runtime-release.aar.sha256 HTTP_404"	"SIGNATURE_PRESENT_KEY_UNREVIEWED"	"https://dl.google.com/dl/android/maven2/androidx/lifecycle/lifecycle-runtime-android/2.8.7/lifecycle-runtime-android-2.8.7.aar.asc"	"https://repo.maven.apache.org/maven2/androidx/lifecycle/lifecycle-runtime-android/2.8.7/lifecycle-runtime-release.aar.asc HTTP_404; https://dl.google.com/dl/android/maven2/androidx/lifecycle/lifecycle-runtime-android/2.8.7/lifecycle-runtime-release.aar.asc HTTP_404"	"lifecycle-runtime-android-2.8.7.aar"	"PUBLISHED_FILENAME_SHA256_MATCH"	"https://dl.google.com/dl/android/maven2/androidx/lifecycle/lifecycle-runtime-android/2.8.7/lifecycle-runtime-android-2.8.7.aar.sha256"	""	""	""	""	"DECLARED_RELEASE_CONFIGURATION"
"artifact"	"androidx.lifecycle"	"lifecycle-runtime-ktx"	"2.6.2"	"lifecycle-runtime-ktx-2.6.2.aar"	"61591"	"28a0b834f40edd52e2f8010bdc3057d2a0cc76aaa5ac9311adb0b9ce919ca9cc"	"MATCH"	"28a0b834f40edd52e2f8010bdc3057d2a0cc76aaa5ac9311adb0b9ce919ca9cc"	"https://dl.google.com/dl/android/maven2/androidx/lifecycle/lifecycle-runtime-ktx/2.6.2/lifecycle-runtime-ktx-2.6.2.aar.sha256"	""	""	""	""	""	""	""	""	""	""	""	"DECLARED_RELEASE_CONFIGURATION"
"artifact"	"androidx.lifecycle"	"lifecycle-runtime-ktx-android"	"2.8.7"	"lifecycle-runtime-ktx-release.aar"	"1333"	"b3d39c5dba5e207ef4c79d491a76500194c5ea6874157f05a15f01792c0cc4e7"	"MATCH"	"b3d39c5dba5e207ef4c79d491a76500194c5ea6874157f05a15f01792c0cc4e7"	"https://dl.google.com/dl/android/maven2/androidx/lifecycle/lifecycle-runtime-ktx-android/2.8.7/lifecycle-runtime-ktx-android-2.8.7.aar.sha256"	"https://dl.google.com/dl/android/maven2/androidx/lifecycle/lifecycle-runtime-ktx-android/2.8.7/lifecycle-runtime-ktx-release.aar.sha256 HTTP_404; https://repo.maven.apache.org/maven2/androidx/lifecycle/lifecycle-runtime-ktx-android/2.8.7/lifecycle-runtime-ktx-release.aar.sha256 HTTP_404"	"SIGNATURE_PRESENT_KEY_UNREVIEWED"	"https://dl.google.com/dl/android/maven2/androidx/lifecycle/lifecycle-runtime-ktx-android/2.8.7/lifecycle-runtime-ktx-android-2.8.7.aar.asc"	"https://repo.maven.apache.org/maven2/androidx/lifecycle/lifecycle-runtime-ktx-android/2.8.7/lifecycle-runtime-ktx-release.aar.asc HTTP_404; https://dl.google.com/dl/android/maven2/androidx/lifecycle/lifecycle-runtime-ktx-android/2.8.7/lifecycle-runtime-ktx-release.aar.asc HTTP_404"	"lifecycle-runtime-ktx-android-2.8.7.aar"	"PUBLISHED_FILENAME_SHA256_MATCH"	"https://dl.google.com/dl/android/maven2/androidx/lifecycle/lifecycle-runtime-ktx-android/2.8.7/lifecycle-runtime-ktx-android-2.8.7.aar.sha256"	""	""	""	""	"DECLARED_RELEASE_CONFIGURATION"
"artifact"	"androidx.lifecycle"	"lifecycle-service"	"2.8.7"	"lifecycle-service-2.8.7.aar"	"5297"	"1450e72eea2ec808b089b96abdc773ca03a4143e267f7aadd9aeb9a7c39afef1"	"MATCH"	"1450e72eea2ec808b089b96abdc773ca03a4143e267f7aadd9aeb9a7c39afef1"	"https://dl.google.com/dl/android/maven2/androidx/lifecycle/lifecycle-service/2.8.7/lifecycle-service-2.8.7.aar.sha256"	""	""	""	""	""	""	""	""	""	""	""	"DECLARED_RELEASE_CONFIGURATION"
"artifact"	"androidx.lifecycle"	"lifecycle-viewmodel"	"2.6.2"	"lifecycle-viewmodel-2.6.2.aar"	"39793"	"e4ff4338999e1c6c9c724719f5d4aa7dd61bf6f545d5256a27a9d375df9f2330"	"MATCH"	"e4ff4338999e1c6c9c724719f5d4aa7dd61bf6f545d5256a27a9d375df9f2330"	"https://dl.google.com/dl/android/maven2/androidx/lifecycle/lifecycle-viewmodel/2.6.2/lifecycle-viewmodel-2.6.2.aar.sha256"	""	""	""	""	""	""	""	""	""	""	""	"DECLARED_RELEASE_CONFIGURATION"
"artifact"	"androidx.lifecycle"	"lifecycle-viewmodel"	"2.8.7"	"lifecycle-viewmodel-2.8.7.aar"	"292"	"43d28a6c6da9c1cb72bfb5cc1b511a7937b2db8b79d52f37d0b7f14c79b090dd"	"MATCH"	"43d28a6c6da9c1cb72bfb5cc1b511a7937b2db8b79d52f37d0b7f14c79b090dd"	"https://dl.google.com/dl/android/maven2/androidx/lifecycle/lifecycle-viewmodel/2.8.7/lifecycle-viewmodel-2.8.7.aar.sha256"	""	""	""	""	""	""	""	""	""	""	""	"DECLARED_RELEASE_CONFIGURATION"
"artifact"	"androidx.lifecycle"	"lifecycle-viewmodel-android"	"2.8.7"	"lifecycle-viewmodel-release.aar"	"57286"	"e7e7043f66b077637563ff564a7fc6cee461d284a0f2485c050a2143abbd8920"	"MATCH"	"e7e7043f66b077637563ff564a7fc6cee461d284a0f2485c050a2143abbd8920"	"https://dl.google.com/dl/android/maven2/androidx/lifecycle/lifecycle-viewmodel-android/2.8.7/lifecycle-viewmodel-android-2.8.7.aar.sha256"	"https://dl.google.com/dl/android/maven2/androidx/lifecycle/lifecycle-viewmodel-android/2.8.7/lifecycle-viewmodel-release.aar.sha256 HTTP_404; https://repo.maven.apache.org/maven2/androidx/lifecycle/lifecycle-viewmodel-android/2.8.7/lifecycle-viewmodel-release.aar.sha256 HTTP_404"	"SIGNATURE_PRESENT_KEY_UNREVIEWED"	"https://dl.google.com/dl/android/maven2/androidx/lifecycle/lifecycle-viewmodel-android/2.8.7/lifecycle-viewmodel-android-2.8.7.aar.asc"	"https://repo.maven.apache.org/maven2/androidx/lifecycle/lifecycle-viewmodel-android/2.8.7/lifecycle-viewmodel-release.aar.asc HTTP_404; https://dl.google.com/dl/android/maven2/androidx/lifecycle/lifecycle-viewmodel-android/2.8.7/lifecycle-viewmodel-release.aar.asc HTTP_404"	"lifecycle-viewmodel-android-2.8.7.aar"	"PUBLISHED_FILENAME_SHA256_MATCH"	"https://dl.google.com/dl/android/maven2/androidx/lifecycle/lifecycle-viewmodel-android/2.8.7/lifecycle-viewmodel-android-2.8.7.aar.sha256"	""	""	""	""	"DECLARED_RELEASE_CONFIGURATION"
"artifact"	"androidx.lifecycle"	"lifecycle-viewmodel-ktx"	"2.6.2"	"lifecycle-viewmodel-ktx-2.6.2.aar"	"4793"	"7fc0fa234a3321b1f34db5862b17da83d1c62c1bc66ec2fd4f1bb0a771acfabb"	"MATCH"	"7fc0fa234a3321b1f34db5862b17da83d1c62c1bc66ec2fd4f1bb0a771acfabb"	"https://dl.google.com/dl/android/maven2/androidx/lifecycle/lifecycle-viewmodel-ktx/2.6.2/lifecycle-viewmodel-ktx-2.6.2.aar.sha256"	""	""	""	""	""	""	""	""	""	""	""	"DECLARED_RELEASE_CONFIGURATION"
"artifact"	"androidx.lifecycle"	"lifecycle-viewmodel-ktx"	"2.8.7"	"lifecycle-viewmodel-ktx-2.8.7.aar"	"1343"	"1acebb50df2f0c07f379d5e23a28f7794f70efb2b6c834acebe8c394784ee6d4"	"MATCH"	"1acebb50df2f0c07f379d5e23a28f7794f70efb2b6c834acebe8c394784ee6d4"	"https://dl.google.com/dl/android/maven2/androidx/lifecycle/lifecycle-viewmodel-ktx/2.8.7/lifecycle-viewmodel-ktx-2.8.7.aar.sha256"	""	""	""	""	""	""	""	""	""	""	""	"DECLARED_RELEASE_CONFIGURATION"
"artifact"	"androidx.lifecycle"	"lifecycle-viewmodel-savedstate"	"2.6.2"	"lifecycle-viewmodel-savedstate-2.6.2.aar"	"39786"	"7bc7dcbab17636ec076f12afe4d02671265c389457b1b366b37a0e8cb91e2da0"	"MATCH"	"7bc7dcbab17636ec076f12afe4d02671265c389457b1b366b37a0e8cb91e2da0"	"https://dl.google.com/dl/android/maven2/androidx/lifecycle/lifecycle-viewmodel-savedstate/2.6.2/lifecycle-viewmodel-savedstate-2.6.2.aar.sha256"	""	""	""	""	""	""	""	""	""	""	""	"DECLARED_RELEASE_CONFIGURATION"
"artifact"	"androidx.lifecycle"	"lifecycle-viewmodel-savedstate"	"2.8.7"	"lifecycle-viewmodel-savedstate-2.8.7.aar"	"37817"	"646f2a42d2884b02308fb19837089e2669835fe21ca6a5b60666d5eb94d081dd"	"MATCH"	"646f2a42d2884b02308fb19837089e2669835fe21ca6a5b60666d5eb94d081dd"	"https://dl.google.com/dl/android/maven2/androidx/lifecycle/lifecycle-viewmodel-savedstate/2.8.7/lifecycle-viewmodel-savedstate-2.8.7.aar.sha256"	""	""	""	""	""	""	""	""	""	""	""	"DECLARED_RELEASE_CONFIGURATION"
"artifact"	"androidx.loader"	"loader"	"1.0.0"	"loader-1.0.0.aar"	"33445"	"11f735cb3b55c458d470bed9e25254375b518b4b1bad6926783a7026db0f5025"	"NO_MATCHING_SIDECAR"	""	""	"https://dl.google.com/dl/android/maven2/androidx/loader/loader/1.0.0/loader-1.0.0.aar.sha256 HTTP_404; https://repo.maven.apache.org/maven2/androidx/loader/loader/1.0.0/loader-1.0.0.aar.sha256 HTTP_404"	"NO_SIGNATURE_FOUND"	""	"https://repo.maven.apache.org/maven2/androidx/loader/loader/1.0.0/loader-1.0.0.aar.asc HTTP_404; https://dl.google.com/dl/android/maven2/androidx/loader/loader/1.0.0/loader-1.0.0.aar.asc HTTP_404"	""	"HTTPS_REPOSITORY_BYTES_MATCH_NO_INDEPENDENT_DIGEST"	"https://dl.google.com/dl/android/maven2/androidx/loader/loader/1.0.0/loader-1.0.0.aar"	""	""	""	"11f735cb3b55c458d470bed9e25254375b518b4b1bad6926783a7026db0f5025"	"DECLARED_RELEASE_CONFIGURATION"
"artifact"	"androidx.media3"	"media3-common"	"1.10.1"	"media3-common-1.10.1.aar"	"606702"	"39686f54ff6baf8cbc841199afd55619533eaef2ab6cd0efc32b8a3c55dd88c3"	"MATCH"	"39686f54ff6baf8cbc841199afd55619533eaef2ab6cd0efc32b8a3c55dd88c3"	"https://dl.google.com/dl/android/maven2/androidx/media3/media3-common/1.10.1/media3-common-1.10.1.aar.sha256"	""	""	""	""	""	""	""	""	""	""	""	"DECLARED_RELEASE_CONFIGURATION"
"artifact"	"androidx.media3"	"media3-container"	"1.10.1"	"media3-container-1.10.1.aar"	"58231"	"a198b62c577fa434941282fbfa31eb66ff0ff308a6573edf0b5dd01f4e38445d"	"MATCH"	"a198b62c577fa434941282fbfa31eb66ff0ff308a6573edf0b5dd01f4e38445d"	"https://dl.google.com/dl/android/maven2/androidx/media3/media3-container/1.10.1/media3-container-1.10.1.aar.sha256"	""	""	""	""	""	""	""	""	""	""	""	"DECLARED_RELEASE_CONFIGURATION"
"artifact"	"androidx.media3"	"media3-database"	"1.10.1"	"media3-database-1.10.1.aar"	"7197"	"520e6f814e42a7d428db187ac073b453c0fcba0f4f5f4edd1cf33fafd2cfb740"	"MATCH"	"520e6f814e42a7d428db187ac073b453c0fcba0f4f5f4edd1cf33fafd2cfb740"	"https://dl.google.com/dl/android/maven2/androidx/media3/media3-database/1.10.1/media3-database-1.10.1.aar.sha256"	""	""	""	""	""	""	""	""	""	""	""	"DECLARED_RELEASE_CONFIGURATION"
"artifact"	"androidx.media3"	"media3-datasource"	"1.10.1"	"media3-datasource-1.10.1.aar"	"168525"	"e22f9f779047ce951152c793af094593e7cbb52475a82d56fa4f869fd319e700"	"MATCH"	"e22f9f779047ce951152c793af094593e7cbb52475a82d56fa4f869fd319e700"	"https://dl.google.com/dl/android/maven2/androidx/media3/media3-datasource/1.10.1/media3-datasource-1.10.1.aar.sha256"	""	""	""	""	""	""	""	""	""	""	""	"DECLARED_RELEASE_CONFIGURATION"
"artifact"	"androidx.media3"	"media3-decoder"	"1.10.1"	"media3-decoder-1.10.1.aar"	"18270"	"a9fb2b8fa1d54b4a8d6bda98a1c655b04d59c74b3ace7e2503e9e39830f13aee"	"MATCH"	"a9fb2b8fa1d54b4a8d6bda98a1c655b04d59c74b3ace7e2503e9e39830f13aee"	"https://dl.google.com/dl/android/maven2/androidx/media3/media3-decoder/1.10.1/media3-decoder-1.10.1.aar.sha256"	""	""	""	""	""	""	""	""	""	""	""	"DECLARED_RELEASE_CONFIGURATION"
"artifact"	"androidx.media3"	"media3-exoplayer"	"1.10.1"	"media3-exoplayer-1.10.1.aar"	"1696404"	"19090f829afbbb595d67618f59c212f72b433ac01dc72b47594cf42552c8ed61"	"MATCH"	"19090f829afbbb595d67618f59c212f72b433ac01dc72b47594cf42552c8ed61"	"https://dl.google.com/dl/android/maven2/androidx/media3/media3-exoplayer/1.10.1/media3-exoplayer-1.10.1.aar.sha256"	""	""	""	""	""	""	""	""	""	""	""	"DECLARED_RELEASE_CONFIGURATION"
"artifact"	"androidx.media3"	"media3-exoplayer-rtsp"	"1.10.1"	"media3-exoplayer-rtsp-1.10.1.aar"	"154250"	"4aad8a12453ea47db14c778dae3d4b0d8c60d6d89938585874fce0acaa3fd839"	"MATCH"	"4aad8a12453ea47db14c778dae3d4b0d8c60d6d89938585874fce0acaa3fd839"	"https://dl.google.com/dl/android/maven2/androidx/media3/media3-exoplayer-rtsp/1.10.1/media3-exoplayer-rtsp-1.10.1.aar.sha256"	""	""	""	""	""	""	""	""	""	""	""	"DECLARED_RELEASE_CONFIGURATION"
"artifact"	"androidx.media3"	"media3-extractor"	"1.10.1"	"media3-extractor-1.10.1.aar"	"804859"	"3c823279356b64f4215a8c6cb1e6bfa60c533351a651786ad6fa69ad001ef1b1"	"MATCH"	"3c823279356b64f4215a8c6cb1e6bfa60c533351a651786ad6fa69ad001ef1b1"	"https://dl.google.com/dl/android/maven2/androidx/media3/media3-extractor/1.10.1/media3-extractor-1.10.1.aar.sha256"	""	""	""	""	""	""	""	""	""	""	""	"DECLARED_RELEASE_CONFIGURATION"
"artifact"	"androidx.profileinstaller"	"profileinstaller"	"1.3.1"	"profileinstaller-1.3.1.aar"	"47619"	"d0e402ec31f24028a1dc7eb6a0a3f9d9635c1459392cd734396343b73d673948"	"MATCH"	"d0e402ec31f24028a1dc7eb6a0a3f9d9635c1459392cd734396343b73d673948"	"https://dl.google.com/dl/android/maven2/androidx/profileinstaller/profileinstaller/1.3.1/profileinstaller-1.3.1.aar.sha256"	""	""	""	""	""	""	""	""	""	""	""	"DECLARED_RELEASE_CONFIGURATION"
"artifact"	"androidx.profileinstaller"	"profileinstaller"	"1.4.0"	"profileinstaller-1.4.0.aar"	"53890"	"d502141fcce902430f62b674c32aecd0f75262e7ee2cd15c74adb617cd13130a"	"MATCH"	"d502141fcce902430f62b674c32aecd0f75262e7ee2cd15c74adb617cd13130a"	"https://dl.google.com/dl/android/maven2/androidx/profileinstaller/profileinstaller/1.4.0/profileinstaller-1.4.0.aar.sha256"	""	""	""	""	""	""	""	""	""	""	""	"DECLARED_RELEASE_CONFIGURATION"
"artifact"	"androidx.recyclerview"	"recyclerview"	"1.2.1"	"recyclerview-1.2.1.aar"	"393328"	"a1ea0329ee6d938305dfd0f8ce5c48dea2aac14e5606d23e7fb60afcfb655d6e"	"MATCH"	"a1ea0329ee6d938305dfd0f8ce5c48dea2aac14e5606d23e7fb60afcfb655d6e"	"https://dl.google.com/dl/android/maven2/androidx/recyclerview/recyclerview/1.2.1/recyclerview-1.2.1.aar.sha256"	""	""	""	""	""	""	""	""	""	""	""	"DECLARED_RELEASE_CONFIGURATION"
"artifact"	"androidx.resourceinspection"	"resourceinspection-annotation"	"1.0.1"	"resourceinspection-annotation-1.0.1.jar"	"2336"	"8cff870ec6fb31db48a52f4a792335b4bf8de07e03bd37823181526433ccd5cb"	"MATCH"	"8cff870ec6fb31db48a52f4a792335b4bf8de07e03bd37823181526433ccd5cb"	"https://dl.google.com/dl/android/maven2/androidx/resourceinspection/resourceinspection-annotation/1.0.1/resourceinspection-annotation-1.0.1.jar.sha256"	""	""	""	""	""	""	""	""	""	""	""	"DECLARED_RELEASE_CONFIGURATION"
"artifact"	"androidx.room"	"room-common"	"2.6.1"	"room-common-2.6.1.jar"	"61456"	"99326d3eeca4a64671bc8802f1e45f4e6b348e8c7faba230c3854d316809ffcf"	"MATCH"	"99326d3eeca4a64671bc8802f1e45f4e6b348e8c7faba230c3854d316809ffcf"	"https://dl.google.com/dl/android/maven2/androidx/room/room-common/2.6.1/room-common-2.6.1.jar.sha256"	""	""	""	""	""	""	""	""	""	""	""	"DECLARED_RELEASE_CONFIGURATION"
"artifact"	"androidx.room"	"room-compiler"	"2.6.1"	"room-compiler-2.6.1.jar"	"5315997"	"2c103c27918e90b5b436d00f2024b057ab78af4325892e7bab78e7c6f8eed67c"	"MATCH"	"2c103c27918e90b5b436d00f2024b057ab78af4325892e7bab78e7c6f8eed67c"	"https://dl.google.com/dl/android/maven2/androidx/room/room-compiler/2.6.1/room-compiler-2.6.1.jar.sha256"	""	""	""	""	""	""	""	""	""	""	""	"DECLARED_RELEASE_CONFIGURATION"
"artifact"	"androidx.room"	"room-compiler-processing"	"2.6.1"	"room-compiler-processing-2.6.1.jar"	"2417554"	"6ce5f6c1aac61fc44595030cbf9e1c89cc29a29ea764472b4e4a49d272f0a7cd"	"MATCH"	"6ce5f6c1aac61fc44595030cbf9e1c89cc29a29ea764472b4e4a49d272f0a7cd"	"https://dl.google.com/dl/android/maven2/androidx/room/room-compiler-processing/2.6.1/room-compiler-processing-2.6.1.jar.sha256"	""	""	""	""	""	""	""	""	""	""	""	"DECLARED_RELEASE_CONFIGURATION"
"artifact"	"androidx.room"	"room-ktx"	"2.6.1"	"room-ktx-2.6.1.aar"	"39256"	"da4c0cba7efcafa29fbeab1db41984238f25c1a33612c1d60d63b995968d70ca"	"MATCH"	"da4c0cba7efcafa29fbeab1db41984238f25c1a33612c1d60d63b995968d70ca"	"https://dl.google.com/dl/android/maven2/androidx/room/room-ktx/2.6.1/room-ktx-2.6.1.aar.sha256"	""	""	""	""	""	""	""	""	""	""	""	"DECLARED_RELEASE_CONFIGURATION"
"artifact"	"androidx.room"	"room-migration"	"2.6.1"	"room-migration-2.6.1.jar"	"44029"	"0dd380522b6d55ab23902de873effc356e9a8e4fb8bd94dde963222d420a89b9"	"MATCH"	"0dd380522b6d55ab23902de873effc356e9a8e4fb8bd94dde963222d420a89b9"	"https://dl.google.com/dl/android/maven2/androidx/room/room-migration/2.6.1/room-migration-2.6.1.jar.sha256"	""	""	""	""	""	""	""	""	""	""	""	"DECLARED_RELEASE_CONFIGURATION"
"artifact"	"androidx.room"	"room-runtime"	"2.6.1"	"room-runtime-2.6.1.aar"	"242741"	"69624fd7add6ce5bfcc12362cd427341d2910e277ed5a6fcc46132a4899114d0"	"MATCH"	"69624fd7add6ce5bfcc12362cd427341d2910e277ed5a6fcc46132a4899114d0"	"https://dl.google.com/dl/android/maven2/androidx/room/room-runtime/2.6.1/room-runtime-2.6.1.aar.sha256"	""	""	""	""	""	""	""	""	""	""	""	"DECLARED_RELEASE_CONFIGURATION"
"artifact"	"androidx.savedstate"	"savedstate"	"1.2.1"	"savedstate-1.2.1.aar"	"20217"	"21a7d4bcf6bdb94ad7b9283801529300b4fbb8808ca4f191e0cdce6fd8e4705a"	"MATCH"	"21a7d4bcf6bdb94ad7b9283801529300b4fbb8808ca4f191e0cdce6fd8e4705a"	"https://dl.google.com/dl/android/maven2/androidx/savedstate/savedstate/1.2.1/savedstate-1.2.1.aar.sha256"	""	""	""	""	""	""	""	""	""	""	""	"DECLARED_RELEASE_CONFIGURATION"
"artifact"	"androidx.savedstate"	"savedstate-ktx"	"1.2.1"	"savedstate-ktx-1.2.1.aar"	"3375"	"8553f87e7136c24ec5243560f48f1c32cba56daa77722f89589a5cafcb8f7894"	"MATCH"	"8553f87e7136c24ec5243560f48f1c32cba56daa77722f89589a5cafcb8f7894"	"https://dl.google.com/dl/android/maven2/androidx/savedstate/savedstate-ktx/1.2.1/savedstate-ktx-1.2.1.aar.sha256"	""	""	""	""	""	""	""	""	""	""	""	"DECLARED_RELEASE_CONFIGURATION"
"artifact"	"androidx.sqlite"	"sqlite"	"2.4.0"	"sqlite-2.4.0.aar"	"30233"	"bb7fa113112f7e4857496e222e3051d73a910add74bf40761e1bdae55b0216af"	"MATCH"	"bb7fa113112f7e4857496e222e3051d73a910add74bf40761e1bdae55b0216af"	"https://dl.google.com/dl/android/maven2/androidx/sqlite/sqlite/2.4.0/sqlite-2.4.0.aar.sha256"	""	""	""	""	""	""	""	""	""	""	""	"DECLARED_RELEASE_CONFIGURATION"
"artifact"	"androidx.sqlite"	"sqlite-framework"	"2.4.0"	"sqlite-framework-2.4.0.aar"	"32688"	"ca6e503322b2e60374c2b36c95c50b16709d9388fe36e80fb23de1fbf7a6eb95"	"MATCH"	"ca6e503322b2e60374c2b36c95c50b16709d9388fe36e80fb23de1fbf7a6eb95"	"https://dl.google.com/dl/android/maven2/androidx/sqlite/sqlite-framework/2.4.0/sqlite-framework-2.4.0.aar.sha256"	""	""	""	""	""	""	""	""	""	""	""	"DECLARED_RELEASE_CONFIGURATION"
"artifact"	"androidx.startup"	"startup-runtime"	"1.1.1"	"startup-runtime-1.1.1.aar"	"19371"	"e0a6329a371262fe4c450372b70fdaf33b769ef6917094723787cfce896b1dd3"	"MATCH"	"e0a6329a371262fe4c450372b70fdaf33b769ef6917094723787cfce896b1dd3"	"https://dl.google.com/dl/android/maven2/androidx/startup/startup-runtime/1.1.1/startup-runtime-1.1.1.aar.sha256"	""	""	""	""	""	""	""	""	""	""	""	"DECLARED_RELEASE_CONFIGURATION"
"artifact"	"androidx.tracing"	"tracing"	"1.0.0"	"tracing-1.0.0.aar"	"4444"	"07b8b6139665b884a162eccf97891ca50f7f56831233bf25168ae04f7b568612"	"MATCH"	"07b8b6139665b884a162eccf97891ca50f7f56831233bf25168ae04f7b568612"	"https://dl.google.com/dl/android/maven2/androidx/tracing/tracing/1.0.0/tracing-1.0.0.aar.sha256"	""	""	""	""	""	""	""	""	""	""	""	"DECLARED_RELEASE_CONFIGURATION"
"artifact"	"androidx.tracing"	"tracing"	"1.2.0"	"tracing-1.2.0.aar"	"6060"	"6faa90390d1fdbf0adb9a99bf99de67b94c6c6f35aea9510593a9d17973736a2"	"MATCH"	"6faa90390d1fdbf0adb9a99bf99de67b94c6c6f35aea9510593a9d17973736a2"	"https://dl.google.com/dl/android/maven2/androidx/tracing/tracing/1.2.0/tracing-1.2.0.aar.sha256"	""	""	""	""	""	""	""	""	""	""	""	"DECLARED_RELEASE_CONFIGURATION"
"artifact"	"androidx.tracing"	"tracing-ktx"	"1.2.0"	"tracing-ktx-1.2.0.aar"	"6007"	"c33f9cbd931e6190ca38aa09bf8a7a8a19391d4b0fb7a7605a6b59f2d42580d1"	"MATCH"	"c33f9cbd931e6190ca38aa09bf8a7a8a19391d4b0fb7a7605a6b59f2d42580d1"	"https://dl.google.com/dl/android/maven2/androidx/tracing/tracing-ktx/1.2.0/tracing-ktx-1.2.0.aar.sha256"	""	""	""	""	""	""	""	""	""	""	""	"DECLARED_RELEASE_CONFIGURATION"
"artifact"	"androidx.transition"	"transition"	"1.5.0"	"transition-1.5.0.aar"	"181561"	"0aa66a0ea406d25a1091f96a3b753b4b12e44fdc43b91ec52c17831e9c31f54b"	"MATCH"	"0aa66a0ea406d25a1091f96a3b753b4b12e44fdc43b91ec52c17831e9c31f54b"	"https://dl.google.com/dl/android/maven2/androidx/transition/transition/1.5.0/transition-1.5.0.aar.sha256"	""	""	""	""	""	""	""	""	""	""	""	"DECLARED_RELEASE_CONFIGURATION"
"artifact"	"androidx.vectordrawable"	"vectordrawable"	"1.1.0"	"vectordrawable-1.1.0.aar"	"33236"	"46fd633ac01b49b7fcabc263bf098c5a8b9e9a69774d234edcca04fb02df8e26"	"NO_MATCHING_SIDECAR"	""	""	"https://dl.google.com/dl/android/maven2/androidx/vectordrawable/vectordrawable/1.1.0/vectordrawable-1.1.0.aar.sha256 HTTP_404; https://repo.maven.apache.org/maven2/androidx/vectordrawable/vectordrawable/1.1.0/vectordrawable-1.1.0.aar.sha256 HTTP_404"	"NO_SIGNATURE_FOUND"	""	"https://repo.maven.apache.org/maven2/androidx/vectordrawable/vectordrawable/1.1.0/vectordrawable-1.1.0.aar.asc HTTP_404; https://dl.google.com/dl/android/maven2/androidx/vectordrawable/vectordrawable/1.1.0/vectordrawable-1.1.0.aar.asc HTTP_404"	""	"HTTPS_REPOSITORY_BYTES_MATCH_NO_INDEPENDENT_DIGEST"	"https://dl.google.com/dl/android/maven2/androidx/vectordrawable/vectordrawable/1.1.0/vectordrawable-1.1.0.aar"	""	""	""	"46fd633ac01b49b7fcabc263bf098c5a8b9e9a69774d234edcca04fb02df8e26"	"DECLARED_RELEASE_CONFIGURATION"
"artifact"	"androidx.vectordrawable"	"vectordrawable-animated"	"1.1.0"	"vectordrawable-animated-1.1.0.aar"	"34496"	"76da2c502371d9c38054df5e2b248d00da87809ed058f3363eae87ce5e2403f8"	"NO_MATCHING_SIDECAR"	""	""	"https://dl.google.com/dl/android/maven2/androidx/vectordrawable/vectordrawable-animated/1.1.0/vectordrawable-animated-1.1.0.aar.sha256 HTTP_404; https://repo.maven.apache.org/maven2/androidx/vectordrawable/vectordrawable-animated/1.1.0/vectordrawable-animated-1.1.0.aar.sha256 HTTP_404"	"NO_SIGNATURE_FOUND"	""	"https://repo.maven.apache.org/maven2/androidx/vectordrawable/vectordrawable-animated/1.1.0/vectordrawable-animated-1.1.0.aar.asc HTTP_404; https://dl.google.com/dl/android/maven2/androidx/vectordrawable/vectordrawable-animated/1.1.0/vectordrawable-animated-1.1.0.aar.asc HTTP_404"	""	"HTTPS_REPOSITORY_BYTES_MATCH_NO_INDEPENDENT_DIGEST"	"https://dl.google.com/dl/android/maven2/androidx/vectordrawable/vectordrawable-animated/1.1.0/vectordrawable-animated-1.1.0.aar"	""	""	""	"76da2c502371d9c38054df5e2b248d00da87809ed058f3363eae87ce5e2403f8"	"DECLARED_RELEASE_CONFIGURATION"
"artifact"	"androidx.versionedparcelable"	"versionedparcelable"	"1.1.1"	"versionedparcelable-1.1.1.aar"	"31061"	"57e8d93260d18d5b9007c9eed3c64ad159de90c8609ebfc74a347cbd514535a4"	"NO_MATCHING_SIDECAR"	""	""	"https://dl.google.com/dl/android/maven2/androidx/versionedparcelable/versionedparcelable/1.1.1/versionedparcelable-1.1.1.aar.sha256 HTTP_404; https://repo.maven.apache.org/maven2/androidx/versionedparcelable/versionedparcelable/1.1.1/versionedparcelable-1.1.1.aar.sha256 HTTP_404"	"NO_SIGNATURE_FOUND"	""	"https://repo.maven.apache.org/maven2/androidx/versionedparcelable/versionedparcelable/1.1.1/versionedparcelable-1.1.1.aar.asc HTTP_404; https://dl.google.com/dl/android/maven2/androidx/versionedparcelable/versionedparcelable/1.1.1/versionedparcelable-1.1.1.aar.asc HTTP_404"	""	"HTTPS_REPOSITORY_BYTES_MATCH_NO_INDEPENDENT_DIGEST"	"https://dl.google.com/dl/android/maven2/androidx/versionedparcelable/versionedparcelable/1.1.1/versionedparcelable-1.1.1.aar"	""	""	""	"57e8d93260d18d5b9007c9eed3c64ad159de90c8609ebfc74a347cbd514535a4"	"DECLARED_RELEASE_CONFIGURATION"
"artifact"	"androidx.viewpager"	"viewpager"	"1.0.0"	"viewpager-1.0.0.aar"	"53513"	"147af4e14a1984010d8f155e5e19d781f03c1d70dfed02a8e0d18428b8fc8682"	"NO_MATCHING_SIDECAR"	""	""	"https://dl.google.com/dl/android/maven2/androidx/viewpager/viewpager/1.0.0/viewpager-1.0.0.aar.sha256 HTTP_404; https://repo.maven.apache.org/maven2/androidx/viewpager/viewpager/1.0.0/viewpager-1.0.0.aar.sha256 HTTP_404"	"NO_SIGNATURE_FOUND"	""	"https://repo.maven.apache.org/maven2/androidx/viewpager/viewpager/1.0.0/viewpager-1.0.0.aar.asc HTTP_404; https://dl.google.com/dl/android/maven2/androidx/viewpager/viewpager/1.0.0/viewpager-1.0.0.aar.asc HTTP_404"	""	"HTTPS_REPOSITORY_BYTES_MATCH_NO_INDEPENDENT_DIGEST"	"https://dl.google.com/dl/android/maven2/androidx/viewpager/viewpager/1.0.0/viewpager-1.0.0.aar"	""	""	""	"147af4e14a1984010d8f155e5e19d781f03c1d70dfed02a8e0d18428b8fc8682"	"DECLARED_RELEASE_CONFIGURATION"
"artifact"	"androidx.viewpager2"	"viewpager2"	"1.0.0"	"viewpager2-1.0.0.aar"	"61552"	"e95c0031d4cc247cd48196c6287e58d2cee54d9c79b85afea7c90920330275af"	"NO_MATCHING_SIDECAR"	""	""	"https://dl.google.com/dl/android/maven2/androidx/viewpager2/viewpager2/1.0.0/viewpager2-1.0.0.aar.sha256 HTTP_404; https://repo.maven.apache.org/maven2/androidx/viewpager2/viewpager2/1.0.0/viewpager2-1.0.0.aar.sha256 HTTP_404"	"NO_SIGNATURE_FOUND"	""	"https://repo.maven.apache.org/maven2/androidx/viewpager2/viewpager2/1.0.0/viewpager2-1.0.0.aar.asc HTTP_404; https://dl.google.com/dl/android/maven2/androidx/viewpager2/viewpager2/1.0.0/viewpager2-1.0.0.aar.asc HTTP_404"	""	"HTTPS_REPOSITORY_BYTES_MATCH_NO_INDEPENDENT_DIGEST"	"https://dl.google.com/dl/android/maven2/androidx/viewpager2/viewpager2/1.0.0/viewpager2-1.0.0.aar"	""	""	""	"e95c0031d4cc247cd48196c6287e58d2cee54d9c79b85afea7c90920330275af"	"DECLARED_RELEASE_CONFIGURATION"
"artifact"	"androidx.webkit"	"webkit"	"1.12.1"	"webkit-1.12.1.aar"	"173950"	"18a0a51ad129e0c8563f031d46c8a7e61169f56ae84e562a0d75686941262111"	"MATCH"	"18a0a51ad129e0c8563f031d46c8a7e61169f56ae84e562a0d75686941262111"	"https://dl.google.com/dl/android/maven2/androidx/webkit/webkit/1.12.1/webkit-1.12.1.aar.sha256"	""	""	""	""	""	""	""	""	""	""	""	"DECLARED_RELEASE_CONFIGURATION"
"artifact"	"androidx.webkit"	"webkit"	"1.14.0"	"webkit-1.14.0.aar"	"228280"	"265604786ea1c9679e3f860f7f13072375c141f46db9092ed8ef5ecd599a516d"	"MATCH"	"265604786ea1c9679e3f860f7f13072375c141f46db9092ed8ef5ecd599a516d"	"https://dl.google.com/dl/android/maven2/androidx/webkit/webkit/1.14.0/webkit-1.14.0.aar.sha256"	""	""	""	""	""	""	""	""	""	""	""	"DECLARED_RELEASE_CONFIGURATION"
"artifact"	"com.android"	"signflinger"	"8.13.0"	"signflinger-8.13.0.jar"	"15339"	"c1dca2c683634ee1a294298f9c7179578af6a86e080bdc40f961915bc5c8142f"	"MATCH"	"c1dca2c683634ee1a294298f9c7179578af6a86e080bdc40f961915bc5c8142f"	"https://dl.google.com/dl/android/maven2/com/android/signflinger/8.13.0/signflinger-8.13.0.jar.sha256"	"https://repo.maven.apache.org/maven2/com/android/signflinger/8.13.0/signflinger-8.13.0.jar.sha256 HTTP_404"	""	""	""	""	""	""	""	""	""	""	"DECLARED_RELEASE_CONFIGURATION"
"artifact"	"com.android"	"zipflinger"	"8.13.0"	"zipflinger-8.13.0.jar"	"66972"	"07060069c35e469d7c343abc15f1d6362bc1356b81bf462539db88a53ed653f1"	"MATCH"	"07060069c35e469d7c343abc15f1d6362bc1356b81bf462539db88a53ed653f1"	"https://dl.google.com/dl/android/maven2/com/android/zipflinger/8.13.0/zipflinger-8.13.0.jar.sha256"	"https://repo.maven.apache.org/maven2/com/android/zipflinger/8.13.0/zipflinger-8.13.0.jar.sha256 HTTP_404"	""	""	""	""	""	""	""	""	""	""	"DECLARED_RELEASE_CONFIGURATION"
"artifact"	"com.android.databinding"	"baseLibrary"	"8.13.0"	"baseLibrary-8.13.0.jar"	"16749"	"794113709dab21b06c262b3795e73cb708fbacae61715f34361e1af6237a1870"	"MATCH"	"794113709dab21b06c262b3795e73cb708fbacae61715f34361e1af6237a1870"	"https://dl.google.com/dl/android/maven2/com/android/databinding/baseLibrary/8.13.0/baseLibrary-8.13.0.jar.sha256"	""	""	""	""	""	""	""	""	""	""	""	"DECLARED_RELEASE_CONFIGURATION"
"artifact"	"com.android.tools"	"annotations"	"31.13.0"	"annotations-31.13.0.jar"	"10680"	"3b4bb9620c17d19e5bd91ac1988080553573b4c3b739fdd92416f42f2daf3e78"	"MATCH"	"3b4bb9620c17d19e5bd91ac1988080553573b4c3b739fdd92416f42f2daf3e78"	"https://dl.google.com/dl/android/maven2/com/android/tools/annotations/31.13.0/annotations-31.13.0.jar.sha256"	""	""	""	""	""	""	""	""	""	""	""	"DECLARED_RELEASE_CONFIGURATION"
"artifact"	"com.android.tools"	"common"	"31.13.0"	"common-31.13.0.jar"	"592260"	"b4b6f4ba94843c86e1365f294d9085b5f4f14f63fccd0f0e10da7fdbfa4c3d04"	"MATCH"	"b4b6f4ba94843c86e1365f294d9085b5f4f14f63fccd0f0e10da7fdbfa4c3d04"	"https://dl.google.com/dl/android/maven2/com/android/tools/common/31.13.0/common-31.13.0.jar.sha256"	""	""	""	""	""	""	""	""	""	""	""	"DECLARED_RELEASE_CONFIGURATION"
"artifact"	"com.android.tools"	"dvlib"	"31.13.0"	"dvlib-31.13.0.jar"	"61018"	"e3cf3fdc947788dee8d5baa76cb72a66571174bc4741edf0e3bab97a7ca90e1b"	"MATCH"	"e3cf3fdc947788dee8d5baa76cb72a66571174bc4741edf0e3bab97a7ca90e1b"	"https://dl.google.com/dl/android/maven2/com/android/tools/dvlib/31.13.0/dvlib-31.13.0.jar.sha256"	""	""	""	""	""	""	""	""	""	""	""	"DECLARED_RELEASE_CONFIGURATION"
"artifact"	"com.android.tools"	"play-sdk-proto"	"31.13.0"	"play-sdk-proto-31.13.0.jar"	"186631"	"c6fc15a5c203064cfd2c8a176fdeac72ae0a2d743ec47a2e66a0238d8d870b6b"	"MATCH"	"c6fc15a5c203064cfd2c8a176fdeac72ae0a2d743ec47a2e66a0238d8d870b6b"	"https://dl.google.com/dl/android/maven2/com/android/tools/play-sdk-proto/31.13.0/play-sdk-proto-31.13.0.jar.sha256"	""	""	""	""	""	""	""	""	""	""	""	"LINT_RELEASE_TASK_TIME_OBSERVED_CACHE"
"artifact"	"com.android.tools"	"repository"	"31.13.0"	"repository-31.13.0.jar"	"268330"	"e9509b30d088e899948f8cb0d73293c1efd2e1f121fccbbe25d533b648b93fa1"	"MATCH"	"e9509b30d088e899948f8cb0d73293c1efd2e1f121fccbbe25d533b648b93fa1"	"https://dl.google.com/dl/android/maven2/com/android/tools/repository/31.13.0/repository-31.13.0.jar.sha256"	""	""	""	""	""	""	""	""	""	""	""	"DECLARED_RELEASE_CONFIGURATION"
"artifact"	"com.android.tools"	"sdk-common"	"31.13.0"	"sdk-common-31.13.0.jar"	"1759628"	"8cfdf99d6f17689e7dd3bcf1834d734f6dd1c64d8c43904632c65d5469565934"	"MATCH"	"8cfdf99d6f17689e7dd3bcf1834d734f6dd1c64d8c43904632c65d5469565934"	"https://dl.google.com/dl/android/maven2/com/android/tools/sdk-common/31.13.0/sdk-common-31.13.0.jar.sha256"	""	""	""	""	""	""	""	""	""	""	""	"DECLARED_RELEASE_CONFIGURATION"
"artifact"	"com.android.tools"	"sdklib"	"31.13.0"	"sdklib-31.13.0.jar"	"1738301"	"def9b0e7f44e54add385cac1715483724f827f166511ebc0c10319742aa80865"	"MATCH"	"def9b0e7f44e54add385cac1715483724f827f166511ebc0c10319742aa80865"	"https://dl.google.com/dl/android/maven2/com/android/tools/sdklib/31.13.0/sdklib-31.13.0.jar.sha256"	""	""	""	""	""	""	""	""	""	""	""	"DECLARED_RELEASE_CONFIGURATION"
"artifact"	"com.android.tools.analytics-library"	"crash"	"31.13.0"	"crash-31.13.0.jar"	"14889"	"cca97ac29a1329bd310a3e832b6e57f46227e501aa529c00a63df217c5d7df41"	"MATCH"	"cca97ac29a1329bd310a3e832b6e57f46227e501aa529c00a63df217c5d7df41"	"https://dl.google.com/dl/android/maven2/com/android/tools/analytics-library/crash/31.13.0/crash-31.13.0.jar.sha256"	""	""	""	""	""	""	""	""	""	""	""	"DECLARED_RELEASE_CONFIGURATION"
"artifact"	"com.android.tools.analytics-library"	"protos"	"31.13.0"	"protos-31.13.0.jar"	"9027320"	"b2ded20a897fba9649efeb18ba2fc062ee39e500d4eb712045cb0e34b43b5efb"	"MATCH"	"b2ded20a897fba9649efeb18ba2fc062ee39e500d4eb712045cb0e34b43b5efb"	"https://dl.google.com/dl/android/maven2/com/android/tools/analytics-library/protos/31.13.0/protos-31.13.0.jar.sha256"	""	""	""	""	""	""	""	""	""	""	""	"DECLARED_RELEASE_CONFIGURATION"
"artifact"	"com.android.tools.analytics-library"	"shared"	"31.13.0"	"shared-31.13.0.jar"	"128715"	"75435816f202b7a3c84d9caf312a895625a244991f8fc52d0446239e3ae29a9c"	"MATCH"	"75435816f202b7a3c84d9caf312a895625a244991f8fc52d0446239e3ae29a9c"	"https://dl.google.com/dl/android/maven2/com/android/tools/analytics-library/shared/31.13.0/shared-31.13.0.jar.sha256"	""	""	""	""	""	""	""	""	""	""	""	"DECLARED_RELEASE_CONFIGURATION"
"artifact"	"com.android.tools.analytics-library"	"tracker"	"31.13.0"	"tracker-31.13.0.jar"	"43077"	"1b66514bf29152422ee8a19b98e0200d92eb0a3d28048eb4857564e9a1c7b85b"	"MATCH"	"1b66514bf29152422ee8a19b98e0200d92eb0a3d28048eb4857564e9a1c7b85b"	"https://dl.google.com/dl/android/maven2/com/android/tools/analytics-library/tracker/31.13.0/tracker-31.13.0.jar.sha256"	""	""	""	""	""	""	""	""	""	""	""	"DECLARED_RELEASE_CONFIGURATION"
"artifact"	"com.android.tools.build"	"aapt2-proto"	"8.13.0-13719691"	"aapt2-proto-8.13.0-13719691.jar"	"719808"	"6acec63c16c58667f7bb2ab31bc1e84465b113a8347b03fb8955b7eabee1eb69"	"MATCH"	"6acec63c16c58667f7bb2ab31bc1e84465b113a8347b03fb8955b7eabee1eb69"	"https://dl.google.com/dl/android/maven2/com/android/tools/build/aapt2-proto/8.13.0-13719691/aapt2-proto-8.13.0-13719691.jar.sha256"	""	""	""	""	""	""	""	""	""	""	""	"DECLARED_RELEASE_CONFIGURATION"
"artifact"	"com.android.tools.build"	"aaptcompiler"	"8.13.0"	"aaptcompiler-8.13.0.jar"	"496328"	"f5e93ada4a2902a5d818168b4072d081f7cfa042ea6d00656da42173bca7fe7f"	"MATCH"	"f5e93ada4a2902a5d818168b4072d081f7cfa042ea6d00656da42173bca7fe7f"	"https://dl.google.com/dl/android/maven2/com/android/tools/build/aaptcompiler/8.13.0/aaptcompiler-8.13.0.jar.sha256"	""	""	""	""	""	""	""	""	""	""	""	"DECLARED_RELEASE_CONFIGURATION"
"artifact"	"com.android.tools.build"	"apksig"	"8.13.0"	"apksig-8.13.0.jar"	"506969"	"c070ed1394629d74641aa0906f60b2ffa1ee77e6366a1f93437f59717b1aeb89"	"MATCH"	"c070ed1394629d74641aa0906f60b2ffa1ee77e6366a1f93437f59717b1aeb89"	"https://dl.google.com/dl/android/maven2/com/android/tools/build/apksig/8.13.0/apksig-8.13.0.jar.sha256"	""	""	""	""	""	""	""	""	""	""	""	"DECLARED_RELEASE_CONFIGURATION"
"artifact"	"com.android.tools.build"	"apkzlib"	"8.13.0"	"apkzlib-8.13.0.jar"	"210581"	"29091c9457252f997ddfeafb33dd65a373ad45840128f945832d8eafd9118561"	"MATCH"	"29091c9457252f997ddfeafb33dd65a373ad45840128f945832d8eafd9118561"	"https://dl.google.com/dl/android/maven2/com/android/tools/build/apkzlib/8.13.0/apkzlib-8.13.0.jar.sha256"	""	""	""	""	""	""	""	""	""	""	""	"DECLARED_RELEASE_CONFIGURATION"
"artifact"	"com.android.tools.build"	"builder"	"8.13.0"	"builder-8.13.0.jar"	"15802104"	"464aea9ccbf200ded6597d2848254d95229e9782779ea67f972588340812a4a9"	"MATCH"	"464aea9ccbf200ded6597d2848254d95229e9782779ea67f972588340812a4a9"	"https://dl.google.com/dl/android/maven2/com/android/tools/build/builder/8.13.0/builder-8.13.0.jar.sha256"	""	""	""	""	""	""	""	""	""	""	""	"DECLARED_RELEASE_CONFIGURATION"
"artifact"	"com.android.tools.build"	"builder-model"	"8.13.0"	"builder-model-8.13.0.jar"	"138198"	"1a19049980056b7b1321e2c1e0cff6e9f31362bdd833ea7b3f25ea87afb77f50"	"MATCH"	"1a19049980056b7b1321e2c1e0cff6e9f31362bdd833ea7b3f25ea87afb77f50"	"https://dl.google.com/dl/android/maven2/com/android/tools/build/builder-model/8.13.0/builder-model-8.13.0.jar.sha256"	""	""	""	""	""	""	""	""	""	""	""	"DECLARED_RELEASE_CONFIGURATION"
"artifact"	"com.android.tools.build"	"builder-test-api"	"8.13.0"	"builder-test-api-8.13.0.jar"	"15329"	"ab7341dea24e46b229c78b066b3766d965aa92d75c2deb7d55cdbdace3f19d1e"	"MATCH"	"ab7341dea24e46b229c78b066b3766d965aa92d75c2deb7d55cdbdace3f19d1e"	"https://dl.google.com/dl/android/maven2/com/android/tools/build/builder-test-api/8.13.0/builder-test-api-8.13.0.jar.sha256"	""	""	""	""	""	""	""	""	""	""	""	"DECLARED_RELEASE_CONFIGURATION"
"artifact"	"com.android.tools.build"	"bundletool"	"1.18.1"	"bundletool-1.18.1.jar"	"13356668"	"a73341a7945abcb0e6b8971c7b1b2801bd765006447ca0d2437a4260d572ceac"	"MATCH"	"a73341a7945abcb0e6b8971c7b1b2801bd765006447ca0d2437a4260d572ceac"	"https://dl.google.com/dl/android/maven2/com/android/tools/build/bundletool/1.18.1/bundletool-1.18.1.jar.sha256"	""	""	""	""	""	""	""	""	""	""	""	"DECLARED_RELEASE_CONFIGURATION"
"artifact"	"com.android.tools.build"	"gradle"	"8.13.0"	"gradle-8.13.0.jar"	"13104135"	"d0195874497b4ac3eaeb3a8525bf794d3a5b63a9a01084ca9ac330fb63060d01"	"MATCH"	"d0195874497b4ac3eaeb3a8525bf794d3a5b63a9a01084ca9ac330fb63060d01"	"https://dl.google.com/dl/android/maven2/com/android/tools/build/gradle/8.13.0/gradle-8.13.0.jar.sha256"	""	""	""	""	""	""	""	""	""	""	""	"DECLARED_RELEASE_CONFIGURATION"
"artifact"	"com.android.tools.build"	"gradle-api"	"8.13.0"	"gradle-api-8.13.0.jar"	"392739"	"3fec7962a3109f0a6b0b6e27c89ffcee75c88096263f1910d475f2e3b515757e"	"MATCH"	"3fec7962a3109f0a6b0b6e27c89ffcee75c88096263f1910d475f2e3b515757e"	"https://dl.google.com/dl/android/maven2/com/android/tools/build/gradle-api/8.13.0/gradle-api-8.13.0.jar.sha256"	""	""	""	""	""	""	""	""	""	""	""	"DECLARED_RELEASE_CONFIGURATION"
"artifact"	"com.android.tools.build"	"gradle-common-api"	"8.13.0"	"gradle-common-api-8.13.0.jar"	"10974"	"b3a1dcbd5f5ee9ccd7a26a9f87e07134e66eb226634c26eef89e2d3bab81c121"	"MATCH"	"b3a1dcbd5f5ee9ccd7a26a9f87e07134e66eb226634c26eef89e2d3bab81c121"	"https://dl.google.com/dl/android/maven2/com/android/tools/build/gradle-common-api/8.13.0/gradle-common-api-8.13.0.jar.sha256"	""	""	""	""	""	""	""	""	""	""	""	"DECLARED_RELEASE_CONFIGURATION"
"artifact"	"com.android.tools.build"	"gradle-settings-api"	"8.13.0"	"gradle-settings-api-8.13.0.jar"	"10057"	"0bb43c883d33719252e942b2a0a711e480a254237cfdf313e5343aa8ad2d2a5d"	"MATCH"	"0bb43c883d33719252e942b2a0a711e480a254237cfdf313e5343aa8ad2d2a5d"	"https://dl.google.com/dl/android/maven2/com/android/tools/build/gradle-settings-api/8.13.0/gradle-settings-api-8.13.0.jar.sha256"	""	""	""	""	""	""	""	""	""	""	""	"DECLARED_RELEASE_CONFIGURATION"
"artifact"	"com.android.tools.build"	"manifest-merger"	"31.13.0"	"manifest-merger-31.13.0.jar"	"266733"	"3e937088e5cfcc6793d9f2971b164c9cadce10afc2938cd858ea9545a62186d5"	"MATCH"	"3e937088e5cfcc6793d9f2971b164c9cadce10afc2938cd858ea9545a62186d5"	"https://dl.google.com/dl/android/maven2/com/android/tools/build/manifest-merger/31.13.0/manifest-merger-31.13.0.jar.sha256"	""	""	""	""	""	""	""	""	""	""	""	"DECLARED_RELEASE_CONFIGURATION"
"artifact"	"com.android.tools.build"	"transform-api"	"2.0.0-deprecated-use-gradle-api"	"transform-api-2.0.0-deprecated-use-gradle-api.jar"	"261"	"4de4a3d05e1c534c2db9e4588bf34082bb2bd232d8abb9727c430290ce225740"	"NO_MATCHING_SIDECAR"	""	""	"https://dl.google.com/dl/android/maven2/com/android/tools/build/transform-api/2.0.0-deprecated-use-gradle-api/transform-api-2.0.0-deprecated-use-gradle-api.jar.sha256 HTTP_404; https://repo.maven.apache.org/maven2/com/android/tools/build/transform-api/2.0.0-deprecated-use-gradle-api/transform-api-2.0.0-deprecated-use-gradle-api.jar.sha256 HTTP_404"	"SIGNATURE_PRESENT_KEY_UNREVIEWED"	"https://repo.maven.apache.org/maven2/com/android/tools/build/transform-api/2.0.0-deprecated-use-gradle-api/transform-api-2.0.0-deprecated-use-gradle-api.jar.asc"	""	""	"SIGNATURE_ISSUER_HINT_ONLY_NOT_AUTHENTICATED"	"https://repo.maven.apache.org/maven2/com/android/tools/build/transform-api/2.0.0-deprecated-use-gradle-api/transform-api-2.0.0-deprecated-use-gradle-api.jar.asc"	"C4C8CB73B1435348"	""	"740910c52088676d0c7b37bc513013d822cf95b35fed34df23a3f03da50cf5e8"	""	"DECLARED_RELEASE_CONFIGURATION"
"artifact"	"com.android.tools.build.jetifier"	"jetifier-core"	"1.0.0-beta10"	"jetifier-core-1.0.0-beta10.jar"	"128988"	"26abb4a13927d9062169c504c9e94fe80e9ae3a4f7b5ab8875ab007536a91f5e"	"MATCH"	"26abb4a13927d9062169c504c9e94fe80e9ae3a4f7b5ab8875ab007536a91f5e"	"https://dl.google.com/dl/android/maven2/com/android/tools/build/jetifier/jetifier-core/1.0.0-beta10/jetifier-core-1.0.0-beta10.jar.sha256"	""	""	""	""	""	""	""	""	""	""	""	"DECLARED_RELEASE_CONFIGURATION"
"artifact"	"com.android.tools.build.jetifier"	"jetifier-processor"	"1.0.0-beta10"	"jetifier-processor-1.0.0-beta10.jar"	"175068"	"c5067a7b928237a1271a5e9cb5710e9f80b4973293945bc51e3a4c864ea4bfed"	"MATCH"	"c5067a7b928237a1271a5e9cb5710e9f80b4973293945bc51e3a4c864ea4bfed"	"https://dl.google.com/dl/android/maven2/com/android/tools/build/jetifier/jetifier-processor/1.0.0-beta10/jetifier-processor-1.0.0-beta10.jar.sha256"	""	""	""	""	""	""	""	""	""	""	""	"DECLARED_RELEASE_CONFIGURATION"
"artifact"	"com.android.tools.ddms"	"ddmlib"	"31.13.0"	"ddmlib-31.13.0.jar"	"685465"	"839957f961100713ea0eed628a8684cc39aa479631c36249793e6df7e0cd63d8"	"MATCH"	"839957f961100713ea0eed628a8684cc39aa479631c36249793e6df7e0cd63d8"	"https://dl.google.com/dl/android/maven2/com/android/tools/ddms/ddmlib/31.13.0/ddmlib-31.13.0.jar.sha256"	""	""	""	""	""	""	""	""	""	""	""	"DECLARED_RELEASE_CONFIGURATION"
"artifact"	"com.android.tools.external.com-intellij"	"intellij-core"	"31.13.0"	"intellij-core-31.13.0.jar"	"37723447"	"9a6faa6061d0f3d54a64decb61944c1b2c6927f8d325cd298c82c2a8d867ee68"	"MATCH"	"9a6faa6061d0f3d54a64decb61944c1b2c6927f8d325cd298c82c2a8d867ee68"	"https://dl.google.com/dl/android/maven2/com/android/tools/external/com-intellij/intellij-core/31.13.0/intellij-core-31.13.0.jar.sha256"	""	""	""	""	""	"PUBLISHER_SHA256_MATCH_AFTER_EXACT_GRADLE_FETCH"	"https://dl.google.com/dl/android/maven2/com/android/tools/external/com-intellij/intellij-core/31.13.0/intellij-core-31.13.0.jar"	""	""	""	""	"LINT_RELEASE_TASK_TIME_EXACT_PROVISIONED"
"artifact"	"com.android.tools.external.com-intellij"	"kotlin-compiler"	"31.13.0"	"kotlin-compiler-31.13.0.jar"	"51117829"	"552dfaffe295d08504870816c27fc09007e1231fb9b14c1ff9bbf861f9b35990"	"MATCH"	"552dfaffe295d08504870816c27fc09007e1231fb9b14c1ff9bbf861f9b35990"	"https://dl.google.com/dl/android/maven2/com/android/tools/external/com-intellij/kotlin-compiler/31.13.0/kotlin-compiler-31.13.0.jar.sha256"	""	""	""	""	""	"PUBLISHER_SHA256_MATCH_AFTER_EXACT_GRADLE_FETCH"	"https://dl.google.com/dl/android/maven2/com/android/tools/external/com-intellij/kotlin-compiler/31.13.0/kotlin-compiler-31.13.0.jar"	""	""	""	""	"LINT_RELEASE_TASK_TIME_EXACT_PROVISIONED"
"artifact"	"com.android.tools.external.org-jetbrains"	"uast"	"31.13.0"	"uast-31.13.0.jar"	"1905287"	"78f18ac2b2509fb6cb19058e8fc9585c361b97990dd7d5db0c2a94744dfb0a96"	"MATCH"	"78f18ac2b2509fb6cb19058e8fc9585c361b97990dd7d5db0c2a94744dfb0a96"	"https://dl.google.com/dl/android/maven2/com/android/tools/external/org-jetbrains/uast/31.13.0/uast-31.13.0.jar.sha256"	""	""	""	""	""	""	""	""	""	""	""	"LINT_RELEASE_TASK_TIME_OBSERVED_CACHE"
"artifact"	"com.android.tools.layoutlib"	"layoutlib-api"	"31.13.0"	"layoutlib-api-31.13.0.jar"	"122828"	"d06bc650247632a4a4e6596b87312019f45e900267c5476c47a5bfa6e3fd3132"	"MATCH"	"d06bc650247632a4a4e6596b87312019f45e900267c5476c47a5bfa6e3fd3132"	"https://dl.google.com/dl/android/maven2/com/android/tools/layoutlib/layoutlib-api/31.13.0/layoutlib-api-31.13.0.jar.sha256"	""	""	""	""	""	""	""	""	""	""	""	"DECLARED_RELEASE_CONFIGURATION"
"artifact"	"com.android.tools.lint"	"lint"	"31.13.0"	"lint-31.13.0.jar"	"994630"	"7f875a980ee23916439d368d073cfbc2ee4e4d99ffe1b3e13da794fef347f29a"	"MATCH"	"7f875a980ee23916439d368d073cfbc2ee4e4d99ffe1b3e13da794fef347f29a"	"https://dl.google.com/dl/android/maven2/com/android/tools/lint/lint/31.13.0/lint-31.13.0.jar.sha256"	""	""	""	""	""	""	""	""	""	""	""	"LINT_RELEASE_TASK_TIME_OBSERVED_CACHE"
"artifact"	"com.android.tools.lint"	"lint-api"	"31.13.0"	"lint-api-31.13.0.jar"	"1499474"	"8f770657dba33f305e583c62953a4f174c75a7b1cd2da7d31134be36a96ae2ac"	"MATCH"	"8f770657dba33f305e583c62953a4f174c75a7b1cd2da7d31134be36a96ae2ac"	"https://dl.google.com/dl/android/maven2/com/android/tools/lint/lint-api/31.13.0/lint-api-31.13.0.jar.sha256"	""	""	""	""	""	""	""	""	""	""	""	"LINT_RELEASE_TASK_TIME_OBSERVED_CACHE"
"artifact"	"com.android.tools.lint"	"lint-checks"	"31.13.0"	"lint-checks-31.13.0.jar"	"7070496"	"3b64f395ae17fcea104882b00a4acdc7dc691f5daca5dff2bdde89fa052bb199"	"MATCH"	"3b64f395ae17fcea104882b00a4acdc7dc691f5daca5dff2bdde89fa052bb199"	"https://dl.google.com/dl/android/maven2/com/android/tools/lint/lint-checks/31.13.0/lint-checks-31.13.0.jar.sha256"	""	""	""	""	""	""	""	""	""	""	""	"LINT_RELEASE_TASK_TIME_OBSERVED_CACHE"
"artifact"	"com.android.tools.lint"	"lint-gradle"	"31.13.0"	"lint-gradle-31.13.0.jar"	"67273"	"a42b6a41c436d90ca31a13d67afba1157b157efc892a7496f67432bf8a831cbd"	"MATCH"	"a42b6a41c436d90ca31a13d67afba1157b157efc892a7496f67432bf8a831cbd"	"https://dl.google.com/dl/android/maven2/com/android/tools/lint/lint-gradle/31.13.0/lint-gradle-31.13.0.jar.sha256"	""	""	""	""	""	""	""	""	""	""	""	"LINT_RELEASE_TASK_TIME_OBSERVED_CACHE"
"artifact"	"com.android.tools.lint"	"lint-model"	"31.13.0"	"lint-model-31.13.0.jar"	"177051"	"9ee55d8fd002736ed95ee97fb05f4df7ae01f4f976f738fbf37ecab795e59319"	"MATCH"	"9ee55d8fd002736ed95ee97fb05f4df7ae01f4f976f738fbf37ecab795e59319"	"https://dl.google.com/dl/android/maven2/com/android/tools/lint/lint-model/31.13.0/lint-model-31.13.0.jar.sha256"	""	""	""	""	""	""	""	""	""	""	""	"DECLARED_RELEASE_CONFIGURATION"
"artifact"	"com.android.tools.lint"	"lint-typedef-remover"	"31.13.0"	"lint-typedef-remover-31.13.0.jar"	"9553"	"4a3ba3babfd79e6fc67bcef647fb4ecfeaf59b481b108f7c2eba4d1c5c6dea8e"	"MATCH"	"4a3ba3babfd79e6fc67bcef647fb4ecfeaf59b481b108f7c2eba4d1c5c6dea8e"	"https://dl.google.com/dl/android/maven2/com/android/tools/lint/lint-typedef-remover/31.13.0/lint-typedef-remover-31.13.0.jar.sha256"	""	""	""	""	""	""	""	""	""	""	""	"DECLARED_RELEASE_CONFIGURATION"
"artifact"	"com.android.tools.utp"	"android-device-provider-ddmlib-proto"	"31.13.0"	"android-device-provider-ddmlib-proto-31.13.0.jar"	"19113"	"047aecdd66e106137f77a52c442f1b83db7d6e8496899800251f206c7f39de65"	"MATCH"	"047aecdd66e106137f77a52c442f1b83db7d6e8496899800251f206c7f39de65"	"https://dl.google.com/dl/android/maven2/com/android/tools/utp/android-device-provider-ddmlib-proto/31.13.0/android-device-provider-ddmlib-proto-31.13.0.jar.sha256"	""	""	""	""	""	""	""	""	""	""	""	"DECLARED_RELEASE_CONFIGURATION"
"artifact"	"com.android.tools.utp"	"android-device-provider-profile-proto"	"31.13.0"	"android-device-provider-profile-proto-31.13.0.jar"	"28629"	"3e7b098f6e3ecae31b6f7909c343b4ec09aa18d8a89f41bf92077ba4b056f453"	"MATCH"	"3e7b098f6e3ecae31b6f7909c343b4ec09aa18d8a89f41bf92077ba4b056f453"	"https://dl.google.com/dl/android/maven2/com/android/tools/utp/android-device-provider-profile-proto/31.13.0/android-device-provider-profile-proto-31.13.0.jar.sha256"	""	""	""	""	""	""	""	""	""	""	""	"DECLARED_RELEASE_CONFIGURATION"
"artifact"	"com.android.tools.utp"	"android-test-plugin-host-additional-test-output-proto"	"31.13.0"	"android-test-plugin-host-additional-test-output-proto-31.13.0.jar"	"18464"	"6ba7e6ac2208d74c1bb5f1d1464abafc6a45d8710b20455a2dc02adf8726bc83"	"MATCH"	"6ba7e6ac2208d74c1bb5f1d1464abafc6a45d8710b20455a2dc02adf8726bc83"	"https://dl.google.com/dl/android/maven2/com/android/tools/utp/android-test-plugin-host-additional-test-output-proto/31.13.0/android-test-plugin-host-additional-test-output-proto-31.13.0.jar.sha256"	""	""	""	""	""	""	""	""	""	""	""	"DECLARED_RELEASE_CONFIGURATION"
"artifact"	"com.android.tools.utp"	"android-test-plugin-host-apk-installer-proto"	"31.13.0"	"android-test-plugin-host-apk-installer-proto-31.13.0.jar"	"52392"	"4f2b610542e91a35a396b04368a784036e42b8787021460550b9a3495bb8245b"	"MATCH"	"4f2b610542e91a35a396b04368a784036e42b8787021460550b9a3495bb8245b"	"https://dl.google.com/dl/android/maven2/com/android/tools/utp/android-test-plugin-host-apk-installer-proto/31.13.0/android-test-plugin-host-apk-installer-proto-31.13.0.jar.sha256"	""	""	""	""	""	""	""	""	""	""	""	"DECLARED_RELEASE_CONFIGURATION"
"artifact"	"com.android.tools.utp"	"android-test-plugin-host-coverage-proto"	"31.13.0"	"android-test-plugin-host-coverage-proto-31.13.0.jar"	"23527"	"fa86719a3dc5de465f7e0c023184414c27f8fd53a34fd557289c0bf6df340244"	"MATCH"	"fa86719a3dc5de465f7e0c023184414c27f8fd53a34fd557289c0bf6df340244"	"https://dl.google.com/dl/android/maven2/com/android/tools/utp/android-test-plugin-host-coverage-proto/31.13.0/android-test-plugin-host-coverage-proto-31.13.0.jar.sha256"	""	""	""	""	""	""	""	""	""	""	""	"DECLARED_RELEASE_CONFIGURATION"
"artifact"	"com.android.tools.utp"	"android-test-plugin-host-emulator-control-proto"	"31.13.0"	"android-test-plugin-host-emulator-control-proto-31.13.0.jar"	"23051"	"a4f34aae0f9ffa026dbf7151436dd7ae53becb72622b40f2c479cac8943d9319"	"MATCH"	"a4f34aae0f9ffa026dbf7151436dd7ae53becb72622b40f2c479cac8943d9319"	"https://dl.google.com/dl/android/maven2/com/android/tools/utp/android-test-plugin-host-emulator-control-proto/31.13.0/android-test-plugin-host-emulator-control-proto-31.13.0.jar.sha256"	""	""	""	""	""	""	""	""	""	""	""	"DECLARED_RELEASE_CONFIGURATION"
"artifact"	"com.android.tools.utp"	"android-test-plugin-host-logcat-proto"	"31.13.0"	"android-test-plugin-host-logcat-proto-31.13.0.jar"	"13445"	"c1f6ebbacdad559b6efe4eaa29561552b33156395f069cd9703fda09c462dea6"	"MATCH"	"c1f6ebbacdad559b6efe4eaa29561552b33156395f069cd9703fda09c462dea6"	"https://dl.google.com/dl/android/maven2/com/android/tools/utp/android-test-plugin-host-logcat-proto/31.13.0/android-test-plugin-host-logcat-proto-31.13.0.jar.sha256"	""	""	""	""	""	""	""	""	""	""	""	"DECLARED_RELEASE_CONFIGURATION"
"artifact"	"com.android.tools.utp"	"android-test-plugin-result-listener-gradle-proto"	"31.13.0"	"android-test-plugin-result-listener-gradle-proto-31.13.0.jar"	"109814"	"d429b9312dffa0503381d1ee1b18a999bd901e7456612b2fb48c6a5d5a2caf88"	"MATCH"	"d429b9312dffa0503381d1ee1b18a999bd901e7456612b2fb48c6a5d5a2caf88"	"https://dl.google.com/dl/android/maven2/com/android/tools/utp/android-test-plugin-result-listener-gradle-proto/31.13.0/android-test-plugin-result-listener-gradle-proto-31.13.0.jar.sha256"	""	""	""	""	""	""	""	""	""	""	""	"DECLARED_RELEASE_CONFIGURATION"
"artifact"	"com.google.android"	"annotations"	"4.1.1.4"	"annotations-4.1.1.4.jar"	"3120"	"ba734e1e84c09d615af6a09d33034b4f0442f8772dec120efb376d86a565ae15"	"NO_MATCHING_SIDECAR"	""	""	"https://repo.maven.apache.org/maven2/com/google/android/annotations/4.1.1.4/annotations-4.1.1.4.jar.sha256 HTTP_404; https://dl.google.com/dl/android/maven2/com/google/android/annotations/4.1.1.4/annotations-4.1.1.4.jar.sha256 HTTP_404"	"SIGNATURE_PRESENT_KEY_UNREVIEWED"	"https://repo.maven.apache.org/maven2/com/google/android/annotations/4.1.1.4/annotations-4.1.1.4.jar.asc"	""	""	"SIGNATURE_ISSUER_HINT_ONLY_NOT_AUTHENTICATED"	"https://repo.maven.apache.org/maven2/com/google/android/annotations/4.1.1.4/annotations-4.1.1.4.jar.asc"	"79752DB6C966F0B8"	""	"c2e1d46b263cd36b84402e19a84517ce1762a377276d08febb71168f7b0a7373"	""	"DECLARED_RELEASE_CONFIGURATION"
"artifact"	"com.google.android.gms"	"play-services-base"	"18.5.0"	"play-services-base-18.5.0.aar"	"439602"	"59a5c0c2da12311d75d965ce1f419498536b1a167fb28ff7dfc2dfd9cefa4157"	"MATCH"	"59a5c0c2da12311d75d965ce1f419498536b1a167fb28ff7dfc2dfd9cefa4157"	"https://dl.google.com/dl/android/maven2/com/google/android/gms/play-services-base/18.5.0/play-services-base-18.5.0.aar.sha256"	""	""	""	""	""	""	""	""	""	""	""	"DECLARED_RELEASE_CONFIGURATION"
"artifact"	"com.google.android.gms"	"play-services-basement"	"18.4.0"	"play-services-basement-18.4.0.aar"	"286283"	"ce5c936fd66814b3602f5c6a5e929911ff973d4b05f6de9996da596bef97cad2"	"MATCH"	"ce5c936fd66814b3602f5c6a5e929911ff973d4b05f6de9996da596bef97cad2"	"https://dl.google.com/dl/android/maven2/com/google/android/gms/play-services-basement/18.4.0/play-services-basement-18.4.0.aar.sha256"	""	""	""	""	""	""	""	""	""	""	""	"DECLARED_RELEASE_CONFIGURATION"
"artifact"	"com.google.android.gms"	"play-services-location"	"21.3.0"	"play-services-location-21.3.0.aar"	"193052"	"d5024384d5bf66c75edf353d95eb8e7b5bf64483138474c6e2e93e2c2394f842"	"MATCH"	"d5024384d5bf66c75edf353d95eb8e7b5bf64483138474c6e2e93e2c2394f842"	"https://dl.google.com/dl/android/maven2/com/google/android/gms/play-services-location/21.3.0/play-services-location-21.3.0.aar.sha256"	""	""	""	""	""	""	""	""	""	""	""	"DECLARED_RELEASE_CONFIGURATION"
"artifact"	"com.google.android.gms"	"play-services-tasks"	"18.2.0"	"play-services-tasks-18.2.0.aar"	"80343"	"7f2aaa8f502068eaf54356ca92aec04271d6e7c416c52c45c0d23440fcbd1654"	"MATCH"	"7f2aaa8f502068eaf54356ca92aec04271d6e7c416c52c45c0d23440fcbd1654"	"https://dl.google.com/dl/android/maven2/com/google/android/gms/play-services-tasks/18.2.0/play-services-tasks-18.2.0.aar.sha256"	""	""	""	""	""	""	""	""	""	""	""	"DECLARED_RELEASE_CONFIGURATION"
"artifact"	"com.google.android.gms"	"strict-version-matcher-plugin"	"1.2.4"	"strict-version-matcher-plugin-1.2.4.jar"	"43176"	"df1b48b67a3c5fea7267e9e51d20de4757818b6e8ed576484c74c96ea2951200"	"MATCH"	"df1b48b67a3c5fea7267e9e51d20de4757818b6e8ed576484c74c96ea2951200"	"https://dl.google.com/dl/android/maven2/com/google/android/gms/strict-version-matcher-plugin/1.2.4/strict-version-matcher-plugin-1.2.4.jar.sha256"	""	""	""	""	""	""	""	""	""	""	""	"DECLARED_RELEASE_CONFIGURATION"
"artifact"	"com.google.android.material"	"material"	"1.13.0"	"material-1.13.0.aar"	"2500936"	"6d5e1cbb67c05bcdcbbf84005787dafd354a155f59a4d3800fd45fa7eb3689f5"	"MATCH"	"6d5e1cbb67c05bcdcbbf84005787dafd354a155f59a4d3800fd45fa7eb3689f5"	"https://dl.google.com/dl/android/maven2/com/google/android/material/material/1.13.0/material-1.13.0.aar.sha256"	""	""	""	""	""	""	""	""	""	""	""	"DECLARED_RELEASE_CONFIGURATION"
"artifact"	"com.google.api.grpc"	"proto-google-common-protos"	"2.48.0"	"proto-google-common-protos-2.48.0.jar"	"2691740"	"43ec7807459aaa4012e838a1be4ef2d590cf233305da60af5b54f08ec8cf2302"	"NO_MATCHING_SIDECAR"	""	""	"https://repo.maven.apache.org/maven2/com/google/api/grpc/proto-google-common-protos/2.48.0/proto-google-common-protos-2.48.0.jar.sha256 HTTP_404; https://dl.google.com/dl/android/maven2/com/google/api/grpc/proto-google-common-protos/2.48.0/proto-google-common-protos-2.48.0.jar.sha256 HTTP_404"	"SIGNATURE_PRESENT_KEY_UNREVIEWED"	"https://repo.maven.apache.org/maven2/com/google/api/grpc/proto-google-common-protos/2.48.0/proto-google-common-protos-2.48.0.jar.asc"	""	""	"SIGNATURE_ISSUER_HINT_ONLY_NOT_AUTHENTICATED"	"https://repo.maven.apache.org/maven2/com/google/api/grpc/proto-google-common-protos/2.48.0/proto-google-common-protos-2.48.0.jar.asc"	"E16AB52D79FD224F"	"47504B76CF89C15C0512D9AFE16AB52D79FD224F"	"92d50af89657dabfecb4397bccf1c0c7560661ea6d26b74c1b8903dcbea71508"	""	"DECLARED_RELEASE_CONFIGURATION"
"artifact"	"com.google.auto"	"auto-common"	"0.11"	"auto-common-0.11.jar"	"102839"	"ec668cd50a3a66a5def17e6ae67423542e514181c0e9ab5b11959c0ac9c4222a"	"NO_MATCHING_SIDECAR"	""	""	"https://repo.maven.apache.org/maven2/com/google/auto/auto-common/0.11/auto-common-0.11.jar.sha256 HTTP_404; https://dl.google.com/dl/android/maven2/com/google/auto/auto-common/0.11/auto-common-0.11.jar.sha256 HTTP_404"	"SIGNATURE_PRESENT_KEY_UNREVIEWED"	"https://repo.maven.apache.org/maven2/com/google/auto/auto-common/0.11/auto-common-0.11.jar.asc"	""	""	"SIGNATURE_ISSUER_HINT_ONLY_NOT_AUTHENTICATED"	"https://repo.maven.apache.org/maven2/com/google/auto/auto-common/0.11/auto-common-0.11.jar.asc"	"C51E6CBC7FF46F0B"	"3288B8BE8512D6C0CA185268C51E6CBC7FF46F0B"	"14589135605a1b30508f307faefb1b1bdb2eaf6f426395e45adf9bce7b0d3d7a"	""	"DECLARED_RELEASE_CONFIGURATION"
"artifact"	"com.google.auto.value"	"auto-value-annotations"	"1.6.2"	"auto-value-annotations-1.6.2.jar"	"5889"	"b48b04ddba40e8ac33bf036f06fc43995fc5084bd94bdaace807ce27d3bea3fb"	"NO_MATCHING_SIDECAR"	""	""	"https://repo.maven.apache.org/maven2/com/google/auto/value/auto-value-annotations/1.6.2/auto-value-annotations-1.6.2.jar.sha256 HTTP_404; https://dl.google.com/dl/android/maven2/com/google/auto/value/auto-value-annotations/1.6.2/auto-value-annotations-1.6.2.jar.sha256 HTTP_404"	"SIGNATURE_PRESENT_KEY_UNREVIEWED"	"https://repo.maven.apache.org/maven2/com/google/auto/value/auto-value-annotations/1.6.2/auto-value-annotations-1.6.2.jar.asc"	""	""	"SIGNATURE_ISSUER_HINT_ONLY_NOT_AUTHENTICATED"	"https://repo.maven.apache.org/maven2/com/google/auto/value/auto-value-annotations/1.6.2/auto-value-annotations-1.6.2.jar.asc"	"B0F3710FA64900E7"	"C7BE5BCC9FEC15518CFDA882B0F3710FA64900E7"	"e0af10ffafd73ef6a6a2fd6fb4f2f0c0253c4190a648bfb652f8a7df2a0604b0"	""	"DECLARED_RELEASE_CONFIGURATION"
"artifact"	"com.google.auto.value"	"auto-value-annotations"	"1.6.3"	"auto-value-annotations-1.6.3.jar"	"5906"	"0e951fee8c31f60270bc46553a8586001b7b93dbb12aec06373aa99a150392c0"	"NO_MATCHING_SIDECAR"	""	""	"https://repo.maven.apache.org/maven2/com/google/auto/value/auto-value-annotations/1.6.3/auto-value-annotations-1.6.3.jar.sha256 HTTP_404; https://dl.google.com/dl/android/maven2/com/google/auto/value/auto-value-annotations/1.6.3/auto-value-annotations-1.6.3.jar.sha256 HTTP_404"	"SIGNATURE_PRESENT_KEY_UNREVIEWED"	"https://repo.maven.apache.org/maven2/com/google/auto/value/auto-value-annotations/1.6.3/auto-value-annotations-1.6.3.jar.asc"	""	""	"SIGNATURE_ISSUER_HINT_ONLY_NOT_AUTHENTICATED"	"https://repo.maven.apache.org/maven2/com/google/auto/value/auto-value-annotations/1.6.3/auto-value-annotations-1.6.3.jar.asc"	"B0F3710FA64900E7"	"C7BE5BCC9FEC15518CFDA882B0F3710FA64900E7"	"16643a15a0e5a6253cd46b7b3153f61680ab96025e85046e4723ee1b9146a419"	""	"DECLARED_RELEASE_CONFIGURATION"
"artifact"	"com.google.code.findbugs"	"jsr305"	"3.0.2"	"jsr305-3.0.2.jar"	"19936"	"766ad2a0783f2687962c8ad74ceecc38a28b9f72a2d085ee438b7813e928d0c7"	"NO_MATCHING_SIDECAR"	""	""	"https://repo.maven.apache.org/maven2/com/google/code/findbugs/jsr305/3.0.2/jsr305-3.0.2.jar.sha256 HTTP_404; https://dl.google.com/dl/android/maven2/com/google/code/findbugs/jsr305/3.0.2/jsr305-3.0.2.jar.sha256 HTTP_404"	"SIGNATURE_PRESENT_KEY_UNREVIEWED"	"https://repo.maven.apache.org/maven2/com/google/code/findbugs/jsr305/3.0.2/jsr305-3.0.2.jar.asc"	""	""	"SIGNATURE_ISSUER_HINT_ONLY_NOT_AUTHENTICATED"	"https://repo.maven.apache.org/maven2/com/google/code/findbugs/jsr305/3.0.2/jsr305-3.0.2.jar.asc"	"59A252FB1199D873"	""	"5c45ac26d1b1969482b34c0f3d3651d5cba4657bbe7aca96602dc50d29c6b49b"	""	"DECLARED_RELEASE_CONFIGURATION"
"artifact"	"com.google.code.gson"	"gson"	"2.10.1"	"gson-2.10.1.jar"	"283367"	"4241c14a7727c34feea6507ec801318a3d4a90f070e4525681079fb94ee4c593"	"NO_MATCHING_SIDECAR"	""	""	"https://repo.maven.apache.org/maven2/com/google/code/gson/gson/2.10.1/gson-2.10.1.jar.sha256 HTTP_404; https://dl.google.com/dl/android/maven2/com/google/code/gson/gson/2.10.1/gson-2.10.1.jar.sha256 HTTP_404"	"SIGNATURE_PRESENT_KEY_UNREVIEWED"	"https://repo.maven.apache.org/maven2/com/google/code/gson/gson/2.10.1/gson-2.10.1.jar.asc"	""	""	"SIGNATURE_ISSUER_HINT_ONLY_NOT_AUTHENTICATED"	"https://repo.maven.apache.org/maven2/com/google/code/gson/gson/2.10.1/gson-2.10.1.jar.asc"	"B0F3710FA64900E7"	""	"179a3cd22c80cabeeed82eec04fdab5b83c08919a99a72ffc24c1de969e9f698"	""	"DECLARED_RELEASE_CONFIGURATION"
"artifact"	"com.google.code.gson"	"gson"	"2.11.0"	"gson-2.11.0.jar"	"298435"	"57928d6e5a6edeb2abd3770a8f95ba44dce45f3b23b7a9dc2b309c581552a78b"	"NO_MATCHING_SIDECAR"	""	""	"https://repo.maven.apache.org/maven2/com/google/code/gson/gson/2.11.0/gson-2.11.0.jar.sha256 HTTP_404; https://dl.google.com/dl/android/maven2/com/google/code/gson/gson/2.11.0/gson-2.11.0.jar.sha256 HTTP_404"	"SIGNATURE_PRESENT_KEY_UNREVIEWED"	"https://repo.maven.apache.org/maven2/com/google/code/gson/gson/2.11.0/gson-2.11.0.jar.asc"	""	""	"SIGNATURE_ISSUER_HINT_ONLY_NOT_AUTHENTICATED"	"https://repo.maven.apache.org/maven2/com/google/code/gson/gson/2.11.0/gson-2.11.0.jar.asc"	"B0F3710FA64900E7"	"C7BE5BCC9FEC15518CFDA882B0F3710FA64900E7"	"de8da5702240e1c1cb244d86bd644c0929ff1a13dca1609da82f972a22c06acd"	""	"DECLARED_RELEASE_CONFIGURATION"
"artifact"	"com.google.code.gson"	"gson"	"2.13.2"	"gson-2.13.2.jar"	"289901"	"dd0ce1b55a3ed2080cb70f9c655850cda86c206862310009dcb5e5c95265a5e0"	"MATCH"	"dd0ce1b55a3ed2080cb70f9c655850cda86c206862310009dcb5e5c95265a5e0"	"https://repo.maven.apache.org/maven2/com/google/code/gson/gson/2.13.2/gson-2.13.2.jar.sha256"	""	""	""	""	""	""	""	""	""	""	""	"DECLARED_RELEASE_CONFIGURATION"
"artifact"	"com.google.code.gson"	"gson"	"2.9.0"	"gson-2.9.0.jar"	"249277"	"c96d60551331a196dac54b745aa642cd078ef89b6f267146b705f2c2cbef052d"	"NO_MATCHING_SIDECAR"	""	""	"https://repo.maven.apache.org/maven2/com/google/code/gson/gson/2.9.0/gson-2.9.0.jar.sha256 HTTP_404; https://dl.google.com/dl/android/maven2/com/google/code/gson/gson/2.9.0/gson-2.9.0.jar.sha256 HTTP_404"	"SIGNATURE_PRESENT_KEY_UNREVIEWED"	"https://repo.maven.apache.org/maven2/com/google/code/gson/gson/2.9.0/gson-2.9.0.jar.asc"	""	""	"SIGNATURE_ISSUER_HINT_ONLY_NOT_AUTHENTICATED"	"https://repo.maven.apache.org/maven2/com/google/code/gson/gson/2.9.0/gson-2.9.0.jar.asc"	"B0F3710FA64900E7"	""	"2b73bc43b902eca0e672badd34ba6da0d69d6848a4d15d184e89176c97a8a8e5"	""	"DECLARED_RELEASE_CONFIGURATION"
"artifact"	"com.google.crypto.tink"	"tink"	"1.7.0"	"tink-1.7.0.jar"	"1814861"	"88970a456a08ba4c66b01b23e5846ca1095cc14e54cb48363e5d2e15a1307308"	"NO_MATCHING_SIDECAR"	""	""	"https://repo.maven.apache.org/maven2/com/google/crypto/tink/tink/1.7.0/tink-1.7.0.jar.sha256 HTTP_404; https://dl.google.com/dl/android/maven2/com/google/crypto/tink/tink/1.7.0/tink-1.7.0.jar.sha256 HTTP_404"	"SIGNATURE_PRESENT_KEY_UNREVIEWED"	"https://repo.maven.apache.org/maven2/com/google/crypto/tink/tink/1.7.0/tink-1.7.0.jar.asc"	""	""	"SIGNATURE_ISSUER_HINT_ONLY_NOT_AUTHENTICATED"	"https://repo.maven.apache.org/maven2/com/google/crypto/tink/tink/1.7.0/tink-1.7.0.jar.asc"	"296CD27F60EED12C"	"4BF79B8259007B566D2FCE82296CD27F60EED12C"	"5d1b410893191d2f71b7455c9607ad1dc3f8ddbeff68a184e2c2fd31083f044b"	""	"DECLARED_RELEASE_CONFIGURATION"
"artifact"	"com.google.dagger"	"dagger"	"2.28.3"	"dagger-2.28.3.jar"	"34413"	"f1dd23f8ae34a8e91366723991ead0d6499d1a3e9163ce550c200b02d76a872b"	"NO_MATCHING_SIDECAR"	""	""	"https://repo.maven.apache.org/maven2/com/google/dagger/dagger/2.28.3/dagger-2.28.3.jar.sha256 HTTP_404; https://dl.google.com/dl/android/maven2/com/google/dagger/dagger/2.28.3/dagger-2.28.3.jar.sha256 HTTP_404"	"SIGNATURE_PRESENT_KEY_UNREVIEWED"	"https://repo.maven.apache.org/maven2/com/google/dagger/dagger/2.28.3/dagger-2.28.3.jar.asc"	""	""	"SIGNATURE_ISSUER_HINT_ONLY_NOT_AUTHENTICATED"	"https://repo.maven.apache.org/maven2/com/google/dagger/dagger/2.28.3/dagger-2.28.3.jar.asc"	"34918B7D3969D2F5"	"4F8FEC6785F611D9A712EA2734918B7D3969D2F5"	"e2bc8521c2110d397d236ce9cfa9bbd8faac646ce2ddcfab2431efe7fad0df02"	""	"DECLARED_RELEASE_CONFIGURATION"
"artifact"	"com.google.devtools.ksp"	"symbol-processing"	"2.1.0-1.0.29"	"symbol-processing-2.1.0-1.0.29.jar"	"1113192"	"7150a9ccf4e6d7276802364be35d6a29c2abbac6477e79ae19ef0e5b61a8d27a"	"MATCH"	"7150a9ccf4e6d7276802364be35d6a29c2abbac6477e79ae19ef0e5b61a8d27a"	"https://repo.maven.apache.org/maven2/com/google/devtools/ksp/symbol-processing/2.1.0-1.0.29/symbol-processing-2.1.0-1.0.29.jar.sha256"	""	""	""	""	""	""	""	""	""	""	""	"DECLARED_RELEASE_CONFIGURATION"
"artifact"	"com.google.devtools.ksp"	"symbol-processing-api"	"1.9.0-1.0.13"	"symbol-processing-api-1.9.0-1.0.13.jar"	"119453"	"76b7d149b26c014b47f8b408ec8a18a59c79ccbb85bea0e60b5e49585250f140"	"MATCH"	"76b7d149b26c014b47f8b408ec8a18a59c79ccbb85bea0e60b5e49585250f140"	"https://repo.maven.apache.org/maven2/com/google/devtools/ksp/symbol-processing-api/1.9.0-1.0.13/symbol-processing-api-1.9.0-1.0.13.jar.sha256"	""	""	""	""	""	""	""	""	""	""	""	"DECLARED_RELEASE_CONFIGURATION"
"artifact"	"com.google.devtools.ksp"	"symbol-processing-api"	"2.1.0-1.0.29"	"symbol-processing-api-2.1.0-1.0.29.jar"	"121689"	"35e126d0af791641dfbcb5102eed3744bc1f5b38ce70d6a7046e8f5bba6b998d"	"MATCH"	"35e126d0af791641dfbcb5102eed3744bc1f5b38ce70d6a7046e8f5bba6b998d"	"https://repo.maven.apache.org/maven2/com/google/devtools/ksp/symbol-processing-api/2.1.0-1.0.29/symbol-processing-api-2.1.0-1.0.29.jar.sha256"	""	""	""	""	""	""	""	""	""	""	""	"DECLARED_RELEASE_CONFIGURATION"
"artifact"	"com.google.devtools.ksp"	"symbol-processing-cmdline"	"2.1.0-1.0.29"	"symbol-processing-cmdline-2.1.0-1.0.29.jar"	"1110164"	"34c4d5c1c78577e62a1a292d4438ae6bfbb230d1ab56164feccf23abdeb9a96a"	"MATCH"	"34c4d5c1c78577e62a1a292d4438ae6bfbb230d1ab56164feccf23abdeb9a96a"	"https://repo.maven.apache.org/maven2/com/google/devtools/ksp/symbol-processing-cmdline/2.1.0-1.0.29/symbol-processing-cmdline-2.1.0-1.0.29.jar.sha256"	""	""	""	""	""	""	""	""	""	""	""	"DECLARED_RELEASE_CONFIGURATION"
"artifact"	"com.google.devtools.ksp"	"symbol-processing-common-deps"	"2.1.0-1.0.29"	"symbol-processing-common-deps-2.1.0-1.0.29.jar"	"109757"	"a74ff0e922fba5b27cd7ce49025c9ea4d73f824d2a3ac0c2697b39bc12da9b92"	"MATCH"	"a74ff0e922fba5b27cd7ce49025c9ea4d73f824d2a3ac0c2697b39bc12da9b92"	"https://repo.maven.apache.org/maven2/com/google/devtools/ksp/symbol-processing-common-deps/2.1.0-1.0.29/symbol-processing-common-deps-2.1.0-1.0.29.jar.sha256"	""	""	""	""	""	""	""	""	""	""	""	"DECLARED_RELEASE_CONFIGURATION"
"artifact"	"com.google.devtools.ksp"	"symbol-processing-gradle-plugin"	"2.1.0-1.0.29"	"symbol-processing-gradle-plugin-2.1.0-1.0.29.jar"	"198014"	"d68d5a99bce275bafaeb108448b9ad473b1b062564b11f1ad65bd0b5b3942b92"	"MATCH"	"d68d5a99bce275bafaeb108448b9ad473b1b062564b11f1ad65bd0b5b3942b92"	"https://repo.maven.apache.org/maven2/com/google/devtools/ksp/symbol-processing-gradle-plugin/2.1.0-1.0.29/symbol-processing-gradle-plugin-2.1.0-1.0.29.jar.sha256"	""	""	""	""	""	""	""	""	""	""	""	"DECLARED_RELEASE_CONFIGURATION"
"artifact"	"com.google.errorprone"	"error_prone_annotations"	"2.11.0"	"error_prone_annotations-2.11.0.jar"	"15979"	"721cb91842b46fa056847d104d5225c8b8e1e8b62263b993051e1e5a0137b7ec"	"NO_MATCHING_SIDECAR"	""	""	"https://repo.maven.apache.org/maven2/com/google/errorprone/error_prone_annotations/2.11.0/error_prone_annotations-2.11.0.jar.sha256 HTTP_404; https://dl.google.com/dl/android/maven2/com/google/errorprone/error_prone_annotations/2.11.0/error_prone_annotations-2.11.0.jar.sha256 HTTP_404"	"SIGNATURE_PRESENT_KEY_UNREVIEWED"	"https://repo.maven.apache.org/maven2/com/google/errorprone/error_prone_annotations/2.11.0/error_prone_annotations-2.11.0.jar.asc"	""	""	"SIGNATURE_ISSUER_HINT_ONLY_NOT_AUTHENTICATED"	"https://repo.maven.apache.org/maven2/com/google/errorprone/error_prone_annotations/2.11.0/error_prone_annotations-2.11.0.jar.asc"	"9A259C7EE636C5ED"	"E77417AC194160A3FABD04969A259C7EE636C5ED"	"a51815d372f071da72fe2f84996b440123d51a92a32a747005672ddbc6a0f707"	""	"DECLARED_RELEASE_CONFIGURATION"
"artifact"	"com.google.errorprone"	"error_prone_annotations"	"2.15.0"	"error_prone_annotations-2.15.0.jar"	"16023"	"067047714349e7789a5bdbfad9d1c0af9f3a1eb28c55a0ee3f68e682f905c4eb"	"NO_MATCHING_SIDECAR"	""	""	"https://repo.maven.apache.org/maven2/com/google/errorprone/error_prone_annotations/2.15.0/error_prone_annotations-2.15.0.jar.sha256 HTTP_404; https://dl.google.com/dl/android/maven2/com/google/errorprone/error_prone_annotations/2.15.0/error_prone_annotations-2.15.0.jar.sha256 HTTP_404"	"SIGNATURE_PRESENT_KEY_UNREVIEWED"	"https://repo.maven.apache.org/maven2/com/google/errorprone/error_prone_annotations/2.15.0/error_prone_annotations-2.15.0.jar.asc"	""	""	"SIGNATURE_ISSUER_HINT_ONLY_NOT_AUTHENTICATED"	"https://repo.maven.apache.org/maven2/com/google/errorprone/error_prone_annotations/2.15.0/error_prone_annotations-2.15.0.jar.asc"	"D364ABAA39A47320"	"EE0CA873074092F806F59B65D364ABAA39A47320"	"55fe0d035ea994d0b2e15ad0d915d047cb089b41f281e005a078cc966882d8d2"	""	"DECLARED_RELEASE_CONFIGURATION"
"artifact"	"com.google.errorprone"	"error_prone_annotations"	"2.28.0"	"error_prone_annotations-2.28.0.jar"	"19370"	"f3fc8a3a0a4020706a373b00e7f57c2512dd26d1f83d28c7d38768f8682b231e"	"NO_MATCHING_SIDECAR"	""	""	"https://repo.maven.apache.org/maven2/com/google/errorprone/error_prone_annotations/2.28.0/error_prone_annotations-2.28.0.jar.sha256 HTTP_404; https://dl.google.com/dl/android/maven2/com/google/errorprone/error_prone_annotations/2.28.0/error_prone_annotations-2.28.0.jar.sha256 HTTP_404"	"SIGNATURE_PRESENT_KEY_UNREVIEWED"	"https://repo.maven.apache.org/maven2/com/google/errorprone/error_prone_annotations/2.28.0/error_prone_annotations-2.28.0.jar.asc"	""	""	"SIGNATURE_ISSUER_HINT_ONLY_NOT_AUTHENTICATED"	"https://repo.maven.apache.org/maven2/com/google/errorprone/error_prone_annotations/2.28.0/error_prone_annotations-2.28.0.jar.asc"	"D364ABAA39A47320"	"EE0CA873074092F806F59B65D364ABAA39A47320"	"042aff91021c65c28a2a0826fd7dbc7e4b3751100bfa973e7a5b44e10041c723"	""	"LINT_RELEASE_TASK_TIME_OBSERVED_CACHE"
"artifact"	"com.google.errorprone"	"error_prone_annotations"	"2.30.0"	"error_prone_annotations-2.30.0.jar"	"19367"	"144f3aefbd6e27daec55d3753b2c6b13c1afdaf0cf04816cdb564588ed92f1bd"	"NO_MATCHING_SIDECAR"	""	""	"https://repo.maven.apache.org/maven2/com/google/errorprone/error_prone_annotations/2.30.0/error_prone_annotations-2.30.0.jar.sha256 HTTP_404; https://dl.google.com/dl/android/maven2/com/google/errorprone/error_prone_annotations/2.30.0/error_prone_annotations-2.30.0.jar.sha256 HTTP_404"	"SIGNATURE_PRESENT_KEY_UNREVIEWED"	"https://repo.maven.apache.org/maven2/com/google/errorprone/error_prone_annotations/2.30.0/error_prone_annotations-2.30.0.jar.asc"	""	""	"SIGNATURE_ISSUER_HINT_ONLY_NOT_AUTHENTICATED"	"https://repo.maven.apache.org/maven2/com/google/errorprone/error_prone_annotations/2.30.0/error_prone_annotations-2.30.0.jar.asc"	"D364ABAA39A47320"	"EE0CA873074092F806F59B65D364ABAA39A47320"	"d44eb6b539b0166278aa29ed56580b2d77c2c78b85db346bbb2ccfbcece737d8"	""	"DECLARED_RELEASE_CONFIGURATION"
"artifact"	"com.google.errorprone"	"error_prone_annotations"	"2.41.0"	"error_prone_annotations-2.41.0.jar"	"20389"	"a56e782b5b50811ac204073a355a21d915a2107fce13ec711331ad036f660fcc"	"MATCH"	"a56e782b5b50811ac204073a355a21d915a2107fce13ec711331ad036f660fcc"	"https://repo.maven.apache.org/maven2/com/google/errorprone/error_prone_annotations/2.41.0/error_prone_annotations-2.41.0.jar.sha256"	""	""	""	""	""	""	""	""	""	""	""	"DECLARED_RELEASE_CONFIGURATION"
"artifact"	"com.google.flatbuffers"	"flatbuffers-java"	"1.12.0"	"flatbuffers-java-1.12.0.jar"	"64873"	"3f8c088b4dd04a9858721f2e162508c94db0dd86f961e306ee63ef2eda871bf7"	"NO_MATCHING_SIDECAR"	""	""	"https://repo.maven.apache.org/maven2/com/google/flatbuffers/flatbuffers-java/1.12.0/flatbuffers-java-1.12.0.jar.sha256 HTTP_404; https://dl.google.com/dl/android/maven2/com/google/flatbuffers/flatbuffers-java/1.12.0/flatbuffers-java-1.12.0.jar.sha256 HTTP_404"	"SIGNATURE_PRESENT_KEY_UNREVIEWED"	"https://repo.maven.apache.org/maven2/com/google/flatbuffers/flatbuffers-java/1.12.0/flatbuffers-java-1.12.0.jar.asc"	""	""	"SIGNATURE_ISSUER_HINT_ONLY_NOT_AUTHENTICATED"	"https://repo.maven.apache.org/maven2/com/google/flatbuffers/flatbuffers-java/1.12.0/flatbuffers-java-1.12.0.jar.asc"	"7FE9900F412D622E"	"BCC135FC7ED8214F823D73E97FE9900F412D622E"	"de7172156439b5235199f57fd9f7897d9b8ca3560cefe363365e98d33ea2d910"	""	"DECLARED_RELEASE_CONFIGURATION"
"artifact"	"com.google.gms"	"google-services"	"4.4.4"	"google-services-4.4.4.jar"	"42747"	"7a6579dfee3aa1bd0564d72f9c91d75bde715b44bc484eefc984841c642540cd"	"MATCH"	"7a6579dfee3aa1bd0564d72f9c91d75bde715b44bc484eefc984841c642540cd"	"https://dl.google.com/dl/android/maven2/com/google/gms/google-services/4.4.4/google-services-4.4.4.jar.sha256"	""	""	""	""	""	""	""	""	""	""	""	"DECLARED_RELEASE_CONFIGURATION"
"artifact"	"com.google.guava"	"failureaccess"	"1.0.1"	"failureaccess-1.0.1.jar"	"4617"	"a171ee4c734dd2da837e4b16be9df4661afab72a41adaf31eb84dfdaf936ca26"	"NO_MATCHING_SIDECAR"	""	""	"https://repo.maven.apache.org/maven2/com/google/guava/failureaccess/1.0.1/failureaccess-1.0.1.jar.sha256 HTTP_404; https://dl.google.com/dl/android/maven2/com/google/guava/failureaccess/1.0.1/failureaccess-1.0.1.jar.sha256 HTTP_404"	"SIGNATURE_PRESENT_KEY_UNREVIEWED"	"https://repo.maven.apache.org/maven2/com/google/guava/failureaccess/1.0.1/failureaccess-1.0.1.jar.asc"	""	""	"SIGNATURE_ISSUER_HINT_ONLY_NOT_AUTHENTICATED"	"https://repo.maven.apache.org/maven2/com/google/guava/failureaccess/1.0.1/failureaccess-1.0.1.jar.asc"	"ABE9F3126BB741C1"	"694621A7227D8D5289699830ABE9F3126BB741C1"	"c2a8aa58236ddb910edf8de160d9302aae893ad987aa2245eaf98f0fd5208e09"	""	"DECLARED_RELEASE_CONFIGURATION"
"artifact"	"com.google.guava"	"failureaccess"	"1.0.2"	"failureaccess-1.0.2.jar"	"4740"	"8a8f81cf9b359e3f6dfa691a1e776985c061ef2f223c9b2c80753e1b458e8064"	"NO_MATCHING_SIDECAR"	""	""	"https://repo.maven.apache.org/maven2/com/google/guava/failureaccess/1.0.2/failureaccess-1.0.2.jar.sha256 HTTP_404; https://dl.google.com/dl/android/maven2/com/google/guava/failureaccess/1.0.2/failureaccess-1.0.2.jar.sha256 HTTP_404"	"SIGNATURE_PRESENT_KEY_UNREVIEWED"	"https://repo.maven.apache.org/maven2/com/google/guava/failureaccess/1.0.2/failureaccess-1.0.2.jar.asc"	""	""	"SIGNATURE_ISSUER_HINT_ONLY_NOT_AUTHENTICATED"	"https://repo.maven.apache.org/maven2/com/google/guava/failureaccess/1.0.2/failureaccess-1.0.2.jar.asc"	"F6D4A1D411E9D1AE"	"BDB5FA4FE719D787FB3D3197F6D4A1D411E9D1AE"	"194761881301ae2e216cbc516ab349abb282140fb24e99ea4a21f6ac584d9b50"	""	"DECLARED_RELEASE_CONFIGURATION"
"artifact"	"com.google.guava"	"guava"	"31.1-jre"	"guava-31.1-jre.jar"	"2959479"	"a42edc9cab792e39fe39bb94f3fca655ed157ff87a8af78e1d6ba5b07c4a00ab"	"NO_MATCHING_SIDECAR"	""	""	"https://repo.maven.apache.org/maven2/com/google/guava/guava/31.1-jre/guava-31.1-jre.jar.sha256 HTTP_404; https://dl.google.com/dl/android/maven2/com/google/guava/guava/31.1-jre/guava-31.1-jre.jar.sha256 HTTP_404"	"SIGNATURE_PRESENT_KEY_UNREVIEWED"	"https://repo.maven.apache.org/maven2/com/google/guava/guava/31.1-jre/guava-31.1-jre.jar.asc"	""	""	"SIGNATURE_ISSUER_HINT_ONLY_NOT_AUTHENTICATED"	"https://repo.maven.apache.org/maven2/com/google/guava/guava/31.1-jre/guava-31.1-jre.jar.asc"	"F6D4A1D411E9D1AE"	"BDB5FA4FE719D787FB3D3197F6D4A1D411E9D1AE"	"1f65782dceeb702cd5cc1adbbdb8d4f305ca19cba46203b58a09e210a72cbedf"	""	"DECLARED_RELEASE_CONFIGURATION"
"artifact"	"com.google.guava"	"guava"	"33.3.1-android"	"guava-33.3.1-android.jar"	"2918070"	"2c3e41d1b380f2044d257947a3aa82dabf3ae4b978622745254aa18b6cf89ab0"	"NO_MATCHING_SIDECAR"	""	""	"https://repo.maven.apache.org/maven2/com/google/guava/guava/33.3.1-android/guava-33.3.1-android.jar.sha256 HTTP_404; https://dl.google.com/dl/android/maven2/com/google/guava/guava/33.3.1-android/guava-33.3.1-android.jar.sha256 HTTP_404"	"SIGNATURE_PRESENT_KEY_UNREVIEWED"	"https://repo.maven.apache.org/maven2/com/google/guava/guava/33.3.1-android/guava-33.3.1-android.jar.asc"	""	""	"SIGNATURE_ISSUER_HINT_ONLY_NOT_AUTHENTICATED"	"https://repo.maven.apache.org/maven2/com/google/guava/guava/33.3.1-android/guava-33.3.1-android.jar.asc"	"F6D4A1D411E9D1AE"	"BDB5FA4FE719D787FB3D3197F6D4A1D411E9D1AE"	"81f29a99f75c20cc66bcf5a324bb285aee18b832c45603d40a20524f5eb2c6f7"	""	"DECLARED_RELEASE_CONFIGURATION"
"artifact"	"com.google.guava"	"guava"	"33.3.1-jre"	"guava-33.3.1-jre.jar"	"3079289"	"4bf0e2c5af8e4525c96e8fde17a4f7307f97f8478f11c4c8e35a0e3298ae4e90"	"NO_MATCHING_SIDECAR"	""	""	"https://repo.maven.apache.org/maven2/com/google/guava/guava/33.3.1-jre/guava-33.3.1-jre.jar.sha256 HTTP_404; https://dl.google.com/dl/android/maven2/com/google/guava/guava/33.3.1-jre/guava-33.3.1-jre.jar.sha256 HTTP_404"	"SIGNATURE_PRESENT_KEY_UNREVIEWED"	"https://repo.maven.apache.org/maven2/com/google/guava/guava/33.3.1-jre/guava-33.3.1-jre.jar.asc"	""	""	"SIGNATURE_ISSUER_HINT_ONLY_NOT_AUTHENTICATED"	"https://repo.maven.apache.org/maven2/com/google/guava/guava/33.3.1-jre/guava-33.3.1-jre.jar.asc"	"F6D4A1D411E9D1AE"	"BDB5FA4FE719D787FB3D3197F6D4A1D411E9D1AE"	"6b77a0635ec4b01ce409bcd82e0f5a7e248f1c4f2adc744039f11062c15b3562"	""	"DECLARED_RELEASE_CONFIGURATION"
"artifact"	"com.google.guava"	"listenablefuture"	"1.0"	"listenablefuture-1.0.jar"	"3149"	"e4ad7607e5c0477c6f890ef26a49cb8d1bb4dffb650bab4502afee64644e3069"	"NO_MATCHING_SIDECAR"	""	""	"https://repo.maven.apache.org/maven2/com/google/guava/listenablefuture/1.0/listenablefuture-1.0.jar.sha256 HTTP_404; https://dl.google.com/dl/android/maven2/com/google/guava/listenablefuture/1.0/listenablefuture-1.0.jar.sha256 HTTP_404"	"SIGNATURE_PRESENT_KEY_UNREVIEWED"	"https://repo.maven.apache.org/maven2/com/google/guava/listenablefuture/1.0/listenablefuture-1.0.jar.asc"	""	""	"SIGNATURE_ISSUER_HINT_ONLY_NOT_AUTHENTICATED"	"https://repo.maven.apache.org/maven2/com/google/guava/listenablefuture/1.0/listenablefuture-1.0.jar.asc"	"F6D4A1D411E9D1AE"	"BDB5FA4FE719D787FB3D3197F6D4A1D411E9D1AE"	"ab911f9876b9f554f88ad58a41403462ad4c3c7647758ffb76035bf2aac5be1d"	""	"DECLARED_RELEASE_CONFIGURATION"
"artifact"	"com.google.guava"	"listenablefuture"	"9999.0-empty-to-avoid-conflict-with-guava"	"listenablefuture-9999.0-empty-to-avoid-conflict-with-guava.jar"	"2199"	"b372a037d4230aa57fbeffdef30fd6123f9c0c2db85d0aced00c91b974f33f99"	"NO_MATCHING_SIDECAR"	""	""	"https://repo.maven.apache.org/maven2/com/google/guava/listenablefuture/9999.0-empty-to-avoid-conflict-with-guava/listenablefuture-9999.0-empty-to-avoid-conflict-with-guava.jar.sha256 HTTP_404; https://dl.google.com/dl/android/maven2/com/google/guava/listenablefuture/9999.0-empty-to-avoid-conflict-with-guava/listenablefuture-9999.0-empty-to-avoid-conflict-with-guava.jar.sha256 HTTP_404"	"SIGNATURE_PRESENT_KEY_UNREVIEWED"	"https://repo.maven.apache.org/maven2/com/google/guava/listenablefuture/9999.0-empty-to-avoid-conflict-with-guava/listenablefuture-9999.0-empty-to-avoid-conflict-with-guava.jar.asc"	""	""	"SIGNATURE_ISSUER_HINT_ONLY_NOT_AUTHENTICATED"	"https://repo.maven.apache.org/maven2/com/google/guava/listenablefuture/9999.0-empty-to-avoid-conflict-with-guava/listenablefuture-9999.0-empty-to-avoid-conflict-with-guava.jar.asc"	"F6D4A1D411E9D1AE"	"BDB5FA4FE719D787FB3D3197F6D4A1D411E9D1AE"	"1fed01c89dc3bae688aededef1afb532e42db8c4c53f39aac66af1efde068fc6"	""	"DECLARED_RELEASE_CONFIGURATION"
"artifact"	"com.google.j2objc"	"j2objc-annotations"	"1.3"	"j2objc-annotations-1.3.jar"	"8781"	"21af30c92267bd6122c0e0b4d20cccb6641a37eaf956c6540ec471d584e64a7b"	"NO_MATCHING_SIDECAR"	""	""	"https://repo.maven.apache.org/maven2/com/google/j2objc/j2objc-annotations/1.3/j2objc-annotations-1.3.jar.sha256 HTTP_404; https://dl.google.com/dl/android/maven2/com/google/j2objc/j2objc-annotations/1.3/j2objc-annotations-1.3.jar.sha256 HTTP_404"	"SIGNATURE_PRESENT_KEY_UNREVIEWED"	"https://repo.maven.apache.org/maven2/com/google/j2objc/j2objc-annotations/1.3/j2objc-annotations-1.3.jar.asc"	""	""	"SIGNATURE_ISSUER_HINT_ONLY_NOT_AUTHENTICATED"	"https://repo.maven.apache.org/maven2/com/google/j2objc/j2objc-annotations/1.3/j2objc-annotations-1.3.jar.asc"	"29579F18FA8FD93B"	""	"08c896f77c5741e3ac58c785abd9c7242dc89376a65d68955d79d9d0cd9f838b"	""	"DECLARED_RELEASE_CONFIGURATION"
"artifact"	"com.google.j2objc"	"j2objc-annotations"	"3.0.0"	"j2objc-annotations-3.0.0.jar"	"12467"	"88241573467ddca44ffd4d74aa04c2bbfd11bf7c17e0c342c94c9de7a70a7c64"	"NO_MATCHING_SIDECAR"	""	""	"https://repo.maven.apache.org/maven2/com/google/j2objc/j2objc-annotations/3.0.0/j2objc-annotations-3.0.0.jar.sha256 HTTP_404; https://dl.google.com/dl/android/maven2/com/google/j2objc/j2objc-annotations/3.0.0/j2objc-annotations-3.0.0.jar.sha256 HTTP_404"	"SIGNATURE_PRESENT_KEY_UNREVIEWED"	"https://repo.maven.apache.org/maven2/com/google/j2objc/j2objc-annotations/3.0.0/j2objc-annotations-3.0.0.jar.asc"	""	""	"SIGNATURE_ISSUER_HINT_ONLY_NOT_AUTHENTICATED"	"https://repo.maven.apache.org/maven2/com/google/j2objc/j2objc-annotations/3.0.0/j2objc-annotations-3.0.0.jar.asc"	"F6D4A1D411E9D1AE"	"BDB5FA4FE719D787FB3D3197F6D4A1D411E9D1AE"	"692737ec0c15e6bff1be9b5385b8984b87b0b7165c1d312f998e7a68d9b8706d"	""	"DECLARED_RELEASE_CONFIGURATION"
"artifact"	"com.google.jimfs"	"jimfs"	"1.1"	"jimfs-1.1.jar"	"206691"	"c4828e28d7c0a930af9387510b3bada7daa5c04d7c25a75c7b8b081f1c257ddd"	"NO_MATCHING_SIDECAR"	""	""	"https://repo.maven.apache.org/maven2/com/google/jimfs/jimfs/1.1/jimfs-1.1.jar.sha256 HTTP_404; https://dl.google.com/dl/android/maven2/com/google/jimfs/jimfs/1.1/jimfs-1.1.jar.sha256 HTTP_404"	"SIGNATURE_PRESENT_KEY_UNREVIEWED"	"https://repo.maven.apache.org/maven2/com/google/jimfs/jimfs/1.1/jimfs-1.1.jar.asc"	""	""	"SIGNATURE_ISSUER_HINT_ONLY_NOT_AUTHENTICATED"	"https://repo.maven.apache.org/maven2/com/google/jimfs/jimfs/1.1/jimfs-1.1.jar.asc"	"ABE9F3126BB741C1"	""	"6b213edd39733929452ddc47529c59e14274fe564041072e5e379629b4c069bf"	""	"DECLARED_RELEASE_CONFIGURATION"
"artifact"	"com.google.protobuf"	"protobuf-java"	"3.25.5"	"protobuf-java-3.25.5.jar"	"1875414"	"8540247fad9e06baefa8fb45eb313802d019f485f14300e0f9d6b556ed88e753"	"NO_MATCHING_SIDECAR"	""	""	"https://repo.maven.apache.org/maven2/com/google/protobuf/protobuf-java/3.25.5/protobuf-java-3.25.5.jar.sha256 HTTP_404; https://dl.google.com/dl/android/maven2/com/google/protobuf/protobuf-java/3.25.5/protobuf-java-3.25.5.jar.sha256 HTTP_404"	"SIGNATURE_PRESENT_KEY_UNREVIEWED"	"https://repo.maven.apache.org/maven2/com/google/protobuf/protobuf-java/3.25.5/protobuf-java-3.25.5.jar.asc"	""	""	"SIGNATURE_ISSUER_HINT_ONLY_NOT_AUTHENTICATED"	"https://repo.maven.apache.org/maven2/com/google/protobuf/protobuf-java/3.25.5/protobuf-java-3.25.5.jar.asc"	"7905DE25C78AD456"	"1A55F091AD28C07F831FA44D7905DE25C78AD456"	"043c48c6ffa94bc852ac307ba6c8e0ba7dcc729c2a7e06a1e4ef87a4c4200395"	""	"DECLARED_RELEASE_CONFIGURATION"
"artifact"	"com.google.protobuf"	"protobuf-java-util"	"3.25.5"	"protobuf-java-util-3.25.5.jar"	"73140"	"dacc58b2c3d2fa8d4bddc1acb881e78d6cf7c137dd78bc1d67f6aca732436a8d"	"NO_MATCHING_SIDECAR"	""	""	"https://repo.maven.apache.org/maven2/com/google/protobuf/protobuf-java-util/3.25.5/protobuf-java-util-3.25.5.jar.sha256 HTTP_404; https://dl.google.com/dl/android/maven2/com/google/protobuf/protobuf-java-util/3.25.5/protobuf-java-util-3.25.5.jar.sha256 HTTP_404"	"SIGNATURE_PRESENT_KEY_UNREVIEWED"	"https://repo.maven.apache.org/maven2/com/google/protobuf/protobuf-java-util/3.25.5/protobuf-java-util-3.25.5.jar.asc"	""	""	"SIGNATURE_ISSUER_HINT_ONLY_NOT_AUTHENTICATED"	"https://repo.maven.apache.org/maven2/com/google/protobuf/protobuf-java-util/3.25.5/protobuf-java-util-3.25.5.jar.asc"	"7905DE25C78AD456"	"1A55F091AD28C07F831FA44D7905DE25C78AD456"	"8d42a9f6a43c0a225de2606137efc86b3e4bc7b08c411900d815d3d2cb16c826"	""	"DECLARED_RELEASE_CONFIGURATION"
"artifact"	"com.google.testing.platform"	"core-proto"	"0.0.9-alpha03"	"core-proto-0.0.9-alpha03.jar"	"1192010"	"d001eb0ccbbfc8cb9eaa193a358e63712974639775647be949ab232c2b29b407"	"MATCH"	"d001eb0ccbbfc8cb9eaa193a358e63712974639775647be949ab232c2b29b407"	"https://dl.google.com/dl/android/maven2/com/google/testing/platform/core-proto/0.0.9-alpha03/core-proto-0.0.9-alpha03.jar.sha256"	"https://repo.maven.apache.org/maven2/com/google/testing/platform/core-proto/0.0.9-alpha03/core-proto-0.0.9-alpha03.jar.sha256 HTTP_404"	""	""	""	""	""	""	""	""	""	""	"DECLARED_RELEASE_CONFIGURATION"
"artifact"	"com.googlecode.juniversalchardet"	"juniversalchardet"	"1.0.3"	"juniversalchardet-1.0.3.jar"	"220813"	"757bfe906193b8b651e79dc26cd67d6b55d0770a2cdfb0381591504f779d4a76"	"NO_MATCHING_SIDECAR"	""	""	"https://repo.maven.apache.org/maven2/com/googlecode/juniversalchardet/juniversalchardet/1.0.3/juniversalchardet-1.0.3.jar.sha256 HTTP_404; https://dl.google.com/dl/android/maven2/com/googlecode/juniversalchardet/juniversalchardet/1.0.3/juniversalchardet-1.0.3.jar.sha256 HTTP_404"	"SIGNATURE_PRESENT_KEY_UNREVIEWED"	"https://repo.maven.apache.org/maven2/com/googlecode/juniversalchardet/juniversalchardet/1.0.3/juniversalchardet-1.0.3.jar.asc"	""	""	"SIGNATURE_ISSUER_HINT_ONLY_NOT_AUTHENTICATED"	"https://repo.maven.apache.org/maven2/com/googlecode/juniversalchardet/juniversalchardet/1.0.3/juniversalchardet-1.0.3.jar.asc"	"40A3C4432BD7308C"	""	"7f7a65c853abbc1a0b93c335667d0ee81a7b15e6701008fa11493b5536f64044"	""	"DECLARED_RELEASE_CONFIGURATION"
"artifact"	"com.intellij"	"annotations"	"12.0"	"annotations-12.0.jar"	"20195"	"f8ab13b14be080fe2f617f90e55599760e4a1b4deeea5c595df63d0d6375ed6d"	"NO_MATCHING_SIDECAR"	""	""	"https://repo.maven.apache.org/maven2/com/intellij/annotations/12.0/annotations-12.0.jar.sha256 HTTP_404; https://dl.google.com/dl/android/maven2/com/intellij/annotations/12.0/annotations-12.0.jar.sha256 HTTP_404"	"SIGNATURE_PRESENT_KEY_UNREVIEWED"	"https://repo.maven.apache.org/maven2/com/intellij/annotations/12.0/annotations-12.0.jar.asc"	""	""	"SIGNATURE_ISSUER_HINT_ONLY_NOT_AUTHENTICATED"	"https://repo.maven.apache.org/maven2/com/intellij/annotations/12.0/annotations-12.0.jar.asc"	"EB380DC13C39F675"	""	"065e52ef0f3de1095757a0d871b7a802ffb99d11d0137b611eb817431aa00b2a"	""	"DECLARED_RELEASE_CONFIGURATION"
"artifact"	"com.squareup"	"javapoet"	"1.10.0"	"javapoet-1.10.0.jar"	"97532"	"20ef4b82e43ff7c652281a21313cf3b941092467add3fa73509c26f6969efdab"	"NO_MATCHING_SIDECAR"	""	""	"https://repo.maven.apache.org/maven2/com/squareup/javapoet/1.10.0/javapoet-1.10.0.jar.sha256 HTTP_404; https://dl.google.com/dl/android/maven2/com/squareup/javapoet/1.10.0/javapoet-1.10.0.jar.sha256 HTTP_404"	"SIGNATURE_PRESENT_KEY_UNREVIEWED"	"https://repo.maven.apache.org/maven2/com/squareup/javapoet/1.10.0/javapoet-1.10.0.jar.asc"	""	""	"SIGNATURE_ISSUER_HINT_ONLY_NOT_AUTHENTICATED"	"https://repo.maven.apache.org/maven2/com/squareup/javapoet/1.10.0/javapoet-1.10.0.jar.asc"	"8671A8DF71296252"	"A6D6C97108B8585F91B158748671A8DF71296252"	"46223187d0dda937528ba16c725728a9ccceb3dc981791356400d6442d63c52b"	""	"DECLARED_RELEASE_CONFIGURATION"
"artifact"	"com.squareup"	"javapoet"	"1.13.0"	"javapoet-1.13.0.jar"	"106068"	"4c7517e848a71b36d069d12bb3bf46a70fd4cda3105d822b0ed2e19c00b69291"	"NO_MATCHING_SIDECAR"	""	""	"https://repo.maven.apache.org/maven2/com/squareup/javapoet/1.13.0/javapoet-1.13.0.jar.sha256 HTTP_404; https://dl.google.com/dl/android/maven2/com/squareup/javapoet/1.13.0/javapoet-1.13.0.jar.sha256 HTTP_404"	"SIGNATURE_PRESENT_KEY_UNREVIEWED"	"https://repo.maven.apache.org/maven2/com/squareup/javapoet/1.13.0/javapoet-1.13.0.jar.asc"	""	""	"SIGNATURE_ISSUER_HINT_ONLY_NOT_AUTHENTICATED"	"https://repo.maven.apache.org/maven2/com/squareup/javapoet/1.13.0/javapoet-1.13.0.jar.asc"	"BF984B4145EA13F7"	"1D0A8B5E77C678A7C724445ABF984B4145EA13F7"	"23ff04c060700cdc40b2b6b6f5bdafbb7a47828bd24bac4fe0424dcac87ceda3"	""	"DECLARED_RELEASE_CONFIGURATION"
"artifact"	"com.squareup"	"javawriter"	"2.5.0"	"javawriter-2.5.0.jar"	"12781"	"fcfb09fb0ea0aa97d3cfe7ea792398081348e468f126b3603cb3803f240197f0"	"NO_MATCHING_SIDECAR"	""	""	"https://repo.maven.apache.org/maven2/com/squareup/javawriter/2.5.0/javawriter-2.5.0.jar.sha256 HTTP_404; https://dl.google.com/dl/android/maven2/com/squareup/javawriter/2.5.0/javawriter-2.5.0.jar.sha256 HTTP_404"	"SIGNATURE_PRESENT_KEY_UNREVIEWED"	"https://repo.maven.apache.org/maven2/com/squareup/javawriter/2.5.0/javawriter-2.5.0.jar.asc"	""	""	"SIGNATURE_ISSUER_HINT_ONLY_NOT_AUTHENTICATED"	"https://repo.maven.apache.org/maven2/com/squareup/javawriter/2.5.0/javawriter-2.5.0.jar.asc"	"80C08B1C29100955"	""	"5482fe4b8a4e82203b463c2cf31abcc0f40e0b976c60bae72278cfb4daf11f56"	""	"DECLARED_RELEASE_CONFIGURATION"
"artifact"	"com.squareup"	"kotlinpoet"	"1.14.2"	"kotlinpoet-1.14.2.jar"	"348883"	"102d5d8a289d961cd7f39204c264d272e4aad775e388d909f6050e14558aae9b"	"MATCH"	"102d5d8a289d961cd7f39204c264d272e4aad775e388d909f6050e14558aae9b"	"https://repo.maven.apache.org/maven2/com/squareup/kotlinpoet/1.14.2/kotlinpoet-1.14.2.jar.sha256"	""	""	""	""	""	""	""	""	""	""	""	"DECLARED_RELEASE_CONFIGURATION"
"artifact"	"com.squareup"	"kotlinpoet-javapoet"	"1.14.2"	"kotlinpoet-javapoet-1.14.2.jar"	"14133"	"892aa78f3a3df30daaec099d06ef0b8e884e96111a9e14961cbf745aff371f1b"	"MATCH"	"892aa78f3a3df30daaec099d06ef0b8e884e96111a9e14961cbf745aff371f1b"	"https://repo.maven.apache.org/maven2/com/squareup/kotlinpoet-javapoet/1.14.2/kotlinpoet-javapoet-1.14.2.jar.sha256"	""	""	""	""	""	""	""	""	""	""	""	"DECLARED_RELEASE_CONFIGURATION"
"artifact"	"com.squareup.okhttp3"	"okhttp"	"4.12.0"	"okhttp-4.12.0.jar"	"789531"	"b1050081b14bb7a3a7e55a4d3ef01b5dcfabc453b4573a4fc019767191d5f4e0"	"MATCH"	"b1050081b14bb7a3a7e55a4d3ef01b5dcfabc453b4573a4fc019767191d5f4e0"	"https://repo.maven.apache.org/maven2/com/squareup/okhttp3/okhttp/4.12.0/okhttp-4.12.0.jar.sha256"	""	""	""	""	""	""	""	""	""	""	""	"DECLARED_RELEASE_CONFIGURATION"
"artifact"	"com.squareup.okio"	"okio-jvm"	"3.6.0"	"okio-jvm-3.6.0.jar"	"359580"	"67543f0736fc422ae927ed0e504b98bc5e269fda0d3500579337cb713da28412"	"MATCH"	"67543f0736fc422ae927ed0e504b98bc5e269fda0d3500579337cb713da28412"	"https://repo.maven.apache.org/maven2/com/squareup/okio/okio-jvm/3.6.0/okio-jvm-3.6.0.jar.sha256"	""	""	""	""	""	""	""	""	""	""	""	"DECLARED_RELEASE_CONFIGURATION"
"artifact"	"com.sun.activation"	"javax.activation"	"1.2.0"	"javax.activation-1.2.0.jar"	"78030"	"993302b16cd7056f21e779cc577d175a810bb4900ef73cd8fbf2b50f928ba9ce"	"NO_MATCHING_SIDECAR"	""	""	"https://repo.maven.apache.org/maven2/com/sun/activation/javax.activation/1.2.0/javax.activation-1.2.0.jar.sha256 HTTP_404; https://dl.google.com/dl/android/maven2/com/sun/activation/javax.activation/1.2.0/javax.activation-1.2.0.jar.sha256 HTTP_404"	"SIGNATURE_PRESENT_KEY_UNREVIEWED"	"https://repo.maven.apache.org/maven2/com/sun/activation/javax.activation/1.2.0/javax.activation-1.2.0.jar.asc"	""	""	"SIGNATURE_ISSUER_HINT_ONLY_NOT_AUTHENTICATED"	"https://repo.maven.apache.org/maven2/com/sun/activation/javax.activation/1.2.0/javax.activation-1.2.0.jar.asc"	"6425559C47CC79C4"	""	"812a11696269b0b9b3916fc1821c149f4a681f7ff0f1c29375cb23f0212e5eed"	""	"DECLARED_RELEASE_CONFIGURATION"
"artifact"	"com.sun.istack"	"istack-commons-runtime"	"3.0.8"	"istack-commons-runtime-3.0.8.jar"	"27156"	"4ffabb06be454a05e4398e20c77fa2b6308d4b88dfbef7ca30a76b5b7d5505ef"	"NO_MATCHING_SIDECAR"	""	""	"https://repo.maven.apache.org/maven2/com/sun/istack/istack-commons-runtime/3.0.8/istack-commons-runtime-3.0.8.jar.sha256 HTTP_404; https://dl.google.com/dl/android/maven2/com/sun/istack/istack-commons-runtime/3.0.8/istack-commons-runtime-3.0.8.jar.sha256 HTTP_404"	"SIGNATURE_PRESENT_KEY_UNREVIEWED"	"https://repo.maven.apache.org/maven2/com/sun/istack/istack-commons-runtime/3.0.8/istack-commons-runtime-3.0.8.jar.asc"	""	""	"SIGNATURE_ISSUER_HINT_ONLY_NOT_AUTHENTICATED"	"https://repo.maven.apache.org/maven2/com/sun/istack/istack-commons-runtime/3.0.8/istack-commons-runtime-3.0.8.jar.asc"	"7ECBD740FF06AEB5"	"04543577D6A9CC626239C50C7ECBD740FF06AEB5"	"8fc8439d6af6023e17363f9cbbbd413e082823a0eb98cea12c325cf8efa1477e"	""	"DECLARED_RELEASE_CONFIGURATION"
"artifact"	"com.sun.xml.fastinfoset"	"FastInfoset"	"1.2.16"	"FastInfoset-1.2.16.jar"	"317195"	"056f3a1e144409f21ed16afc26805f58e9a21f3fce1543c42d400719d250c511"	"NO_MATCHING_SIDECAR"	""	""	"https://repo.maven.apache.org/maven2/com/sun/xml/fastinfoset/FastInfoset/1.2.16/FastInfoset-1.2.16.jar.sha256 HTTP_404; https://dl.google.com/dl/android/maven2/com/sun/xml/fastinfoset/FastInfoset/1.2.16/FastInfoset-1.2.16.jar.sha256 HTTP_404"	"SIGNATURE_PRESENT_KEY_UNREVIEWED"	"https://repo.maven.apache.org/maven2/com/sun/xml/fastinfoset/FastInfoset/1.2.16/FastInfoset-1.2.16.jar.asc"	""	""	"SIGNATURE_ISSUER_HINT_ONLY_NOT_AUTHENTICATED"	"https://repo.maven.apache.org/maven2/com/sun/xml/fastinfoset/FastInfoset/1.2.16/FastInfoset-1.2.16.jar.asc"	"7ECBD740FF06AEB5"	"04543577D6A9CC626239C50C7ECBD740FF06AEB5"	"0651ec0b865b37016ddf8c725aebfecc082d697a91627a374ab2a79cf4a74421"	""	"DECLARED_RELEASE_CONFIGURATION"
"artifact"	"commons-codec"	"commons-codec"	"1.10"	"commons-codec-1.10.jar"	"284184"	"4241dfa94e711d435f29a4604a3e2de5c4aa3c165e23bd066be6fc1fc4309569"	"NO_MATCHING_SIDECAR"	""	""	"https://repo.maven.apache.org/maven2/commons-codec/commons-codec/1.10/commons-codec-1.10.jar.sha256 HTTP_404; https://dl.google.com/dl/android/maven2/commons-codec/commons-codec/1.10/commons-codec-1.10.jar.sha256 HTTP_404"	"SIGNATURE_VALID_OFFICIAL_APACHE_COMMONS_KEY"	"https://repo.maven.apache.org/maven2/commons-codec/commons-codec/1.10/commons-codec-1.10.jar.asc"	""	""	"PGP_VALID_OFFICIAL_APACHE_COMMONS_KEY"	"https://downloads.apache.org/commons/KEYS"	"86FDC7E2A11262CB"	"2DB4F1EF0FA761ECC4EA935C86FDC7E2A11262CB"	"73fd7cc961c5131fcd297580448e4212d08b30138c9cad547217f4ffa791e150"	""	"LINT_RELEASE_TASK_TIME_OBSERVED_CACHE"
"artifact"	"commons-codec"	"commons-codec"	"1.11"	"commons-codec-1.11.jar"	"335042"	"e599d5318e97aa48f42136a2927e6dfa4e8881dff0e6c8e3109ddbbff51d7b7d"	"NO_MATCHING_SIDECAR"	""	""	"https://repo.maven.apache.org/maven2/commons-codec/commons-codec/1.11/commons-codec-1.11.jar.sha256 HTTP_404; https://dl.google.com/dl/android/maven2/commons-codec/commons-codec/1.11/commons-codec-1.11.jar.sha256 HTTP_404"	"SIGNATURE_VALID_OFFICIAL_APACHE_COMMONS_KEY"	"https://repo.maven.apache.org/maven2/commons-codec/commons-codec/1.11/commons-codec-1.11.jar.asc"	""	""	"PGP_VALID_OFFICIAL_APACHE_COMMONS_KEY"	"https://downloads.apache.org/commons/KEYS"	"86FDC7E2A11262CB"	"2DB4F1EF0FA761ECC4EA935C86FDC7E2A11262CB"	"4ffdb83bfe20988c075edea7bc850dea22a63bb1d71ef9d6221835f5f19bd3b6"	""	"DECLARED_RELEASE_CONFIGURATION"
"artifact"	"commons-codec"	"commons-codec"	"1.15"	"commons-codec-1.15.jar"	"353793"	"b3e9f6d63a790109bf0d056611fbed1cf69055826defeb9894a71369d246ed63"	"NO_MATCHING_SIDECAR"	""	""	"https://repo.maven.apache.org/maven2/commons-codec/commons-codec/1.15/commons-codec-1.15.jar.sha256 HTTP_404; https://dl.google.com/dl/android/maven2/commons-codec/commons-codec/1.15/commons-codec-1.15.jar.sha256 HTTP_404"	"SIGNATURE_VALID_OFFICIAL_APACHE_COMMONS_KEY"	"https://repo.maven.apache.org/maven2/commons-codec/commons-codec/1.15/commons-codec-1.15.jar.asc"	""	""	"PGP_VALID_OFFICIAL_APACHE_COMMONS_KEY"	"https://downloads.apache.org/commons/KEYS"	"21939FF0CA2A6567"	"BC87A3FD0A54480F0BADBEBD21939FF0CA2A6567"	"dcfb43f97f0e82b9895e87e4af9a77d4e2e630f23debcbe9d01dd01d6a4f257b"	""	"DECLARED_RELEASE_CONFIGURATION"
"artifact"	"commons-io"	"commons-io"	"2.16.1"	"commons-io-2.16.1.jar"	"508826"	"f41f7baacd716896447ace9758621f62c1c6b0a91d89acee488da26fc477c84f"	"NO_MATCHING_SIDECAR"	""	""	"https://repo.maven.apache.org/maven2/commons-io/commons-io/2.16.1/commons-io-2.16.1.jar.sha256 HTTP_404; https://dl.google.com/dl/android/maven2/commons-io/commons-io/2.16.1/commons-io-2.16.1.jar.sha256 HTTP_404"	"SIGNATURE_VALID_OFFICIAL_APACHE_COMMONS_KEY"	"https://repo.maven.apache.org/maven2/commons-io/commons-io/2.16.1/commons-io-2.16.1.jar.asc"	""	""	"PGP_VALID_OFFICIAL_APACHE_COMMONS_KEY"	"https://downloads.apache.org/commons/KEYS"	"86FDC7E2A11262CB"	"2DB4F1EF0FA761ECC4EA935C86FDC7E2A11262CB"	"6fc4e35e5ab428911db249c8069cb5960cc6dcb260e8bfdad650105b9349240d"	""	"DECLARED_RELEASE_CONFIGURATION"
"artifact"	"commons-logging"	"commons-logging"	"1.2"	"commons-logging-1.2.jar"	"61829"	"daddea1ea0be0f56978ab3006b8ac92834afeefbd9b7e4e6316fca57df0fa636"	"NO_MATCHING_SIDECAR"	""	""	"https://repo.maven.apache.org/maven2/commons-logging/commons-logging/1.2/commons-logging-1.2.jar.sha256 HTTP_404; https://dl.google.com/dl/android/maven2/commons-logging/commons-logging/1.2/commons-logging-1.2.jar.sha256 HTTP_404"	"SIGNATURE_VALID_OFFICIAL_APACHE_COMMONS_KEY"	"https://repo.maven.apache.org/maven2/commons-logging/commons-logging/1.2/commons-logging-1.2.jar.asc"	""	""	"PGP_VALID_OFFICIAL_APACHE_COMMONS_KEY"	"https://downloads.apache.org/commons/KEYS"	"A41F13C999945293"	"0CC641C3A62453AB390066C4A41F13C999945293"	"e56d86557726e9730f97e201acd58150d0db683efd4aa99f888e37a6762f4a3c"	""	"DECLARED_RELEASE_CONFIGURATION"
"artifact"	"io.grpc"	"grpc-api"	"1.69.1"	"grpc-api-1.69.1.jar"	"320093"	"a8d3d6dcc71f3ab613d668842282b488bdd93d3e99a0ef5dca7eee6fa734c283"	"MATCH"	"a8d3d6dcc71f3ab613d668842282b488bdd93d3e99a0ef5dca7eee6fa734c283"	"https://repo.maven.apache.org/maven2/io/grpc/grpc-api/1.69.1/grpc-api-1.69.1.jar.sha256"	""	""	""	""	""	""	""	""	""	""	""	"DECLARED_RELEASE_CONFIGURATION"
"artifact"	"io.grpc"	"grpc-context"	"1.69.1"	"grpc-context-1.69.1.jar"	"295"	"45ef95b8c158a8b5bdd3acb67b9e682ef25414bb148f488ec847438ab64715d4"	"MATCH"	"45ef95b8c158a8b5bdd3acb67b9e682ef25414bb148f488ec847438ab64715d4"	"https://repo.maven.apache.org/maven2/io/grpc/grpc-context/1.69.1/grpc-context-1.69.1.jar.sha256"	""	""	""	""	""	""	""	""	""	""	""	"DECLARED_RELEASE_CONFIGURATION"
"artifact"	"io.grpc"	"grpc-core"	"1.69.1"	"grpc-core-1.69.1.jar"	"653323"	"51352cadaecbf9a4a4aa42d93f6f1fc728f1fd01b051680383ed09e5631ffbd0"	"MATCH"	"51352cadaecbf9a4a4aa42d93f6f1fc728f1fd01b051680383ed09e5631ffbd0"	"https://repo.maven.apache.org/maven2/io/grpc/grpc-core/1.69.1/grpc-core-1.69.1.jar.sha256"	""	""	""	""	""	""	""	""	""	""	""	"DECLARED_RELEASE_CONFIGURATION"
"artifact"	"io.grpc"	"grpc-inprocess"	"1.69.1"	"grpc-inprocess-1.69.1.jar"	"39454"	"b7c6ac0e3abf4b8d582610d632d79417bc3da81254e1a4bcf7f01e8db7bd55ef"	"MATCH"	"b7c6ac0e3abf4b8d582610d632d79417bc3da81254e1a4bcf7f01e8db7bd55ef"	"https://repo.maven.apache.org/maven2/io/grpc/grpc-inprocess/1.69.1/grpc-inprocess-1.69.1.jar.sha256"	""	""	""	""	""	""	""	""	""	""	""	"DECLARED_RELEASE_CONFIGURATION"
"artifact"	"io.grpc"	"grpc-netty"	"1.69.1"	"grpc-netty-1.69.1.jar"	"291719"	"52a86ed66f78933e83d1a3fb7162ad1667489564c4556366b7a3579c7024a447"	"MATCH"	"52a86ed66f78933e83d1a3fb7162ad1667489564c4556366b7a3579c7024a447"	"https://repo.maven.apache.org/maven2/io/grpc/grpc-netty/1.69.1/grpc-netty-1.69.1.jar.sha256"	""	""	""	""	""	""	""	""	""	""	""	"DECLARED_RELEASE_CONFIGURATION"
"artifact"	"io.grpc"	"grpc-protobuf"	"1.69.1"	"grpc-protobuf-1.69.1.jar"	"5292"	"4c52ef948fb8987a3baa7d46ba362b7bf307dd3c51f29241cd5c598398a010df"	"MATCH"	"4c52ef948fb8987a3baa7d46ba362b7bf307dd3c51f29241cd5c598398a010df"	"https://repo.maven.apache.org/maven2/io/grpc/grpc-protobuf/1.69.1/grpc-protobuf-1.69.1.jar.sha256"	""	""	""	""	""	""	""	""	""	""	""	"DECLARED_RELEASE_CONFIGURATION"
"artifact"	"io.grpc"	"grpc-protobuf-lite"	"1.69.1"	"grpc-protobuf-lite-1.69.1.jar"	"7854"	"c29f90fadf3c7620f9359a243c067dd85b73bd765b28f3d95df910ac2d331555"	"MATCH"	"c29f90fadf3c7620f9359a243c067dd85b73bd765b28f3d95df910ac2d331555"	"https://repo.maven.apache.org/maven2/io/grpc/grpc-protobuf-lite/1.69.1/grpc-protobuf-lite-1.69.1.jar.sha256"	""	""	""	""	""	""	""	""	""	""	""	"DECLARED_RELEASE_CONFIGURATION"
"artifact"	"io.grpc"	"grpc-stub"	"1.69.1"	"grpc-stub-1.69.1.jar"	"52544"	"e39c63273d53052ebe9f638d8ae98176735ec567328d9a17092cddb6f239b8c2"	"MATCH"	"e39c63273d53052ebe9f638d8ae98176735ec567328d9a17092cddb6f239b8c2"	"https://repo.maven.apache.org/maven2/io/grpc/grpc-stub/1.69.1/grpc-stub-1.69.1.jar.sha256"	""	""	""	""	""	""	""	""	""	""	""	"DECLARED_RELEASE_CONFIGURATION"
"artifact"	"io.grpc"	"grpc-util"	"1.69.1"	"grpc-util-1.69.1.jar"	"100919"	"dd597bd675eaa042f3e3578648d9050c813c4595c5de6869ef9ddbb449006031"	"MATCH"	"dd597bd675eaa042f3e3578648d9050c813c4595c5de6869ef9ddbb449006031"	"https://repo.maven.apache.org/maven2/io/grpc/grpc-util/1.69.1/grpc-util-1.69.1.jar.sha256"	""	""	""	""	""	""	""	""	""	""	""	"DECLARED_RELEASE_CONFIGURATION"
"artifact"	"io.ionic.libs"	"ioncamera-android"	"1.0.2"	"ioncamera-android-1.0.2.aar"	"300918"	"2ca4ba936dc7d250778e9128c523a04fcd7be062340b7e0d7dd585cdb7d4f9f2"	"MATCH"	"2ca4ba936dc7d250778e9128c523a04fcd7be062340b7e0d7dd585cdb7d4f9f2"	"https://repo.maven.apache.org/maven2/io/ionic/libs/ioncamera-android/1.0.2/ioncamera-android-1.0.2.aar.sha256"	""	""	""	""	""	""	""	""	""	""	""	"DECLARED_RELEASE_CONFIGURATION"
"artifact"	"io.ionic.libs"	"ionfilesystem-android"	"1.1.0"	"ionfilesystem-android-1.1.0.aar"	"170343"	"a41d796245fd79c6d374ab2c449f8b29a577a8b1fd43efd5ab1f1068d13ae303"	"MATCH"	"a41d796245fd79c6d374ab2c449f8b29a577a8b1fd43efd5ab1f1068d13ae303"	"https://repo.maven.apache.org/maven2/io/ionic/libs/ionfilesystem-android/1.1.0/ionfilesystem-android-1.1.0.aar.sha256"	""	""	""	""	""	""	""	""	""	""	""	"DECLARED_RELEASE_CONFIGURATION"
"artifact"	"io.ionic.libs"	"iongeolocation-android"	"2.2.2"	"iongeolocation-android-2.2.2.aar"	"79121"	"999cec04adb5bf13acce0435a9e2fced46f8fc6f9a10d345e572cfd5065571b7"	"MATCH"	"999cec04adb5bf13acce0435a9e2fced46f8fc6f9a10d345e572cfd5065571b7"	"https://repo.maven.apache.org/maven2/io/ionic/libs/iongeolocation-android/2.2.2/iongeolocation-android-2.2.2.aar.sha256"	""	""	""	""	""	""	""	""	""	""	""	"DECLARED_RELEASE_CONFIGURATION"
"artifact"	"io.netty"	"netty-buffer"	"4.1.110.Final"	"netty-buffer-4.1.110.Final.jar"	"333176"	"46d74e79125aacc055c31f18152fdc5d4a569aa8d60091203d0baa833973ac3c"	"NO_MATCHING_SIDECAR"	""	""	"https://repo.maven.apache.org/maven2/io/netty/netty-buffer/4.1.110.Final/netty-buffer-4.1.110.Final.jar.sha256 HTTP_404; https://dl.google.com/dl/android/maven2/io/netty/netty-buffer/4.1.110.Final/netty-buffer-4.1.110.Final.jar.sha256 HTTP_404"	"SIGNATURE_PRESENT_KEY_UNREVIEWED"	"https://repo.maven.apache.org/maven2/io/netty/netty-buffer/4.1.110.Final/netty-buffer-4.1.110.Final.jar.asc"	""	""	"SIGNATURE_ISSUER_HINT_ONLY_NOT_AUTHENTICATED"	"https://repo.maven.apache.org/maven2/io/netty/netty-buffer/4.1.110.Final/netty-buffer-4.1.110.Final.jar.asc"	"056ACA74D46000BF"	"7E22D50A7EBD9D2CD269B2D4056ACA74D46000BF"	"c7dfcf9d73201808f87736109bf8679408ed0bc7c73f1214e895da46cd3d21ce"	""	"DECLARED_RELEASE_CONFIGURATION"
"artifact"	"io.netty"	"netty-codec"	"4.1.110.Final"	"netty-codec-4.1.110.Final.jar"	"353944"	"9eccce9a8d827bb8ce84f9c3183fec58bd1c96a51010cf711297746034af3701"	"NO_MATCHING_SIDECAR"	""	""	"https://repo.maven.apache.org/maven2/io/netty/netty-codec/4.1.110.Final/netty-codec-4.1.110.Final.jar.sha256 HTTP_404; https://dl.google.com/dl/android/maven2/io/netty/netty-codec/4.1.110.Final/netty-codec-4.1.110.Final.jar.sha256 HTTP_404"	"SIGNATURE_PRESENT_KEY_UNREVIEWED"	"https://repo.maven.apache.org/maven2/io/netty/netty-codec/4.1.110.Final/netty-codec-4.1.110.Final.jar.asc"	""	""	"SIGNATURE_ISSUER_HINT_ONLY_NOT_AUTHENTICATED"	"https://repo.maven.apache.org/maven2/io/netty/netty-codec/4.1.110.Final/netty-codec-4.1.110.Final.jar.asc"	"056ACA74D46000BF"	"7E22D50A7EBD9D2CD269B2D4056ACA74D46000BF"	"f291518caf411d02e9ba1f98885e0d174fd318c77a2af2c799b64faa4bd4b1b3"	""	"DECLARED_RELEASE_CONFIGURATION"
"artifact"	"io.netty"	"netty-codec-http"	"4.1.110.Final"	"netty-codec-http-4.1.110.Final.jar"	"668432"	"dc0d6af5054630a70ff0ef354f20aa7a6e46738c9fc5636ed3d4fe77e38bd48d"	"NO_MATCHING_SIDECAR"	""	""	"https://repo.maven.apache.org/maven2/io/netty/netty-codec-http/4.1.110.Final/netty-codec-http-4.1.110.Final.jar.sha256 HTTP_404; https://dl.google.com/dl/android/maven2/io/netty/netty-codec-http/4.1.110.Final/netty-codec-http-4.1.110.Final.jar.sha256 HTTP_404"	"SIGNATURE_PRESENT_KEY_UNREVIEWED"	"https://repo.maven.apache.org/maven2/io/netty/netty-codec-http/4.1.110.Final/netty-codec-http-4.1.110.Final.jar.asc"	""	""	"SIGNATURE_ISSUER_HINT_ONLY_NOT_AUTHENTICATED"	"https://repo.maven.apache.org/maven2/io/netty/netty-codec-http/4.1.110.Final/netty-codec-http-4.1.110.Final.jar.asc"	"056ACA74D46000BF"	"7E22D50A7EBD9D2CD269B2D4056ACA74D46000BF"	"b3e0f947b8739e376186b28205a140c0c5dff87f155f5d85afaf6ce953a1ec73"	""	"DECLARED_RELEASE_CONFIGURATION"
"artifact"	"io.netty"	"netty-codec-http2"	"4.1.110.Final"	"netty-codec-http2-4.1.110.Final.jar"	"490271"	"b546c75445a487bb7bcd5a94779caecce33582cf7be31b8b39fc0e65b1ee26fc"	"NO_MATCHING_SIDECAR"	""	""	"https://repo.maven.apache.org/maven2/io/netty/netty-codec-http2/4.1.110.Final/netty-codec-http2-4.1.110.Final.jar.sha256 HTTP_404; https://dl.google.com/dl/android/maven2/io/netty/netty-codec-http2/4.1.110.Final/netty-codec-http2-4.1.110.Final.jar.sha256 HTTP_404"	"SIGNATURE_PRESENT_KEY_UNREVIEWED"	"https://repo.maven.apache.org/maven2/io/netty/netty-codec-http2/4.1.110.Final/netty-codec-http2-4.1.110.Final.jar.asc"	""	""	"SIGNATURE_ISSUER_HINT_ONLY_NOT_AUTHENTICATED"	"https://repo.maven.apache.org/maven2/io/netty/netty-codec-http2/4.1.110.Final/netty-codec-http2-4.1.110.Final.jar.asc"	"F3D1600878E85A3D"	""	"3f8d71ff006ab3e243d558ec61138980e935d2b593fd3bf635f3ffca1e790fad"	""	"DECLARED_RELEASE_CONFIGURATION"
"artifact"	"io.netty"	"netty-codec-socks"	"4.1.110.Final"	"netty-codec-socks-4.1.110.Final.jar"	"121002"	"976052a3c9bb280bc6d99f3a29e6404677cf958c3de05b205093d38c006b880c"	"NO_MATCHING_SIDECAR"	""	""	"https://repo.maven.apache.org/maven2/io/netty/netty-codec-socks/4.1.110.Final/netty-codec-socks-4.1.110.Final.jar.sha256 HTTP_404; https://dl.google.com/dl/android/maven2/io/netty/netty-codec-socks/4.1.110.Final/netty-codec-socks-4.1.110.Final.jar.sha256 HTTP_404"	"SIGNATURE_PRESENT_KEY_UNREVIEWED"	"https://repo.maven.apache.org/maven2/io/netty/netty-codec-socks/4.1.110.Final/netty-codec-socks-4.1.110.Final.jar.asc"	""	""	"SIGNATURE_ISSUER_HINT_ONLY_NOT_AUTHENTICATED"	"https://repo.maven.apache.org/maven2/io/netty/netty-codec-socks/4.1.110.Final/netty-codec-socks-4.1.110.Final.jar.asc"	"F3D1600878E85A3D"	""	"0cb544181fb9fc37c95abe848bd8a872c393b272c8a7b0479839a08efe062a25"	""	"DECLARED_RELEASE_CONFIGURATION"
"artifact"	"io.netty"	"netty-common"	"4.1.110.Final"	"netty-common-4.1.110.Final.jar"	"688546"	"9851ec66548b9e0d41164ce98943cdd4bbe305f68ddbd24eae52e4501a0d7b1a"	"NO_MATCHING_SIDECAR"	""	""	"https://repo.maven.apache.org/maven2/io/netty/netty-common/4.1.110.Final/netty-common-4.1.110.Final.jar.sha256 HTTP_404; https://dl.google.com/dl/android/maven2/io/netty/netty-common/4.1.110.Final/netty-common-4.1.110.Final.jar.sha256 HTTP_404"	"SIGNATURE_PRESENT_KEY_UNREVIEWED"	"https://repo.maven.apache.org/maven2/io/netty/netty-common/4.1.110.Final/netty-common-4.1.110.Final.jar.asc"	""	""	"SIGNATURE_ISSUER_HINT_ONLY_NOT_AUTHENTICATED"	"https://repo.maven.apache.org/maven2/io/netty/netty-common/4.1.110.Final/netty-common-4.1.110.Final.jar.asc"	"056ACA74D46000BF"	"7E22D50A7EBD9D2CD269B2D4056ACA74D46000BF"	"e860382fb79a9f02aa791592151456a079963ee7689ec8ea7451653c80ed4296"	""	"DECLARED_RELEASE_CONFIGURATION"
"artifact"	"io.netty"	"netty-handler"	"4.1.110.Final"	"netty-handler-4.1.110.Final.jar"	"569951"	"d5a08d7de364912e4285968de4d4cce3f01da4bb048d5c6937e5f2af1f8e148a"	"NO_MATCHING_SIDECAR"	""	""	"https://repo.maven.apache.org/maven2/io/netty/netty-handler/4.1.110.Final/netty-handler-4.1.110.Final.jar.sha256 HTTP_404; https://dl.google.com/dl/android/maven2/io/netty/netty-handler/4.1.110.Final/netty-handler-4.1.110.Final.jar.sha256 HTTP_404"	"SIGNATURE_PRESENT_KEY_UNREVIEWED"	"https://repo.maven.apache.org/maven2/io/netty/netty-handler/4.1.110.Final/netty-handler-4.1.110.Final.jar.asc"	""	""	"SIGNATURE_ISSUER_HINT_ONLY_NOT_AUTHENTICATED"	"https://repo.maven.apache.org/maven2/io/netty/netty-handler/4.1.110.Final/netty-handler-4.1.110.Final.jar.asc"	"056ACA74D46000BF"	"7E22D50A7EBD9D2CD269B2D4056ACA74D46000BF"	"2d2034e406379cf52b543d01edd122692c83b836cd199b32245514a6d140af70"	""	"DECLARED_RELEASE_CONFIGURATION"
"artifact"	"io.netty"	"netty-handler-proxy"	"4.1.110.Final"	"netty-handler-proxy-4.1.110.Final.jar"	"25620"	"ad54ab4fe9c47ef3e723d71251126db53e8db543871adb9eafc94446539eff52"	"NO_MATCHING_SIDECAR"	""	""	"https://repo.maven.apache.org/maven2/io/netty/netty-handler-proxy/4.1.110.Final/netty-handler-proxy-4.1.110.Final.jar.sha256 HTTP_404; https://dl.google.com/dl/android/maven2/io/netty/netty-handler-proxy/4.1.110.Final/netty-handler-proxy-4.1.110.Final.jar.sha256 HTTP_404"	"SIGNATURE_PRESENT_KEY_UNREVIEWED"	"https://repo.maven.apache.org/maven2/io/netty/netty-handler-proxy/4.1.110.Final/netty-handler-proxy-4.1.110.Final.jar.asc"	""	""	"SIGNATURE_ISSUER_HINT_ONLY_NOT_AUTHENTICATED"	"https://repo.maven.apache.org/maven2/io/netty/netty-handler-proxy/4.1.110.Final/netty-handler-proxy-4.1.110.Final.jar.asc"	"F3D1600878E85A3D"	""	"9d1e6a9ce896521fc75fe6b6fed976724b9667a702286ee5c469b660c72429d7"	""	"DECLARED_RELEASE_CONFIGURATION"
"artifact"	"io.netty"	"netty-resolver"	"4.1.110.Final"	"netty-resolver-4.1.110.Final.jar"	"37814"	"a2e9b4ae7caa92fc5bd747e11d1dec20d81b18fc00959554302244ac5c56ce70"	"NO_MATCHING_SIDECAR"	""	""	"https://repo.maven.apache.org/maven2/io/netty/netty-resolver/4.1.110.Final/netty-resolver-4.1.110.Final.jar.sha256 HTTP_404; https://dl.google.com/dl/android/maven2/io/netty/netty-resolver/4.1.110.Final/netty-resolver-4.1.110.Final.jar.sha256 HTTP_404"	"SIGNATURE_PRESENT_KEY_UNREVIEWED"	"https://repo.maven.apache.org/maven2/io/netty/netty-resolver/4.1.110.Final/netty-resolver-4.1.110.Final.jar.asc"	""	""	"SIGNATURE_ISSUER_HINT_ONLY_NOT_AUTHENTICATED"	"https://repo.maven.apache.org/maven2/io/netty/netty-resolver/4.1.110.Final/netty-resolver-4.1.110.Final.jar.asc"	"056ACA74D46000BF"	"7E22D50A7EBD9D2CD269B2D4056ACA74D46000BF"	"3291167dbfba4c3fdd0732de2b97b908fc2b3de751c7a7af1ff431cd4bb221bb"	""	"DECLARED_RELEASE_CONFIGURATION"
"artifact"	"io.netty"	"netty-transport"	"4.1.110.Final"	"netty-transport-4.1.110.Final.jar"	"517826"	"a42dd68390ca14b4ff2d40628a096c76485b4adb7c19602d5289321a0669e704"	"NO_MATCHING_SIDECAR"	""	""	"https://repo.maven.apache.org/maven2/io/netty/netty-transport/4.1.110.Final/netty-transport-4.1.110.Final.jar.sha256 HTTP_404; https://dl.google.com/dl/android/maven2/io/netty/netty-transport/4.1.110.Final/netty-transport-4.1.110.Final.jar.sha256 HTTP_404"	"SIGNATURE_PRESENT_KEY_UNREVIEWED"	"https://repo.maven.apache.org/maven2/io/netty/netty-transport/4.1.110.Final/netty-transport-4.1.110.Final.jar.asc"	""	""	"SIGNATURE_ISSUER_HINT_ONLY_NOT_AUTHENTICATED"	"https://repo.maven.apache.org/maven2/io/netty/netty-transport/4.1.110.Final/netty-transport-4.1.110.Final.jar.asc"	"056ACA74D46000BF"	"7E22D50A7EBD9D2CD269B2D4056ACA74D46000BF"	"a65b880e2aa0c9a8f90dba5b25dfa1076979c6f34bfdf398af60912a11ff5521"	""	"DECLARED_RELEASE_CONFIGURATION"
"artifact"	"io.netty"	"netty-transport-native-unix-common"	"4.1.110.Final"	"netty-transport-native-unix-common-4.1.110.Final.jar"	"44064"	"51717bb7471141950390c6713a449fdb1054d07e60737ee7dda7083796cdee48"	"NO_MATCHING_SIDECAR"	""	""	"https://repo.maven.apache.org/maven2/io/netty/netty-transport-native-unix-common/4.1.110.Final/netty-transport-native-unix-common-4.1.110.Final.jar.sha256 HTTP_404; https://dl.google.com/dl/android/maven2/io/netty/netty-transport-native-unix-common/4.1.110.Final/netty-transport-native-unix-common-4.1.110.Final.jar.sha256 HTTP_404"	"SIGNATURE_PRESENT_KEY_UNREVIEWED"	"https://repo.maven.apache.org/maven2/io/netty/netty-transport-native-unix-common/4.1.110.Final/netty-transport-native-unix-common-4.1.110.Final.jar.asc"	""	""	"SIGNATURE_ISSUER_HINT_ONLY_NOT_AUTHENTICATED"	"https://repo.maven.apache.org/maven2/io/netty/netty-transport-native-unix-common/4.1.110.Final/netty-transport-native-unix-common-4.1.110.Final.jar.asc"	"056ACA74D46000BF"	"7E22D50A7EBD9D2CD269B2D4056ACA74D46000BF"	"b0a51cf2fe1fecae32d1c868e203e7caba62cfac87d7413175c10064df53cf36"	""	"DECLARED_RELEASE_CONFIGURATION"
"artifact"	"io.perfmark"	"perfmark-api"	"0.27.0"	"perfmark-api-0.27.0.jar"	"6954"	"c7b478503ec524e55df19b424d46d27c8a68aeb801664fadd4f069b71f52d0f6"	"MATCH"	"c7b478503ec524e55df19b424d46d27c8a68aeb801664fadd4f069b71f52d0f6"	"https://repo.maven.apache.org/maven2/io/perfmark/perfmark-api/0.27.0/perfmark-api-0.27.0.jar.sha256"	""	""	""	""	""	""	""	""	""	""	""	"DECLARED_RELEASE_CONFIGURATION"
"artifact"	"jakarta.activation"	"jakarta.activation-api"	"1.2.1"	"jakarta.activation-api-1.2.1.jar"	"44399"	"8b0a0f52fa8b05c5431921a063ed866efaa41dadf2e3a7ee3e1961f2b0d9645b"	"NO_MATCHING_SIDECAR"	""	""	"https://repo.maven.apache.org/maven2/jakarta/activation/jakarta.activation-api/1.2.1/jakarta.activation-api-1.2.1.jar.sha256 HTTP_404; https://dl.google.com/dl/android/maven2/jakarta/activation/jakarta.activation-api/1.2.1/jakarta.activation-api-1.2.1.jar.sha256 HTTP_404"	"SIGNATURE_PRESENT_KEY_UNREVIEWED"	"https://repo.maven.apache.org/maven2/jakarta/activation/jakarta.activation-api/1.2.1/jakarta.activation-api-1.2.1.jar.asc"	""	""	"SIGNATURE_ISSUER_HINT_ONLY_NOT_AUTHENTICATED"	"https://repo.maven.apache.org/maven2/jakarta/activation/jakarta.activation-api/1.2.1/jakarta.activation-api-1.2.1.jar.asc"	"D908A43FB7EC07AC"	"6DD3B8C64EF75253BEB2C53AD908A43FB7EC07AC"	"81d1b9e21ef122d1819c3a334abead8b4febc4098e34ed7de5fba13799589924"	""	"DECLARED_RELEASE_CONFIGURATION"
"artifact"	"jakarta.xml.bind"	"jakarta.xml.bind-api"	"2.3.2"	"jakarta.xml.bind-api-2.3.2.jar"	"115498"	"69156304079bdeed9fc0ae3b39389f19b3cc4ba4443bc80508995394ead742ea"	"NO_MATCHING_SIDECAR"	""	""	"https://repo.maven.apache.org/maven2/jakarta/xml/bind/jakarta.xml.bind-api/2.3.2/jakarta.xml.bind-api-2.3.2.jar.sha256 HTTP_404; https://dl.google.com/dl/android/maven2/jakarta/xml/bind/jakarta.xml.bind-api/2.3.2/jakarta.xml.bind-api-2.3.2.jar.sha256 HTTP_404"	"SIGNATURE_PRESENT_KEY_UNREVIEWED"	"https://repo.maven.apache.org/maven2/jakarta/xml/bind/jakarta.xml.bind-api/2.3.2/jakarta.xml.bind-api-2.3.2.jar.asc"	""	""	"SIGNATURE_ISSUER_HINT_ONLY_NOT_AUTHENTICATED"	"https://repo.maven.apache.org/maven2/jakarta/xml/bind/jakarta.xml.bind-api/2.3.2/jakarta.xml.bind-api-2.3.2.jar.asc"	"8118B3BCDB1A5000"	"FC411CD3CB7DCB0ABC9801058118B3BCDB1A5000"	"80e050bd109905cb6f73126fc347d3d96ae3fdb3b044f50a7cd56cc6ec3f00a4"	""	"DECLARED_RELEASE_CONFIGURATION"
"artifact"	"javax.annotation"	"javax.annotation-api"	"1.3.2"	"javax.annotation-api-1.3.2.jar"	"26586"	"e04ba5195bcd555dc95650f7cc614d151e4bcd52d29a10b8aa2197f3ab89ab9b"	"NO_MATCHING_SIDECAR"	""	""	"https://repo.maven.apache.org/maven2/javax/annotation/javax.annotation-api/1.3.2/javax.annotation-api-1.3.2.jar.sha256 HTTP_404; https://dl.google.com/dl/android/maven2/javax/annotation/javax.annotation-api/1.3.2/javax.annotation-api-1.3.2.jar.sha256 HTTP_404"	"SIGNATURE_PRESENT_KEY_UNREVIEWED"	"https://repo.maven.apache.org/maven2/javax/annotation/javax.annotation-api/1.3.2/javax.annotation-api-1.3.2.jar.asc"	""	""	"SIGNATURE_ISSUER_HINT_ONLY_NOT_AUTHENTICATED"	"https://repo.maven.apache.org/maven2/javax/annotation/javax.annotation-api/1.3.2/javax.annotation-api-1.3.2.jar.asc"	"6425559C47CC79C4"	""	"3c893920d9b2ea1fe446eace86f32e264af2d01258fe2c3691b8e5480e090749"	""	"DECLARED_RELEASE_CONFIGURATION"
"artifact"	"javax.inject"	"javax.inject"	"1"	"javax.inject-1.jar"	"2497"	"91c77044a50c481636c32d916fd89c9118a72195390452c81065080f957de7ff"	"NO_MATCHING_SIDECAR"	""	""	"https://repo.maven.apache.org/maven2/javax/inject/javax.inject/1/javax.inject-1.jar.sha256 HTTP_404; https://dl.google.com/dl/android/maven2/javax/inject/javax.inject/1/javax.inject-1.jar.sha256 HTTP_404"	"NO_SIGNATURE_FOUND"	""	"https://repo.maven.apache.org/maven2/javax/inject/javax.inject/1/javax.inject-1.jar.asc HTTP_404; https://dl.google.com/dl/android/maven2/javax/inject/javax.inject/1/javax.inject-1.jar.asc HTTP_404"	""	"HTTPS_REPOSITORY_BYTES_MATCH_NO_INDEPENDENT_DIGEST"	"https://repo.maven.apache.org/maven2/javax/inject/javax.inject/1/javax.inject-1.jar"	""	""	""	"91c77044a50c481636c32d916fd89c9118a72195390452c81065080f957de7ff"	"DECLARED_RELEASE_CONFIGURATION"
"artifact"	"junit"	"junit"	"4.13.2"	"junit-4.13.2.jar"	"384581"	"8e495b634469d64fb8acfa3495a065cbacc8a0fff55ce1e31007be4c16dc57d3"	"NO_MATCHING_SIDECAR"	""	""	"https://repo.maven.apache.org/maven2/junit/junit/4.13.2/junit-4.13.2.jar.sha256 HTTP_404; https://dl.google.com/dl/android/maven2/junit/junit/4.13.2/junit-4.13.2.jar.sha256 HTTP_404"	"SIGNATURE_PRESENT_KEY_UNREVIEWED"	"https://repo.maven.apache.org/maven2/junit/junit/4.13.2/junit-4.13.2.jar.asc"	""	""	"SIGNATURE_ISSUER_HINT_ONLY_NOT_AUTHENTICATED"	"https://repo.maven.apache.org/maven2/junit/junit/4.13.2/junit-4.13.2.jar.asc"	"85911F425EC61B51"	"FF6E2C001948C5F2F38B0CC385911F425EC61B51"	"a8538f87f58b6f54b7a6ceffd01262b082c389622b0886c520878de1efb9eab9"	""	"DECLARED_RELEASE_CONFIGURATION"
"artifact"	"net.java.dev.jna"	"jna"	"5.6.0"	"jna-5.6.0.jar"	"1509440"	"5557e235a8aa2f9766d5dc609d67948f2a8832c2d796cea9ef1d6cbe0b3b7eaf"	"NO_MATCHING_SIDECAR"	""	""	"https://repo.maven.apache.org/maven2/net/java/dev/jna/jna/5.6.0/jna-5.6.0.jar.sha256 HTTP_404; https://dl.google.com/dl/android/maven2/net/java/dev/jna/jna/5.6.0/jna-5.6.0.jar.sha256 HTTP_404"	"SIGNATURE_PRESENT_KEY_UNREVIEWED"	"https://repo.maven.apache.org/maven2/net/java/dev/jna/jna/5.6.0/jna-5.6.0.jar.asc"	""	""	"SIGNATURE_ISSUER_HINT_ONLY_NOT_AUTHENTICATED"	"https://repo.maven.apache.org/maven2/net/java/dev/jna/jna/5.6.0/jna-5.6.0.jar.asc"	"15C71C0A4E0B8EDD"	"FA7929F83AD44C4590F6CC6815C71C0A4E0B8EDD"	"8357e3ad6fac4cf74bebc99a1a4d9cf70b55731b45b5f182915b18111eabfd27"	""	"DECLARED_RELEASE_CONFIGURATION"
"artifact"	"net.java.dev.jna"	"jna-platform"	"5.6.0"	"jna-platform-5.6.0.jar"	"2735878"	"9ecea8bf2b1b39963939d18b70464eef60c508fed8820f9dcaba0c35518eabf7"	"NO_MATCHING_SIDECAR"	""	""	"https://repo.maven.apache.org/maven2/net/java/dev/jna/jna-platform/5.6.0/jna-platform-5.6.0.jar.sha256 HTTP_404; https://dl.google.com/dl/android/maven2/net/java/dev/jna/jna-platform/5.6.0/jna-platform-5.6.0.jar.sha256 HTTP_404"	"SIGNATURE_PRESENT_KEY_UNREVIEWED"	"https://repo.maven.apache.org/maven2/net/java/dev/jna/jna-platform/5.6.0/jna-platform-5.6.0.jar.asc"	""	""	"SIGNATURE_ISSUER_HINT_ONLY_NOT_AUTHENTICATED"	"https://repo.maven.apache.org/maven2/net/java/dev/jna/jna-platform/5.6.0/jna-platform-5.6.0.jar.asc"	"15C71C0A4E0B8EDD"	"FA7929F83AD44C4590F6CC6815C71C0A4E0B8EDD"	"5c41c6259ba4e90304c93e5671bf6c873edea66e11e241eebc3b1254c0098f7e"	""	"DECLARED_RELEASE_CONFIGURATION"
"artifact"	"net.sf.jopt-simple"	"jopt-simple"	"4.9"	"jopt-simple-4.9.jar"	"66469"	"26c5856e954b5f864db76f13b86919b59c6eecf9fd930b96baa8884626baf2f5"	"NO_MATCHING_SIDECAR"	""	""	"https://repo.maven.apache.org/maven2/net/sf/jopt-simple/jopt-simple/4.9/jopt-simple-4.9.jar.sha256 HTTP_404; https://dl.google.com/dl/android/maven2/net/sf/jopt-simple/jopt-simple/4.9/jopt-simple-4.9.jar.sha256 HTTP_404"	"SIGNATURE_PRESENT_KEY_UNREVIEWED"	"https://repo.maven.apache.org/maven2/net/sf/jopt-simple/jopt-simple/4.9/jopt-simple-4.9.jar.asc"	""	""	"SIGNATURE_ISSUER_HINT_ONLY_NOT_AUTHENTICATED"	"https://repo.maven.apache.org/maven2/net/sf/jopt-simple/jopt-simple/4.9/jopt-simple-4.9.jar.asc"	"0DA8A5EC02D11EAD"	""	"6c348551e127e5ed554ccb2d53509e679370893cbd13e6c170d53263690330d7"	""	"DECLARED_RELEASE_CONFIGURATION"
"artifact"	"net.sf.kxml"	"kxml2"	"2.3.0"	"kxml2-2.3.0.jar"	"43858"	"f264dd9f79a1fde10ce5ecc53221eff24be4c9331c830b7d52f2f08a7b633de2"	"NO_MATCHING_SIDECAR"	""	""	"https://repo.maven.apache.org/maven2/net/sf/kxml/kxml2/2.3.0/kxml2-2.3.0.jar.sha256 HTTP_404; https://dl.google.com/dl/android/maven2/net/sf/kxml/kxml2/2.3.0/kxml2-2.3.0.jar.sha256 HTTP_404"	"NO_SIGNATURE_FOUND"	""	"https://repo.maven.apache.org/maven2/net/sf/kxml/kxml2/2.3.0/kxml2-2.3.0.jar.asc HTTP_404; https://dl.google.com/dl/android/maven2/net/sf/kxml/kxml2/2.3.0/kxml2-2.3.0.jar.asc HTTP_404"	""	"HTTPS_REPOSITORY_BYTES_MATCH_NO_INDEPENDENT_DIGEST"	"https://repo.maven.apache.org/maven2/net/sf/kxml/kxml2/2.3.0/kxml2-2.3.0.jar"	""	""	""	"f264dd9f79a1fde10ce5ecc53221eff24be4c9331c830b7d52f2f08a7b633de2"	"DECLARED_RELEASE_CONFIGURATION"
"artifact"	"org.apache.commons"	"commons-compress"	"1.21"	"commons-compress-1.21.jar"	"1018316"	"6aecfd5459728a595601cfa07258d131972ffc39b492eb48bdd596577a2f244a"	"MATCH"	"6aecfd5459728a595601cfa07258d131972ffc39b492eb48bdd596577a2f244a"	"https://repo.maven.apache.org/maven2/org/apache/commons/commons-compress/1.21/commons-compress-1.21.jar.sha256"	""	""	""	""	""	""	""	""	""	""	""	"DECLARED_RELEASE_CONFIGURATION"
"artifact"	"org.apache.cordova"	"framework"	"14.0.1"	"framework-14.0.1.aar"	"135972"	"ec4176f4fc47f4cf1c3202df31cd77f81809dfcdfc22a5d2a3939cab14dbfe4f"	"MATCH"	"ec4176f4fc47f4cf1c3202df31cd77f81809dfcdfc22a5d2a3939cab14dbfe4f"	"https://repo.maven.apache.org/maven2/org/apache/cordova/framework/14.0.1/framework-14.0.1.aar.sha256"	""	""	""	""	""	""	""	""	""	""	""	"DECLARED_RELEASE_CONFIGURATION"
"artifact"	"org.apache.httpcomponents"	"httpclient"	"4.5.14"	"httpclient-4.5.14.jar"	"785639"	"c8bc7e1c51a6d4ce72f40d2ebbabf1c4b68bfe76e732104b04381b493478e9d6"	"NO_MATCHING_SIDECAR"	""	""	"https://repo.maven.apache.org/maven2/org/apache/httpcomponents/httpclient/4.5.14/httpclient-4.5.14.jar.sha256 HTTP_404; https://dl.google.com/dl/android/maven2/org/apache/httpcomponents/httpclient/4.5.14/httpclient-4.5.14.jar.sha256 HTTP_404"	"SIGNATURE_PRESENT_KEY_UNREVIEWED"	"https://repo.maven.apache.org/maven2/org/apache/httpcomponents/httpclient/4.5.14/httpclient-4.5.14.jar.asc"	""	""	"PGP_VALID_OFFICIAL_APACHE_KEY_LEGACY_ALGORITHMS"	"https://downloads.apache.org/httpcomponents/KEYS"	"7C25280EAE63EBE5"	"0785B3EFF60B1B1BEA94E0BB7C25280EAE63EBE5"	"ad695a6df815cd790c9cc73487ada86e7f54c13fd523a4de6148d41e5055d2c0"	""	"DECLARED_RELEASE_CONFIGURATION"
"artifact"	"org.apache.httpcomponents"	"httpclient"	"4.5.6"	"httpclient-4.5.6.jar"	"767140"	"c03f813195e7a80e3608d0ddd8da80b21696a4c92a6a2298865bf149071551c7"	"NO_MATCHING_SIDECAR"	""	""	"https://repo.maven.apache.org/maven2/org/apache/httpcomponents/httpclient/4.5.6/httpclient-4.5.6.jar.sha256 HTTP_404; https://dl.google.com/dl/android/maven2/org/apache/httpcomponents/httpclient/4.5.6/httpclient-4.5.6.jar.sha256 HTTP_404"	"SIGNATURE_PRESENT_KEY_UNREVIEWED"	"https://repo.maven.apache.org/maven2/org/apache/httpcomponents/httpclient/4.5.6/httpclient-4.5.6.jar.asc"	""	""	"PGP_VALID_OFFICIAL_APACHE_KEY_LEGACY_ALGORITHMS"	"https://downloads.apache.org/httpcomponents/KEYS"	"7C25280EAE63EBE5"	"0785B3EFF60B1B1BEA94E0BB7C25280EAE63EBE5"	"094e2f5e2b26a58c0b9075f853afa4fa51c04fca4e42689c5fdd6665f1c7373c"	""	"LINT_RELEASE_TASK_TIME_OBSERVED_CACHE"
"artifact"	"org.apache.httpcomponents"	"httpcore"	"4.4.16"	"httpcore-4.4.16.jar"	"327891"	"6c9b3dd142a09dc468e23ad39aad6f75a0f2b85125104469f026e52a474e464f"	"NO_MATCHING_SIDECAR"	""	""	"https://repo.maven.apache.org/maven2/org/apache/httpcomponents/httpcore/4.4.16/httpcore-4.4.16.jar.sha256 HTTP_404; https://dl.google.com/dl/android/maven2/org/apache/httpcomponents/httpcore/4.4.16/httpcore-4.4.16.jar.sha256 HTTP_404"	"SIGNATURE_PRESENT_KEY_UNREVIEWED"	"https://repo.maven.apache.org/maven2/org/apache/httpcomponents/httpcore/4.4.16/httpcore-4.4.16.jar.asc"	""	""	"PGP_VALID_OFFICIAL_APACHE_KEY_LEGACY_ALGORITHMS"	"https://downloads.apache.org/httpcomponents/KEYS"	"7C25280EAE63EBE5"	"0785B3EFF60B1B1BEA94E0BB7C25280EAE63EBE5"	"3ef84d9c71218e4f1e2adeac577579232678d543b4fe8ac0d356eea9322f635c"	""	"DECLARED_RELEASE_CONFIGURATION"
"artifact"	"org.apache.httpcomponents"	"httpmime"	"4.5.6"	"httpmime-4.5.6.jar"	"41794"	"0b2b1102c18d3c7e05a77214b9b7501a6f6056174ae5604e0e256776eda7553e"	"NO_MATCHING_SIDECAR"	""	""	"https://repo.maven.apache.org/maven2/org/apache/httpcomponents/httpmime/4.5.6/httpmime-4.5.6.jar.sha256 HTTP_404; https://dl.google.com/dl/android/maven2/org/apache/httpcomponents/httpmime/4.5.6/httpmime-4.5.6.jar.sha256 HTTP_404"	"SIGNATURE_PRESENT_KEY_UNREVIEWED"	"https://repo.maven.apache.org/maven2/org/apache/httpcomponents/httpmime/4.5.6/httpmime-4.5.6.jar.asc"	""	""	"PGP_VALID_OFFICIAL_APACHE_KEY_LEGACY_ALGORITHMS"	"https://downloads.apache.org/httpcomponents/KEYS"	"7C25280EAE63EBE5"	"0785B3EFF60B1B1BEA94E0BB7C25280EAE63EBE5"	"9d1c323ed1bfa63d0a849ff8caa1c3c9a8cd2497b3d65f23121ccfd2f6912ea3"	""	"DECLARED_RELEASE_CONFIGURATION"
"artifact"	"org.bitbucket.b_c"	"jose4j"	"0.9.5"	"jose4j-0.9.5.jar"	"298683"	"808fb3166f3e67dad9811c331029ab1681242fd52b735bc3f33f281167fcc72e"	"NO_MATCHING_SIDECAR"	""	""	"https://repo.maven.apache.org/maven2/org/bitbucket/b_c/jose4j/0.9.5/jose4j-0.9.5.jar.sha256 HTTP_404; https://dl.google.com/dl/android/maven2/org/bitbucket/b_c/jose4j/0.9.5/jose4j-0.9.5.jar.sha256 HTTP_404"	"SIGNATURE_PRESENT_KEY_UNREVIEWED"	"https://repo.maven.apache.org/maven2/org/bitbucket/b_c/jose4j/0.9.5/jose4j-0.9.5.jar.asc"	""	""	"SIGNATURE_ISSUER_HINT_ONLY_NOT_AUTHENTICATED"	"https://repo.maven.apache.org/maven2/org/bitbucket/b_c/jose4j/0.9.5/jose4j-0.9.5.jar.asc"	"280D66A55F5316C5"	"3051D45031E13516A6E8FAFF280D66A55F5316C5"	"5ed55abab198b0b58f011b2f933dc48d0ea51a418b6dfdf1886460d139bddb9d"	""	"DECLARED_RELEASE_CONFIGURATION"
"artifact"	"org.bouncycastle"	"bcpkix-jdk18on"	"1.79"	"bcpkix-jdk18on-1.79.jar"	"1134345"	"3639a24ddf9ba4b7eba0659b44770e91eba816421888e571f285aadefe532cd6"	"MATCH"	"3639a24ddf9ba4b7eba0659b44770e91eba816421888e571f285aadefe532cd6"	"https://repo.maven.apache.org/maven2/org/bouncycastle/bcpkix-jdk18on/1.79/bcpkix-jdk18on-1.79.jar.sha256"	""	""	""	""	""	""	""	""	""	""	""	"DECLARED_RELEASE_CONFIGURATION"
"artifact"	"org.bouncycastle"	"bcprov-jdk18on"	"1.79"	"bcprov-jdk18on-1.79.jar"	"8575537"	"0d81ecc3124536b539bce9aa3fe9621b7f84c9cee371b635a5b31c78b79ab1da"	"MATCH"	"0d81ecc3124536b539bce9aa3fe9621b7f84c9cee371b635a5b31c78b79ab1da"	"https://repo.maven.apache.org/maven2/org/bouncycastle/bcprov-jdk18on/1.79/bcprov-jdk18on-1.79.jar.sha256"	""	""	""	""	""	""	""	""	""	""	""	"DECLARED_RELEASE_CONFIGURATION"
"artifact"	"org.bouncycastle"	"bcutil-jdk18on"	"1.79"	"bcutil-jdk18on-1.79.jar"	"705999"	"c70b88ada58938cbc2f005d40329054078bcfa1149e6ffc03e9242eb6ab21836"	"MATCH"	"c70b88ada58938cbc2f005d40329054078bcfa1149e6ffc03e9242eb6ab21836"	"https://repo.maven.apache.org/maven2/org/bouncycastle/bcutil-jdk18on/1.79/bcutil-jdk18on-1.79.jar.sha256"	""	""	""	""	""	""	""	""	""	""	""	"DECLARED_RELEASE_CONFIGURATION"
"artifact"	"org.checkerframework"	"checker-qual"	"3.12.0"	"checker-qual-3.12.0.jar"	"208835"	"ff10785ac2a357ec5de9c293cb982a2cbb605c0309ea4cc1cb9b9bc6dbe7f3cb"	"MATCH"	"ff10785ac2a357ec5de9c293cb982a2cbb605c0309ea4cc1cb9b9bc6dbe7f3cb"	"https://repo.maven.apache.org/maven2/org/checkerframework/checker-qual/3.12.0/checker-qual-3.12.0.jar.sha256"	""	""	""	""	""	""	""	""	""	""	""	"DECLARED_RELEASE_CONFIGURATION"
"artifact"	"org.checkerframework"	"checker-qual"	"3.43.0"	"checker-qual-3.43.0.jar"	"231525"	"3fbc2e98f05854c3df16df9abaa955b91b15b3ecac33623208ed6424640ef0f6"	"MATCH"	"3fbc2e98f05854c3df16df9abaa955b91b15b3ecac33623208ed6424640ef0f6"	"https://repo.maven.apache.org/maven2/org/checkerframework/checker-qual/3.43.0/checker-qual-3.43.0.jar.sha256"	""	""	""	""	""	""	""	""	""	""	""	"DECLARED_RELEASE_CONFIGURATION"
"artifact"	"org.codehaus.groovy"	"groovy"	"3.0.22"	"groovy-3.0.22.jar"	"8053888"	"c92c92c4b9b183f9981ba7399f36592e5e3ad6f4cdac7101b5a22cc17998d13f"	"MATCH"	"c92c92c4b9b183f9981ba7399f36592e5e3ad6f4cdac7101b5a22cc17998d13f"	"https://repo.maven.apache.org/maven2/org/codehaus/groovy/groovy/3.0.22/groovy-3.0.22.jar.sha256"	""	""	""	""	""	""	""	""	""	""	""	"LINT_RELEASE_TASK_TIME_OBSERVED_CACHE"
"artifact"	"org.codehaus.mojo"	"animal-sniffer-annotations"	"1.24"	"animal-sniffer-annotations-1.24.jar"	"3112"	"c720e6e5bcbe6b2f48ded75a47bccdb763eede79d14330102e0d352e3d89ed92"	"NO_MATCHING_SIDECAR"	""	""	"https://repo.maven.apache.org/maven2/org/codehaus/mojo/animal-sniffer-annotations/1.24/animal-sniffer-annotations-1.24.jar.sha256 HTTP_404; https://dl.google.com/dl/android/maven2/org/codehaus/mojo/animal-sniffer-annotations/1.24/animal-sniffer-annotations-1.24.jar.sha256 HTTP_404"	"SIGNATURE_PRESENT_KEY_UNREVIEWED"	"https://repo.maven.apache.org/maven2/org/codehaus/mojo/animal-sniffer-annotations/1.24/animal-sniffer-annotations-1.24.jar.asc"	""	""	"SIGNATURE_ISSUER_HINT_ONLY_NOT_AUTHENTICATED"	"https://repo.maven.apache.org/maven2/org/codehaus/mojo/animal-sniffer-annotations/1.24/animal-sniffer-annotations-1.24.jar.asc"	"CA80D1F0EB6CA4BA"	"32118CF76C9EC5D918E54967CA80D1F0EB6CA4BA"	"25b4382e1914dc712bb800f4b3aff6307dd45ce9be290cb1a819fe7cdd736754"	""	"DECLARED_RELEASE_CONFIGURATION"
"artifact"	"org.glassfish.jaxb"	"jaxb-runtime"	"2.3.2"	"jaxb-runtime-2.3.2.jar"	"1013367"	"e6e0a1e89fb6ff786279e6a0082d5cef52dc2ebe67053d041800737652b4fd1b"	"NO_MATCHING_SIDECAR"	""	""	"https://repo.maven.apache.org/maven2/org/glassfish/jaxb/jaxb-runtime/2.3.2/jaxb-runtime-2.3.2.jar.sha256 HTTP_404; https://dl.google.com/dl/android/maven2/org/glassfish/jaxb/jaxb-runtime/2.3.2/jaxb-runtime-2.3.2.jar.sha256 HTTP_404"	"SIGNATURE_PRESENT_KEY_UNREVIEWED"	"https://repo.maven.apache.org/maven2/org/glassfish/jaxb/jaxb-runtime/2.3.2/jaxb-runtime-2.3.2.jar.asc"	""	""	"SIGNATURE_ISSUER_HINT_ONLY_NOT_AUTHENTICATED"	"https://repo.maven.apache.org/maven2/org/glassfish/jaxb/jaxb-runtime/2.3.2/jaxb-runtime-2.3.2.jar.asc"	"7ECBD740FF06AEB5"	"04543577D6A9CC626239C50C7ECBD740FF06AEB5"	"48b7a0b9a7ef03e3b2c045925316992ff6b0d0a7038c81eaeb49180ced43ad7b"	""	"DECLARED_RELEASE_CONFIGURATION"
"artifact"	"org.glassfish.jaxb"	"txw2"	"2.3.2"	"txw2-2.3.2.jar"	"72080"	"4a6a9f483388d461b81aa9a28c685b8b74c0597993bf1884b04eddbca95f48fe"	"NO_MATCHING_SIDECAR"	""	""	"https://repo.maven.apache.org/maven2/org/glassfish/jaxb/txw2/2.3.2/txw2-2.3.2.jar.sha256 HTTP_404; https://dl.google.com/dl/android/maven2/org/glassfish/jaxb/txw2/2.3.2/txw2-2.3.2.jar.sha256 HTTP_404"	"SIGNATURE_PRESENT_KEY_UNREVIEWED"	"https://repo.maven.apache.org/maven2/org/glassfish/jaxb/txw2/2.3.2/txw2-2.3.2.jar.asc"	""	""	"SIGNATURE_ISSUER_HINT_ONLY_NOT_AUTHENTICATED"	"https://repo.maven.apache.org/maven2/org/glassfish/jaxb/txw2/2.3.2/txw2-2.3.2.jar.asc"	"7ECBD740FF06AEB5"	"04543577D6A9CC626239C50C7ECBD740FF06AEB5"	"5e53a7dca7c2698208a211799787a07e32d86a46edb198b4d4917af6fb943c64"	""	"DECLARED_RELEASE_CONFIGURATION"
"artifact"	"org.hamcrest"	"hamcrest-core"	"1.3"	"hamcrest-core-1.3.jar"	"45024"	"66fdef91e9739348df7a096aa384a5685f4e875584cce89386a7a47251c4d8e9"	"NO_MATCHING_SIDECAR"	""	""	"https://repo.maven.apache.org/maven2/org/hamcrest/hamcrest-core/1.3/hamcrest-core-1.3.jar.sha256 HTTP_404; https://dl.google.com/dl/android/maven2/org/hamcrest/hamcrest-core/1.3/hamcrest-core-1.3.jar.sha256 HTTP_404"	"SIGNATURE_PRESENT_KEY_UNREVIEWED"	"https://repo.maven.apache.org/maven2/org/hamcrest/hamcrest-core/1.3/hamcrest-core-1.3.jar.asc"	""	""	"SIGNATURE_ISSUER_HINT_ONLY_NOT_AUTHENTICATED"	"https://repo.maven.apache.org/maven2/org/hamcrest/hamcrest-core/1.3/hamcrest-core-1.3.jar.asc"	"A6ADFC93EF34893E"	""	"60d98e0f9d2de49babdfbd856c243aed978d1b48cd03ffa3dd8fbc4869861977"	""	"DECLARED_RELEASE_CONFIGURATION"
"artifact"	"org.jdom"	"jdom2"	"2.0.6"	"jdom2-2.0.6.jar"	"304924"	"1345f11ba606d15603d6740551a8c21947c0215640770ec67271fe78bea97cf5"	"NO_MATCHING_SIDECAR"	""	""	"https://repo.maven.apache.org/maven2/org/jdom/jdom2/2.0.6/jdom2-2.0.6.jar.sha256 HTTP_404; https://dl.google.com/dl/android/maven2/org/jdom/jdom2/2.0.6/jdom2-2.0.6.jar.sha256 HTTP_404"	"SIGNATURE_PRESENT_KEY_UNREVIEWED"	"https://repo.maven.apache.org/maven2/org/jdom/jdom2/2.0.6/jdom2-2.0.6.jar.asc"	""	""	"SIGNATURE_ISSUER_HINT_ONLY_NOT_AUTHENTICATED"	"https://repo.maven.apache.org/maven2/org/jdom/jdom2/2.0.6/jdom2-2.0.6.jar.asc"	"E93671C7272B7B3F"	""	"5ec4c48d1e77ba5d6ce1c8482630d0d300193b5b1e44ef9054ed3f69ae3fe838"	""	"DECLARED_RELEASE_CONFIGURATION"
"artifact"	"org.jetbrains"	"annotations"	"13.0"	"annotations-13.0.jar"	"17536"	"ace2a10dc8e2d5fd34925ecac03e4988b2c0f851650c94b8cef49ba1bd111478"	"NO_MATCHING_SIDECAR"	""	""	"https://repo.maven.apache.org/maven2/org/jetbrains/annotations/13.0/annotations-13.0.jar.sha256 HTTP_404; https://dl.google.com/dl/android/maven2/org/jetbrains/annotations/13.0/annotations-13.0.jar.sha256 HTTP_404"	"SIGNATURE_PRESENT_KEY_UNREVIEWED"	"https://repo.maven.apache.org/maven2/org/jetbrains/annotations/13.0/annotations-13.0.jar.asc"	""	""	"SIGNATURE_ISSUER_HINT_ONLY_NOT_AUTHENTICATED"	"https://repo.maven.apache.org/maven2/org/jetbrains/annotations/13.0/annotations-13.0.jar.asc"	"BCF4173966770193"	""	"13526d5a8de8461df15b65db409debb40a8eb1914fe1fb8fc93b46ae906486d0"	""	"DECLARED_RELEASE_CONFIGURATION"
"artifact"	"org.jetbrains"	"annotations"	"23.0.0"	"annotations-23.0.0.jar"	"29371"	"7b0f19724082cbfcbc66e5abea2b9bc92cf08a1ea11e191933ed43801eb3cd05"	"NO_MATCHING_SIDECAR"	""	""	"https://repo.maven.apache.org/maven2/org/jetbrains/annotations/23.0.0/annotations-23.0.0.jar.sha256 HTTP_404; https://dl.google.com/dl/android/maven2/org/jetbrains/annotations/23.0.0/annotations-23.0.0.jar.sha256 HTTP_404"	"SIGNATURE_PRESENT_KEY_UNREVIEWED"	"https://repo.maven.apache.org/maven2/org/jetbrains/annotations/23.0.0/annotations-23.0.0.jar.asc"	""	""	"SIGNATURE_ISSUER_HINT_ONLY_NOT_AUTHENTICATED"	"https://repo.maven.apache.org/maven2/org/jetbrains/annotations/23.0.0/annotations-23.0.0.jar.asc"	"C2148900BCD3C2AF"	"33FD4BFD33554634053D73C0C2148900BCD3C2AF"	"7a081d2aa41fe1e351e472847bf74a72cc0abb5be88789d2ccc9d0704a43be6b"	""	"DECLARED_RELEASE_CONFIGURATION"
"artifact"	"org.jetbrains.intellij.deps"	"trove4j"	"1.0.20200330"	"trove4j-1.0.20200330.jar"	"572985"	"c5fd725bffab51846bf3c77db1383c60aaaebfe1b7fe2f00d23fe1b7df0a439d"	"NO_MATCHING_SIDECAR"	""	""	"https://repo.maven.apache.org/maven2/org/jetbrains/intellij/deps/trove4j/1.0.20200330/trove4j-1.0.20200330.jar.sha256 HTTP_404; https://dl.google.com/dl/android/maven2/org/jetbrains/intellij/deps/trove4j/1.0.20200330/trove4j-1.0.20200330.jar.sha256 HTTP_404"	"SIGNATURE_PRESENT_KEY_UNREVIEWED"	"https://repo.maven.apache.org/maven2/org/jetbrains/intellij/deps/trove4j/1.0.20200330/trove4j-1.0.20200330.jar.asc"	""	""	"SIGNATURE_ISSUER_HINT_ONLY_NOT_AUTHENTICATED"	"https://repo.maven.apache.org/maven2/org/jetbrains/intellij/deps/trove4j/1.0.20200330/trove4j-1.0.20200330.jar.asc"	"379CE192D401AB61"	""	"523611b249bd776caa8020ccd8a2764dd33c25bd288da77038dfa31174b42c8b"	""	"DECLARED_RELEASE_CONFIGURATION"
"artifact"	"org.jetbrains.kotlin"	"abi-tools-api"	"2.2.20"	"abi-tools-api-2.2.20.jar"	"13313"	"f1c866eac5dc088f3fd081100843409bf4f1612bbb998fbaa1f685325cae0d55"	"NO_MATCHING_SIDECAR"	""	""	"https://repo.maven.apache.org/maven2/org/jetbrains/kotlin/abi-tools-api/2.2.20/abi-tools-api-2.2.20.jar.sha256 HTTP_404; https://dl.google.com/dl/android/maven2/org/jetbrains/kotlin/abi-tools-api/2.2.20/abi-tools-api-2.2.20.jar.sha256 HTTP_404"	"SIGNATURE_VALID_OFFICIAL_KOTLIN_PRIMARY_BOUND_SUBKEY"	"https://repo.maven.apache.org/maven2/org/jetbrains/kotlin/abi-tools-api/2.2.20/abi-tools-api-2.2.20.jar.asc"	""	""	"PGP_VALID_KOTLIN_OFFICIAL_PRIMARY_BOUND_SUBKEY"	"https://kotlinlang.org/docs/security.html"	"6A0975F8B1127B83"	"6F538074CCEBF35F28AF9B066A0975F8B1127B83"	"e512eb9b5a6ac5e13b832fb06292e467c4f95167e0ca230c2bc4e67d2150fc5a"	""	"DECLARED_RELEASE_CONFIGURATION"
"artifact"	"org.jetbrains.kotlin"	"fus-statistics-gradle-plugin"	"2.2.20"	"fus-statistics-gradle-plugin-2.2.20-gradle813.jar"	"81689"	"3a69595b6c75fbf92d320168745c698ff7114b8607841050d48498823006e871"	"NO_MATCHING_SIDECAR"	""	""	"https://repo.maven.apache.org/maven2/org/jetbrains/kotlin/fus-statistics-gradle-plugin/2.2.20/fus-statistics-gradle-plugin-2.2.20-gradle813.jar.sha256 HTTP_404; https://dl.google.com/dl/android/maven2/org/jetbrains/kotlin/fus-statistics-gradle-plugin/2.2.20/fus-statistics-gradle-plugin-2.2.20-gradle813.jar.sha256 HTTP_404"	"SIGNATURE_VALID_OFFICIAL_KOTLIN_PRIMARY_BOUND_SUBKEY"	"https://repo.maven.apache.org/maven2/org/jetbrains/kotlin/fus-statistics-gradle-plugin/2.2.20/fus-statistics-gradle-plugin-2.2.20-gradle813.jar.asc"	""	""	"PGP_VALID_KOTLIN_OFFICIAL_PRIMARY_BOUND_SUBKEY"	"https://kotlinlang.org/docs/security.html"	"6A0975F8B1127B83"	"6F538074CCEBF35F28AF9B066A0975F8B1127B83"	"c1afc807870300dbe103b4f60ea8f9cfe38de08974c39978904e5a62a3b35625"	""	"DECLARED_RELEASE_CONFIGURATION"
"artifact"	"org.jetbrains.kotlin"	"kotlin-build-common"	"2.1.0"	"kotlin-build-common-2.1.0.jar"	"524216"	"3a5d34e8b1ed8b80ee22d54488c2a425cf7b685481916d726ffb9994088d2cb9"	"NO_MATCHING_SIDECAR"	""	""	"https://repo.maven.apache.org/maven2/org/jetbrains/kotlin/kotlin-build-common/2.1.0/kotlin-build-common-2.1.0.jar.sha256 HTTP_404; https://dl.google.com/dl/android/maven2/org/jetbrains/kotlin/kotlin-build-common/2.1.0/kotlin-build-common-2.1.0.jar.sha256 HTTP_404"	"SIGNATURE_VALID_OFFICIAL_KOTLIN_PRIMARY_BOUND_SUBKEY"	"https://repo.maven.apache.org/maven2/org/jetbrains/kotlin/kotlin-build-common/2.1.0/kotlin-build-common-2.1.0.jar.asc"	""	""	"PGP_VALID_KOTLIN_OFFICIAL_PRIMARY_BOUND_SUBKEY"	"https://kotlinlang.org/docs/security.html"	"6A0975F8B1127B83"	"6F538074CCEBF35F28AF9B066A0975F8B1127B83"	"99439313d58c904df821a11f0882be41297c2d904f3c3f15db88125c2b4a6bbf"	""	"DECLARED_RELEASE_CONFIGURATION"
"artifact"	"org.jetbrains.kotlin"	"kotlin-build-statistics"	"2.1.0"	"kotlin-build-statistics-2.1.0.jar"	"123423"	"32bc03764535ddbc2db1f98836579af6b631c8bea62071864ab02145f2769fbb"	"NO_MATCHING_SIDECAR"	""	""	"https://repo.maven.apache.org/maven2/org/jetbrains/kotlin/kotlin-build-statistics/2.1.0/kotlin-build-statistics-2.1.0.jar.sha256 HTTP_404; https://dl.google.com/dl/android/maven2/org/jetbrains/kotlin/kotlin-build-statistics/2.1.0/kotlin-build-statistics-2.1.0.jar.sha256 HTTP_404"	"SIGNATURE_VALID_OFFICIAL_KOTLIN_PRIMARY_BOUND_SUBKEY"	"https://repo.maven.apache.org/maven2/org/jetbrains/kotlin/kotlin-build-statistics/2.1.0/kotlin-build-statistics-2.1.0.jar.asc"	""	""	"PGP_VALID_KOTLIN_OFFICIAL_PRIMARY_BOUND_SUBKEY"	"https://kotlinlang.org/docs/security.html"	"6A0975F8B1127B83"	"6F538074CCEBF35F28AF9B066A0975F8B1127B83"	"2ac354372150248654ca7cf270b326b66e7d6a44508048f50043cf836de6475a"	""	"DECLARED_RELEASE_CONFIGURATION"
"artifact"	"org.jetbrains.kotlin"	"kotlin-build-statistics"	"2.2.20"	"kotlin-build-statistics-2.2.20.jar"	"128482"	"fb654a4f5bc56368759173129df49107ad09dc5b4172b01775afb3fa72579dd5"	"NO_MATCHING_SIDECAR"	""	""	"https://repo.maven.apache.org/maven2/org/jetbrains/kotlin/kotlin-build-statistics/2.2.20/kotlin-build-statistics-2.2.20.jar.sha256 HTTP_404; https://dl.google.com/dl/android/maven2/org/jetbrains/kotlin/kotlin-build-statistics/2.2.20/kotlin-build-statistics-2.2.20.jar.sha256 HTTP_404"	"SIGNATURE_VALID_OFFICIAL_KOTLIN_PRIMARY_BOUND_SUBKEY"	"https://repo.maven.apache.org/maven2/org/jetbrains/kotlin/kotlin-build-statistics/2.2.20/kotlin-build-statistics-2.2.20.jar.asc"	""	""	"PGP_VALID_KOTLIN_OFFICIAL_PRIMARY_BOUND_SUBKEY"	"https://kotlinlang.org/docs/security.html"	"6A0975F8B1127B83"	"6F538074CCEBF35F28AF9B066A0975F8B1127B83"	"0ffe40fdf90eee0902e850830a4089ab789c7851d9ad4c256a19614caf4cf7e9"	""	"DECLARED_RELEASE_CONFIGURATION"
"artifact"	"org.jetbrains.kotlin"	"kotlin-build-tools-api"	"2.1.0"	"kotlin-build-tools-api-2.1.0.jar"	"29340"	"f145b814f9c01328c2c369a6b8fc77434cac02a7d68f0e05d0dd4cada78bbac7"	"NO_MATCHING_SIDECAR"	""	""	"https://repo.maven.apache.org/maven2/org/jetbrains/kotlin/kotlin-build-tools-api/2.1.0/kotlin-build-tools-api-2.1.0.jar.sha256 HTTP_404; https://dl.google.com/dl/android/maven2/org/jetbrains/kotlin/kotlin-build-tools-api/2.1.0/kotlin-build-tools-api-2.1.0.jar.sha256 HTTP_404"	"SIGNATURE_VALID_OFFICIAL_KOTLIN_PRIMARY_BOUND_SUBKEY"	"https://repo.maven.apache.org/maven2/org/jetbrains/kotlin/kotlin-build-tools-api/2.1.0/kotlin-build-tools-api-2.1.0.jar.asc"	""	""	"PGP_VALID_KOTLIN_OFFICIAL_PRIMARY_BOUND_SUBKEY"	"https://kotlinlang.org/docs/security.html"	"6A0975F8B1127B83"	"6F538074CCEBF35F28AF9B066A0975F8B1127B83"	"1c45a38a8cd86c632c95ac02044b0ccbbcc47043614070c35fef9e3c300dc093"	""	"DECLARED_RELEASE_CONFIGURATION"
"artifact"	"org.jetbrains.kotlin"	"kotlin-build-tools-api"	"2.2.20"	"kotlin-build-tools-api-2.2.20.jar"	"45040"	"fd9947b3a17621a86fabd953af87f34bd2bb7f8b26dae92c1ed7be7472f44c3b"	"NO_MATCHING_SIDECAR"	""	""	"https://repo.maven.apache.org/maven2/org/jetbrains/kotlin/kotlin-build-tools-api/2.2.20/kotlin-build-tools-api-2.2.20.jar.sha256 HTTP_404; https://dl.google.com/dl/android/maven2/org/jetbrains/kotlin/kotlin-build-tools-api/2.2.20/kotlin-build-tools-api-2.2.20.jar.sha256 HTTP_404"	"SIGNATURE_VALID_OFFICIAL_KOTLIN_PRIMARY_BOUND_SUBKEY"	"https://repo.maven.apache.org/maven2/org/jetbrains/kotlin/kotlin-build-tools-api/2.2.20/kotlin-build-tools-api-2.2.20.jar.asc"	""	""	"PGP_VALID_KOTLIN_OFFICIAL_PRIMARY_BOUND_SUBKEY"	"https://kotlinlang.org/docs/security.html"	"6A0975F8B1127B83"	"6F538074CCEBF35F28AF9B066A0975F8B1127B83"	"4bc301f05173efe20732656a9633d1fcaa349bf547f21e945aab1474cc7ae325"	""	"DECLARED_RELEASE_CONFIGURATION"
"artifact"	"org.jetbrains.kotlin"	"kotlin-build-tools-impl"	"2.1.0"	"kotlin-build-tools-impl-2.1.0.jar"	"54378"	"958827bc3711fc3c3491fc77f367a999ad558352b1a2b32d18f5916cce15ed39"	"NO_MATCHING_SIDECAR"	""	""	"https://repo.maven.apache.org/maven2/org/jetbrains/kotlin/kotlin-build-tools-impl/2.1.0/kotlin-build-tools-impl-2.1.0.jar.sha256 HTTP_404; https://dl.google.com/dl/android/maven2/org/jetbrains/kotlin/kotlin-build-tools-impl/2.1.0/kotlin-build-tools-impl-2.1.0.jar.sha256 HTTP_404"	"SIGNATURE_VALID_OFFICIAL_KOTLIN_PRIMARY_BOUND_SUBKEY"	"https://repo.maven.apache.org/maven2/org/jetbrains/kotlin/kotlin-build-tools-impl/2.1.0/kotlin-build-tools-impl-2.1.0.jar.asc"	""	""	"PGP_VALID_KOTLIN_OFFICIAL_PRIMARY_BOUND_SUBKEY"	"https://kotlinlang.org/docs/security.html"	"6A0975F8B1127B83"	"6F538074CCEBF35F28AF9B066A0975F8B1127B83"	"a74884c9eddf3c03c1ad78311e10ad8b6e52ed521b48fdf95b3e80f445b4430d"	""	"DECLARED_RELEASE_CONFIGURATION"
"artifact"	"org.jetbrains.kotlin"	"kotlin-compiler-embeddable"	"2.1.0"	"kotlin-compiler-embeddable-2.1.0.jar"	"58801389"	"c1b139a6f251c3b99e92befa326cb75d93a001d74c3ac601155a8cdb0d253783"	"NO_MATCHING_SIDECAR"	""	""	"https://repo.maven.apache.org/maven2/org/jetbrains/kotlin/kotlin-compiler-embeddable/2.1.0/kotlin-compiler-embeddable-2.1.0.jar.sha256 HTTP_404; https://dl.google.com/dl/android/maven2/org/jetbrains/kotlin/kotlin-compiler-embeddable/2.1.0/kotlin-compiler-embeddable-2.1.0.jar.sha256 HTTP_404"	"SIGNATURE_VALID_OFFICIAL_KOTLIN_PRIMARY_BOUND_SUBKEY"	"https://repo.maven.apache.org/maven2/org/jetbrains/kotlin/kotlin-compiler-embeddable/2.1.0/kotlin-compiler-embeddable-2.1.0.jar.asc"	""	""	"PGP_VALID_KOTLIN_OFFICIAL_PRIMARY_BOUND_SUBKEY"	"https://kotlinlang.org/docs/security.html"	"6A0975F8B1127B83"	"6F538074CCEBF35F28AF9B066A0975F8B1127B83"	"d3d079ffe17efbecdb1eedf217cbe36c27b5d8e97e5747512ed2ad4143b2d123"	""	"DECLARED_RELEASE_CONFIGURATION"
"artifact"	"org.jetbrains.kotlin"	"kotlin-compiler-runner"	"2.1.0"	"kotlin-compiler-runner-2.1.0.jar"	"19829"	"915872c85112df5bc08ec25a1af5d86a2d3f82b1d845310eee62be5508c13497"	"NO_MATCHING_SIDECAR"	""	""	"https://repo.maven.apache.org/maven2/org/jetbrains/kotlin/kotlin-compiler-runner/2.1.0/kotlin-compiler-runner-2.1.0.jar.sha256 HTTP_404; https://dl.google.com/dl/android/maven2/org/jetbrains/kotlin/kotlin-compiler-runner/2.1.0/kotlin-compiler-runner-2.1.0.jar.sha256 HTTP_404"	"SIGNATURE_VALID_OFFICIAL_KOTLIN_PRIMARY_BOUND_SUBKEY"	"https://repo.maven.apache.org/maven2/org/jetbrains/kotlin/kotlin-compiler-runner/2.1.0/kotlin-compiler-runner-2.1.0.jar.asc"	""	""	"PGP_VALID_KOTLIN_OFFICIAL_PRIMARY_BOUND_SUBKEY"	"https://kotlinlang.org/docs/security.html"	"6A0975F8B1127B83"	"6F538074CCEBF35F28AF9B066A0975F8B1127B83"	"e63e6a4f8a60d7f9c757dfede66d2ca2665c6124b794c754ca8fbf7a0869eb68"	""	"DECLARED_RELEASE_CONFIGURATION"
"artifact"	"org.jetbrains.kotlin"	"kotlin-compiler-runner"	"2.2.20"	"kotlin-compiler-runner-2.2.20.jar"	"19825"	"faf96834fa2004d78bd8e4420f5828de3d4272427d6474798024ea6e9cf85cdd"	"NO_MATCHING_SIDECAR"	""	""	"https://repo.maven.apache.org/maven2/org/jetbrains/kotlin/kotlin-compiler-runner/2.2.20/kotlin-compiler-runner-2.2.20.jar.sha256 HTTP_404; https://dl.google.com/dl/android/maven2/org/jetbrains/kotlin/kotlin-compiler-runner/2.2.20/kotlin-compiler-runner-2.2.20.jar.sha256 HTTP_404"	"SIGNATURE_VALID_OFFICIAL_KOTLIN_PRIMARY_BOUND_SUBKEY"	"https://repo.maven.apache.org/maven2/org/jetbrains/kotlin/kotlin-compiler-runner/2.2.20/kotlin-compiler-runner-2.2.20.jar.asc"	""	""	"PGP_VALID_KOTLIN_OFFICIAL_PRIMARY_BOUND_SUBKEY"	"https://kotlinlang.org/docs/security.html"	"6A0975F8B1127B83"	"6F538074CCEBF35F28AF9B066A0975F8B1127B83"	"308a92757fb88d9ba6d82a93e061a575751f8227e2f9983b39a36a5b8e989cf0"	""	"DECLARED_RELEASE_CONFIGURATION"
"artifact"	"org.jetbrains.kotlin"	"kotlin-daemon-client"	"2.1.0"	"kotlin-daemon-client-2.1.0.jar"	"243012"	"1751dabfcd76b58f878b90df6a602241ec4e4cd6fed60e2d5c2201c5068451e3"	"NO_MATCHING_SIDECAR"	""	""	"https://repo.maven.apache.org/maven2/org/jetbrains/kotlin/kotlin-daemon-client/2.1.0/kotlin-daemon-client-2.1.0.jar.sha256 HTTP_404; https://dl.google.com/dl/android/maven2/org/jetbrains/kotlin/kotlin-daemon-client/2.1.0/kotlin-daemon-client-2.1.0.jar.sha256 HTTP_404"	"SIGNATURE_VALID_OFFICIAL_KOTLIN_PRIMARY_BOUND_SUBKEY"	"https://repo.maven.apache.org/maven2/org/jetbrains/kotlin/kotlin-daemon-client/2.1.0/kotlin-daemon-client-2.1.0.jar.asc"	""	""	"PGP_VALID_KOTLIN_OFFICIAL_PRIMARY_BOUND_SUBKEY"	"https://kotlinlang.org/docs/security.html"	"6A0975F8B1127B83"	"6F538074CCEBF35F28AF9B066A0975F8B1127B83"	"f10e3c5b593f5606141d2d4ce42030d63a8361d45a7ef33a2a3d58e2872b775e"	""	"DECLARED_RELEASE_CONFIGURATION"
"artifact"	"org.jetbrains.kotlin"	"kotlin-daemon-client"	"2.2.20"	"kotlin-daemon-client-2.2.20.jar"	"243194"	"70ef7cdcdc301077b9b3ba21aa9e9c55a76afb3ffbdfef4ab562a677d18dfa4c"	"NO_MATCHING_SIDECAR"	""	""	"https://repo.maven.apache.org/maven2/org/jetbrains/kotlin/kotlin-daemon-client/2.2.20/kotlin-daemon-client-2.2.20.jar.sha256 HTTP_404; https://dl.google.com/dl/android/maven2/org/jetbrains/kotlin/kotlin-daemon-client/2.2.20/kotlin-daemon-client-2.2.20.jar.sha256 HTTP_404"	"SIGNATURE_VALID_OFFICIAL_KOTLIN_PRIMARY_BOUND_SUBKEY"	"https://repo.maven.apache.org/maven2/org/jetbrains/kotlin/kotlin-daemon-client/2.2.20/kotlin-daemon-client-2.2.20.jar.asc"	""	""	"PGP_VALID_KOTLIN_OFFICIAL_PRIMARY_BOUND_SUBKEY"	"https://kotlinlang.org/docs/security.html"	"6A0975F8B1127B83"	"6F538074CCEBF35F28AF9B066A0975F8B1127B83"	"eebc924ae1ea071aa4e748261508f64be7ea18de34e754177bd75c31d55e05bf"	""	"DECLARED_RELEASE_CONFIGURATION"
"artifact"	"org.jetbrains.kotlin"	"kotlin-daemon-embeddable"	"2.1.0"	"kotlin-daemon-embeddable-2.1.0.jar"	"346166"	"6aa581bd53c3500e380e4bb6b2407f6d233910012f425349c2ed5a8ddbe29eac"	"NO_MATCHING_SIDECAR"	""	""	"https://repo.maven.apache.org/maven2/org/jetbrains/kotlin/kotlin-daemon-embeddable/2.1.0/kotlin-daemon-embeddable-2.1.0.jar.sha256 HTTP_404; https://dl.google.com/dl/android/maven2/org/jetbrains/kotlin/kotlin-daemon-embeddable/2.1.0/kotlin-daemon-embeddable-2.1.0.jar.sha256 HTTP_404"	"SIGNATURE_VALID_OFFICIAL_KOTLIN_PRIMARY_BOUND_SUBKEY"	"https://repo.maven.apache.org/maven2/org/jetbrains/kotlin/kotlin-daemon-embeddable/2.1.0/kotlin-daemon-embeddable-2.1.0.jar.asc"	""	""	"PGP_VALID_KOTLIN_OFFICIAL_PRIMARY_BOUND_SUBKEY"	"https://kotlinlang.org/docs/security.html"	"6A0975F8B1127B83"	"6F538074CCEBF35F28AF9B066A0975F8B1127B83"	"7b67b3cd5685515ee479b4deb4f320dd239985eb7733a37e34b7d5b82449f19e"	""	"DECLARED_RELEASE_CONFIGURATION"
"artifact"	"org.jetbrains.kotlin"	"kotlin-gradle-plugin"	"2.1.0"	"kotlin-gradle-plugin-2.1.0-gradle85.jar"	"28864735"	"caafc71157634bf7864f44026f5a63d256881c1cd9711456325266a53bafe728"	"NO_MATCHING_SIDECAR"	""	""	"https://repo.maven.apache.org/maven2/org/jetbrains/kotlin/kotlin-gradle-plugin/2.1.0/kotlin-gradle-plugin-2.1.0-gradle85.jar.sha256 HTTP_404; https://dl.google.com/dl/android/maven2/org/jetbrains/kotlin/kotlin-gradle-plugin/2.1.0/kotlin-gradle-plugin-2.1.0-gradle85.jar.sha256 HTTP_404"	"SIGNATURE_VALID_OFFICIAL_KOTLIN_PRIMARY_BOUND_SUBKEY"	"https://repo.maven.apache.org/maven2/org/jetbrains/kotlin/kotlin-gradle-plugin/2.1.0/kotlin-gradle-plugin-2.1.0-gradle85.jar.asc"	""	""	"PGP_VALID_KOTLIN_OFFICIAL_PRIMARY_BOUND_SUBKEY"	"https://kotlinlang.org/docs/security.html"	"6A0975F8B1127B83"	"6F538074CCEBF35F28AF9B066A0975F8B1127B83"	"0d92fb0c1bb5c583373733fabbff9a5fa10f8c67e95f0dc2fa9403418cda1b0c"	""	"DECLARED_RELEASE_CONFIGURATION"
"artifact"	"org.jetbrains.kotlin"	"kotlin-gradle-plugin"	"2.2.20"	"kotlin-gradle-plugin-2.2.20-gradle813.jar"	"23807949"	"5d325b5c2c5d4bc8bf44145d24eb4d4beb060d13d11ebe48898936ed5cd1564e"	"NO_MATCHING_SIDECAR"	""	""	"https://repo.maven.apache.org/maven2/org/jetbrains/kotlin/kotlin-gradle-plugin/2.2.20/kotlin-gradle-plugin-2.2.20-gradle813.jar.sha256 HTTP_404; https://dl.google.com/dl/android/maven2/org/jetbrains/kotlin/kotlin-gradle-plugin/2.2.20/kotlin-gradle-plugin-2.2.20-gradle813.jar.sha256 HTTP_404"	"SIGNATURE_VALID_OFFICIAL_KOTLIN_PRIMARY_BOUND_SUBKEY"	"https://repo.maven.apache.org/maven2/org/jetbrains/kotlin/kotlin-gradle-plugin/2.2.20/kotlin-gradle-plugin-2.2.20-gradle813.jar.asc"	""	""	"PGP_VALID_KOTLIN_OFFICIAL_PRIMARY_BOUND_SUBKEY"	"https://kotlinlang.org/docs/security.html"	"6A0975F8B1127B83"	"6F538074CCEBF35F28AF9B066A0975F8B1127B83"	"fd666bc8368269f6340ff0c8cc440942f8a4d6ba6c1dfc2e2de5183c912c1974"	""	"DECLARED_RELEASE_CONFIGURATION"
"artifact"	"org.jetbrains.kotlin"	"kotlin-gradle-plugin-annotations"	"2.1.0"	"kotlin-gradle-plugin-annotations-2.1.0.jar"	"6212"	"d53e97f0e13a37d8fa98fb44cd67e45d3bcf8b4278fdbe1acd1ddbccc740f74b"	"NO_MATCHING_SIDECAR"	""	""	"https://repo.maven.apache.org/maven2/org/jetbrains/kotlin/kotlin-gradle-plugin-annotations/2.1.0/kotlin-gradle-plugin-annotations-2.1.0.jar.sha256 HTTP_404; https://dl.google.com/dl/android/maven2/org/jetbrains/kotlin/kotlin-gradle-plugin-annotations/2.1.0/kotlin-gradle-plugin-annotations-2.1.0.jar.sha256 HTTP_404"	"SIGNATURE_VALID_OFFICIAL_KOTLIN_PRIMARY_BOUND_SUBKEY"	"https://repo.maven.apache.org/maven2/org/jetbrains/kotlin/kotlin-gradle-plugin-annotations/2.1.0/kotlin-gradle-plugin-annotations-2.1.0.jar.asc"	""	""	"PGP_VALID_KOTLIN_OFFICIAL_PRIMARY_BOUND_SUBKEY"	"https://kotlinlang.org/docs/security.html"	"6A0975F8B1127B83"	"6F538074CCEBF35F28AF9B066A0975F8B1127B83"	"5c1624322cf6be5004ce833c4a03da461b23ce48e2265c0aff9b79dc8c7050cd"	""	"DECLARED_RELEASE_CONFIGURATION"
"artifact"	"org.jetbrains.kotlin"	"kotlin-gradle-plugin-annotations"	"2.2.20"	"kotlin-gradle-plugin-annotations-2.2.20.jar"	"4687"	"4fc32a1be645ca7404e21b24452088f93e8e993eaffd26f36bd35dbf75c60752"	"NO_MATCHING_SIDECAR"	""	""	"https://repo.maven.apache.org/maven2/org/jetbrains/kotlin/kotlin-gradle-plugin-annotations/2.2.20/kotlin-gradle-plugin-annotations-2.2.20.jar.sha256 HTTP_404; https://dl.google.com/dl/android/maven2/org/jetbrains/kotlin/kotlin-gradle-plugin-annotations/2.2.20/kotlin-gradle-plugin-annotations-2.2.20.jar.sha256 HTTP_404"	"SIGNATURE_VALID_OFFICIAL_KOTLIN_PRIMARY_BOUND_SUBKEY"	"https://repo.maven.apache.org/maven2/org/jetbrains/kotlin/kotlin-gradle-plugin-annotations/2.2.20/kotlin-gradle-plugin-annotations-2.2.20.jar.asc"	""	""	"PGP_VALID_KOTLIN_OFFICIAL_PRIMARY_BOUND_SUBKEY"	"https://kotlinlang.org/docs/security.html"	"6A0975F8B1127B83"	"6F538074CCEBF35F28AF9B066A0975F8B1127B83"	"f760461067147b82d0d08825edfecf5b85d438ec7c4cf840b30e6e79303b6778"	""	"DECLARED_RELEASE_CONFIGURATION"
"artifact"	"org.jetbrains.kotlin"	"kotlin-gradle-plugin-api"	"2.1.0"	"kotlin-gradle-plugin-api-2.1.0.jar"	"268741"	"bf03d64ecffcb66d73fea0991768dd75cbeb1192d47c7a48b61ba7f7ca258858"	"NO_MATCHING_SIDECAR"	""	""	"https://repo.maven.apache.org/maven2/org/jetbrains/kotlin/kotlin-gradle-plugin-api/2.1.0/kotlin-gradle-plugin-api-2.1.0.jar.sha256 HTTP_404; https://dl.google.com/dl/android/maven2/org/jetbrains/kotlin/kotlin-gradle-plugin-api/2.1.0/kotlin-gradle-plugin-api-2.1.0.jar.sha256 HTTP_404"	"SIGNATURE_VALID_OFFICIAL_KOTLIN_PRIMARY_BOUND_SUBKEY"	"https://repo.maven.apache.org/maven2/org/jetbrains/kotlin/kotlin-gradle-plugin-api/2.1.0/kotlin-gradle-plugin-api-2.1.0.jar.asc"	""	""	"PGP_VALID_KOTLIN_OFFICIAL_PRIMARY_BOUND_SUBKEY"	"https://kotlinlang.org/docs/security.html"	"6A0975F8B1127B83"	"6F538074CCEBF35F28AF9B066A0975F8B1127B83"	"f78117709468f1a234fddd5754d095c5d11c14ab18256f1570f17406c9e80f60"	""	"DECLARED_RELEASE_CONFIGURATION"
"artifact"	"org.jetbrains.kotlin"	"kotlin-gradle-plugin-api"	"2.2.20"	"kotlin-gradle-plugin-api-2.2.20-gradle813.jar"	"295543"	"7607ee5c7a0ca53fa592ee7c540ee808962a7bad8fee9ed78fe674841463d95d"	"NO_MATCHING_SIDECAR"	""	""	"https://repo.maven.apache.org/maven2/org/jetbrains/kotlin/kotlin-gradle-plugin-api/2.2.20/kotlin-gradle-plugin-api-2.2.20-gradle813.jar.sha256 HTTP_404; https://dl.google.com/dl/android/maven2/org/jetbrains/kotlin/kotlin-gradle-plugin-api/2.2.20/kotlin-gradle-plugin-api-2.2.20-gradle813.jar.sha256 HTTP_404"	"SIGNATURE_VALID_OFFICIAL_KOTLIN_PRIMARY_BOUND_SUBKEY"	"https://repo.maven.apache.org/maven2/org/jetbrains/kotlin/kotlin-gradle-plugin-api/2.2.20/kotlin-gradle-plugin-api-2.2.20-gradle813.jar.asc"	""	""	"PGP_VALID_KOTLIN_OFFICIAL_PRIMARY_BOUND_SUBKEY"	"https://kotlinlang.org/docs/security.html"	"6A0975F8B1127B83"	"6F538074CCEBF35F28AF9B066A0975F8B1127B83"	"128eca9506a6a1f2981d32902b205d77ede8543df10271ff668df68e4cf364da"	""	"DECLARED_RELEASE_CONFIGURATION"
"artifact"	"org.jetbrains.kotlin"	"kotlin-gradle-plugin-api"	"2.2.20"	"kotlin-gradle-plugin-api-2.2.20.jar"	"295543"	"7607ee5c7a0ca53fa592ee7c540ee808962a7bad8fee9ed78fe674841463d95d"	"NO_MATCHING_SIDECAR"	""	""	"https://repo.maven.apache.org/maven2/org/jetbrains/kotlin/kotlin-gradle-plugin-api/2.2.20/kotlin-gradle-plugin-api-2.2.20.jar.sha256 HTTP_404; https://dl.google.com/dl/android/maven2/org/jetbrains/kotlin/kotlin-gradle-plugin-api/2.2.20/kotlin-gradle-plugin-api-2.2.20.jar.sha256 HTTP_404"	"SIGNATURE_VALID_OFFICIAL_KOTLIN_PRIMARY_BOUND_SUBKEY"	"https://repo.maven.apache.org/maven2/org/jetbrains/kotlin/kotlin-gradle-plugin-api/2.2.20/kotlin-gradle-plugin-api-2.2.20.jar.asc"	""	""	"PGP_VALID_KOTLIN_OFFICIAL_PRIMARY_BOUND_SUBKEY"	"https://kotlinlang.org/docs/security.html"	"6A0975F8B1127B83"	"6F538074CCEBF35F28AF9B066A0975F8B1127B83"	"4148f47f6ef3f0d9592ce02fe2b3b09bacaeaa6c4687c1564739e0434042ed05"	""	"DECLARED_RELEASE_CONFIGURATION"
"artifact"	"org.jetbrains.kotlin"	"kotlin-gradle-plugin-idea"	"2.1.0"	"kotlin-gradle-plugin-idea-2.1.0.jar"	"94683"	"1a7e8d40f5498649e7b1995e87bd73504875254ad9cad093b86b81347e80151c"	"NO_MATCHING_SIDECAR"	""	""	"https://repo.maven.apache.org/maven2/org/jetbrains/kotlin/kotlin-gradle-plugin-idea/2.1.0/kotlin-gradle-plugin-idea-2.1.0.jar.sha256 HTTP_404; https://dl.google.com/dl/android/maven2/org/jetbrains/kotlin/kotlin-gradle-plugin-idea/2.1.0/kotlin-gradle-plugin-idea-2.1.0.jar.sha256 HTTP_404"	"SIGNATURE_VALID_OFFICIAL_KOTLIN_PRIMARY_BOUND_SUBKEY"	"https://repo.maven.apache.org/maven2/org/jetbrains/kotlin/kotlin-gradle-plugin-idea/2.1.0/kotlin-gradle-plugin-idea-2.1.0.jar.asc"	""	""	"PGP_VALID_KOTLIN_OFFICIAL_PRIMARY_BOUND_SUBKEY"	"https://kotlinlang.org/docs/security.html"	"6A0975F8B1127B83"	"6F538074CCEBF35F28AF9B066A0975F8B1127B83"	"d65a70b9731451d6dd8e8a8cba68ed35cb66f040ad042eef33dcccff7e5187fe"	""	"DECLARED_RELEASE_CONFIGURATION"
"artifact"	"org.jetbrains.kotlin"	"kotlin-gradle-plugin-idea"	"2.2.20"	"kotlin-gradle-plugin-idea-2.2.20.jar"	"94962"	"ec969c5f0b099f823846232238f9bd64f3d3741e62ea9050ad2e432fad79d0a0"	"NO_MATCHING_SIDECAR"	""	""	"https://repo.maven.apache.org/maven2/org/jetbrains/kotlin/kotlin-gradle-plugin-idea/2.2.20/kotlin-gradle-plugin-idea-2.2.20.jar.sha256 HTTP_404; https://dl.google.com/dl/android/maven2/org/jetbrains/kotlin/kotlin-gradle-plugin-idea/2.2.20/kotlin-gradle-plugin-idea-2.2.20.jar.sha256 HTTP_404"	"SIGNATURE_VALID_OFFICIAL_KOTLIN_PRIMARY_BOUND_SUBKEY"	"https://repo.maven.apache.org/maven2/org/jetbrains/kotlin/kotlin-gradle-plugin-idea/2.2.20/kotlin-gradle-plugin-idea-2.2.20.jar.asc"	""	""	"PGP_VALID_KOTLIN_OFFICIAL_PRIMARY_BOUND_SUBKEY"	"https://kotlinlang.org/docs/security.html"	"6A0975F8B1127B83"	"6F538074CCEBF35F28AF9B066A0975F8B1127B83"	"99ed6c6a458cb706c9d15d88416b43e57c9d3aafeaac55b4612dd12b87822ddb"	""	"DECLARED_RELEASE_CONFIGURATION"
"artifact"	"org.jetbrains.kotlin"	"kotlin-gradle-plugin-idea-proto"	"2.1.0"	"kotlin-gradle-plugin-idea-proto-2.1.0.jar"	"2405291"	"96d0c169ae7e8191935f748146b9f64a1f6f25d121941e29714faaab089da910"	"NO_MATCHING_SIDECAR"	""	""	"https://repo.maven.apache.org/maven2/org/jetbrains/kotlin/kotlin-gradle-plugin-idea-proto/2.1.0/kotlin-gradle-plugin-idea-proto-2.1.0.jar.sha256 HTTP_404; https://dl.google.com/dl/android/maven2/org/jetbrains/kotlin/kotlin-gradle-plugin-idea-proto/2.1.0/kotlin-gradle-plugin-idea-proto-2.1.0.jar.sha256 HTTP_404"	"SIGNATURE_VALID_OFFICIAL_KOTLIN_PRIMARY_BOUND_SUBKEY"	"https://repo.maven.apache.org/maven2/org/jetbrains/kotlin/kotlin-gradle-plugin-idea-proto/2.1.0/kotlin-gradle-plugin-idea-proto-2.1.0.jar.asc"	""	""	"PGP_VALID_KOTLIN_OFFICIAL_PRIMARY_BOUND_SUBKEY"	"https://kotlinlang.org/docs/security.html"	"6A0975F8B1127B83"	"6F538074CCEBF35F28AF9B066A0975F8B1127B83"	"37daa5d1204affcf97feb800f71009946a333336287278170f7e89e29422ee53"	""	"DECLARED_RELEASE_CONFIGURATION"
"artifact"	"org.jetbrains.kotlin"	"kotlin-gradle-plugin-idea-proto"	"2.2.20"	"kotlin-gradle-plugin-idea-proto-2.2.20.jar"	"2675603"	"76d16ee59cde1e6a70556b5d40486ef9f11c1643a87493c19c4df331653837d9"	"NO_MATCHING_SIDECAR"	""	""	"https://repo.maven.apache.org/maven2/org/jetbrains/kotlin/kotlin-gradle-plugin-idea-proto/2.2.20/kotlin-gradle-plugin-idea-proto-2.2.20.jar.sha256 HTTP_404; https://dl.google.com/dl/android/maven2/org/jetbrains/kotlin/kotlin-gradle-plugin-idea-proto/2.2.20/kotlin-gradle-plugin-idea-proto-2.2.20.jar.sha256 HTTP_404"	"SIGNATURE_VALID_OFFICIAL_KOTLIN_PRIMARY_BOUND_SUBKEY"	"https://repo.maven.apache.org/maven2/org/jetbrains/kotlin/kotlin-gradle-plugin-idea-proto/2.2.20/kotlin-gradle-plugin-idea-proto-2.2.20.jar.asc"	""	""	"PGP_VALID_KOTLIN_OFFICIAL_PRIMARY_BOUND_SUBKEY"	"https://kotlinlang.org/docs/security.html"	"6A0975F8B1127B83"	"6F538074CCEBF35F28AF9B066A0975F8B1127B83"	"7cd6de42d25e88668f5f130461c56d49a5d728132a5bf1fc79978f4c018bc487"	""	"DECLARED_RELEASE_CONFIGURATION"
"artifact"	"org.jetbrains.kotlin"	"kotlin-gradle-plugin-model"	"2.1.0"	"kotlin-gradle-plugin-model-2.1.0.jar"	"13203"	"306832bc994a061f3bf3f1be592b23945057080499e7dc33c52cb69e33d19164"	"NO_MATCHING_SIDECAR"	""	""	"https://repo.maven.apache.org/maven2/org/jetbrains/kotlin/kotlin-gradle-plugin-model/2.1.0/kotlin-gradle-plugin-model-2.1.0.jar.sha256 HTTP_404; https://dl.google.com/dl/android/maven2/org/jetbrains/kotlin/kotlin-gradle-plugin-model/2.1.0/kotlin-gradle-plugin-model-2.1.0.jar.sha256 HTTP_404"	"SIGNATURE_VALID_OFFICIAL_KOTLIN_PRIMARY_BOUND_SUBKEY"	"https://repo.maven.apache.org/maven2/org/jetbrains/kotlin/kotlin-gradle-plugin-model/2.1.0/kotlin-gradle-plugin-model-2.1.0.jar.asc"	""	""	"PGP_VALID_KOTLIN_OFFICIAL_PRIMARY_BOUND_SUBKEY"	"https://kotlinlang.org/docs/security.html"	"6A0975F8B1127B83"	"6F538074CCEBF35F28AF9B066A0975F8B1127B83"	"e3dce3b86d6a5653f4bb8ef23903fe190c4f56b64def7f5991abf1bee0baa146"	""	"DECLARED_RELEASE_CONFIGURATION"
"artifact"	"org.jetbrains.kotlin"	"kotlin-gradle-plugin-model"	"2.2.20"	"kotlin-gradle-plugin-model-2.2.20.jar"	"13260"	"53a32152826320601852049a0b6f7538ca8bb57fd09d87accd118bc68d43f8e4"	"NO_MATCHING_SIDECAR"	""	""	"https://repo.maven.apache.org/maven2/org/jetbrains/kotlin/kotlin-gradle-plugin-model/2.2.20/kotlin-gradle-plugin-model-2.2.20.jar.sha256 HTTP_404; https://dl.google.com/dl/android/maven2/org/jetbrains/kotlin/kotlin-gradle-plugin-model/2.2.20/kotlin-gradle-plugin-model-2.2.20.jar.sha256 HTTP_404"	"SIGNATURE_VALID_OFFICIAL_KOTLIN_PRIMARY_BOUND_SUBKEY"	"https://repo.maven.apache.org/maven2/org/jetbrains/kotlin/kotlin-gradle-plugin-model/2.2.20/kotlin-gradle-plugin-model-2.2.20.jar.asc"	""	""	"PGP_VALID_KOTLIN_OFFICIAL_PRIMARY_BOUND_SUBKEY"	"https://kotlinlang.org/docs/security.html"	"6A0975F8B1127B83"	"6F538074CCEBF35F28AF9B066A0975F8B1127B83"	"3bd06acc2c03bff6a09bb693205707cb796abf1f1118e9a8b504db875f1eac2d"	""	"DECLARED_RELEASE_CONFIGURATION"
"artifact"	"org.jetbrains.kotlin"	"kotlin-klib-commonizer-api"	"2.1.0"	"kotlin-klib-commonizer-api-2.1.0.jar"	"73469"	"05fcb427938d6e2379a8430bb6613ab2fe2089d057e064530e7225b864cf9e37"	"NO_MATCHING_SIDECAR"	""	""	"https://repo.maven.apache.org/maven2/org/jetbrains/kotlin/kotlin-klib-commonizer-api/2.1.0/kotlin-klib-commonizer-api-2.1.0.jar.sha256 HTTP_404; https://dl.google.com/dl/android/maven2/org/jetbrains/kotlin/kotlin-klib-commonizer-api/2.1.0/kotlin-klib-commonizer-api-2.1.0.jar.sha256 HTTP_404"	"SIGNATURE_VALID_OFFICIAL_KOTLIN_PRIMARY_BOUND_SUBKEY"	"https://repo.maven.apache.org/maven2/org/jetbrains/kotlin/kotlin-klib-commonizer-api/2.1.0/kotlin-klib-commonizer-api-2.1.0.jar.asc"	""	""	"PGP_VALID_KOTLIN_OFFICIAL_PRIMARY_BOUND_SUBKEY"	"https://kotlinlang.org/docs/security.html"	"6A0975F8B1127B83"	"6F538074CCEBF35F28AF9B066A0975F8B1127B83"	"348fac0063acd03c1806aa6c151e6ed294bba9aa79f6a4b37e906bc396ab191e"	""	"DECLARED_RELEASE_CONFIGURATION"
"artifact"	"org.jetbrains.kotlin"	"kotlin-klib-commonizer-api"	"2.2.20"	"kotlin-klib-commonizer-api-2.2.20.jar"	"73429"	"3982be45b12930e21819b589db3707c8e84ce257bf2ace7fc62fc8df368f5b3e"	"NO_MATCHING_SIDECAR"	""	""	"https://repo.maven.apache.org/maven2/org/jetbrains/kotlin/kotlin-klib-commonizer-api/2.2.20/kotlin-klib-commonizer-api-2.2.20.jar.sha256 HTTP_404; https://dl.google.com/dl/android/maven2/org/jetbrains/kotlin/kotlin-klib-commonizer-api/2.2.20/kotlin-klib-commonizer-api-2.2.20.jar.sha256 HTTP_404"	"SIGNATURE_VALID_OFFICIAL_KOTLIN_PRIMARY_BOUND_SUBKEY"	"https://repo.maven.apache.org/maven2/org/jetbrains/kotlin/kotlin-klib-commonizer-api/2.2.20/kotlin-klib-commonizer-api-2.2.20.jar.asc"	""	""	"PGP_VALID_KOTLIN_OFFICIAL_PRIMARY_BOUND_SUBKEY"	"https://kotlinlang.org/docs/security.html"	"6A0975F8B1127B83"	"6F538074CCEBF35F28AF9B066A0975F8B1127B83"	"b95b33fb21aa5019b6f5498e6883b724b611a2cc957b75888e272018fb46c20c"	""	"DECLARED_RELEASE_CONFIGURATION"
"artifact"	"org.jetbrains.kotlin"	"kotlin-native-utils"	"2.1.0"	"kotlin-native-utils-2.1.0.jar"	"432246"	"c4396feba6d0a24ab717426b36418e945b7cd0f50d77c866524f26676f968439"	"NO_MATCHING_SIDECAR"	""	""	"https://repo.maven.apache.org/maven2/org/jetbrains/kotlin/kotlin-native-utils/2.1.0/kotlin-native-utils-2.1.0.jar.sha256 HTTP_404; https://dl.google.com/dl/android/maven2/org/jetbrains/kotlin/kotlin-native-utils/2.1.0/kotlin-native-utils-2.1.0.jar.sha256 HTTP_404"	"SIGNATURE_VALID_OFFICIAL_KOTLIN_PRIMARY_BOUND_SUBKEY"	"https://repo.maven.apache.org/maven2/org/jetbrains/kotlin/kotlin-native-utils/2.1.0/kotlin-native-utils-2.1.0.jar.asc"	""	""	"PGP_VALID_KOTLIN_OFFICIAL_PRIMARY_BOUND_SUBKEY"	"https://kotlinlang.org/docs/security.html"	"6A0975F8B1127B83"	"6F538074CCEBF35F28AF9B066A0975F8B1127B83"	"9102fbbfa1bf82a823e1389991861fb182a85667069f12d8e5908cf214ab3a67"	""	"DECLARED_RELEASE_CONFIGURATION"
"artifact"	"org.jetbrains.kotlin"	"kotlin-native-utils"	"2.2.20"	"kotlin-native-utils-2.2.20.jar"	"410245"	"5017774a2aea41ff8712137116cd4d8003fe9aba1200c106e65730feb5bb7442"	"NO_MATCHING_SIDECAR"	""	""	"https://repo.maven.apache.org/maven2/org/jetbrains/kotlin/kotlin-native-utils/2.2.20/kotlin-native-utils-2.2.20.jar.sha256 HTTP_404; https://dl.google.com/dl/android/maven2/org/jetbrains/kotlin/kotlin-native-utils/2.2.20/kotlin-native-utils-2.2.20.jar.sha256 HTTP_404"	"SIGNATURE_VALID_OFFICIAL_KOTLIN_PRIMARY_BOUND_SUBKEY"	"https://repo.maven.apache.org/maven2/org/jetbrains/kotlin/kotlin-native-utils/2.2.20/kotlin-native-utils-2.2.20.jar.asc"	""	""	"PGP_VALID_KOTLIN_OFFICIAL_PRIMARY_BOUND_SUBKEY"	"https://kotlinlang.org/docs/security.html"	"6A0975F8B1127B83"	"6F538074CCEBF35F28AF9B066A0975F8B1127B83"	"7c9bcf97ed96e424ae8a875f8ae4ce5348cd2586722cf45fa9f9bcf2d153ca85"	""	"DECLARED_RELEASE_CONFIGURATION"
"artifact"	"org.jetbrains.kotlin"	"kotlin-reflect"	"1.6.10"	"kotlin-reflect-1.6.10.jar"	"3038560"	"3277ac102ae17aad10a55abec75ff5696c8d109790396434b496e75087854203"	"NO_MATCHING_SIDECAR"	""	""	"https://repo.maven.apache.org/maven2/org/jetbrains/kotlin/kotlin-reflect/1.6.10/kotlin-reflect-1.6.10.jar.sha256 HTTP_404; https://dl.google.com/dl/android/maven2/org/jetbrains/kotlin/kotlin-reflect/1.6.10/kotlin-reflect-1.6.10.jar.sha256 HTTP_404"	"SIGNATURE_VALID_OFFICIAL_KOTLIN_PRIMARY_BOUND_SUBKEY"	"https://repo.maven.apache.org/maven2/org/jetbrains/kotlin/kotlin-reflect/1.6.10/kotlin-reflect-1.6.10.jar.asc"	""	""	"PGP_VALID_KOTLIN_OFFICIAL_PRIMARY_BOUND_SUBKEY"	"https://kotlinlang.org/docs/security.html"	"6A0975F8B1127B83"	"6F538074CCEBF35F28AF9B066A0975F8B1127B83"	"e494e961cc11410fa5b7069c58d2cf8fa122af2a386c16e9e850cc266f4f0702"	""	"DECLARED_RELEASE_CONFIGURATION"
"artifact"	"org.jetbrains.kotlin"	"kotlin-reflect"	"1.8.21"	"kotlin-reflect-1.8.21.jar"	"3180995"	"8a6cd5a3cf092acee274ce2c444dc36eefdb631579859dd4d857b3309a529c91"	"NO_MATCHING_SIDECAR"	""	""	"https://repo.maven.apache.org/maven2/org/jetbrains/kotlin/kotlin-reflect/1.8.21/kotlin-reflect-1.8.21.jar.sha256 HTTP_404; https://dl.google.com/dl/android/maven2/org/jetbrains/kotlin/kotlin-reflect/1.8.21/kotlin-reflect-1.8.21.jar.sha256 HTTP_404"	"SIGNATURE_VALID_OFFICIAL_KOTLIN_PRIMARY_BOUND_SUBKEY"	"https://repo.maven.apache.org/maven2/org/jetbrains/kotlin/kotlin-reflect/1.8.21/kotlin-reflect-1.8.21.jar.asc"	""	""	"PGP_VALID_KOTLIN_OFFICIAL_PRIMARY_BOUND_SUBKEY"	"https://kotlinlang.org/docs/security.html"	"6A0975F8B1127B83"	"6F538074CCEBF35F28AF9B066A0975F8B1127B83"	"94c8ce5da010ecd6422f3b552af0f0ab6912a4afac79b42698978a7d4a3f6da5"	""	"DECLARED_RELEASE_CONFIGURATION"
"artifact"	"org.jetbrains.kotlin"	"kotlin-reflect"	"2.2.0"	"kotlin-reflect-2.2.0.jar"	"3298629"	"230d91c2e410e3cfca3a4dc73d255455f62ff52aac091a33397a6e30bde91bf7"	"NO_MATCHING_SIDECAR"	""	""	"https://repo.maven.apache.org/maven2/org/jetbrains/kotlin/kotlin-reflect/2.2.0/kotlin-reflect-2.2.0.jar.sha256 HTTP_404; https://dl.google.com/dl/android/maven2/org/jetbrains/kotlin/kotlin-reflect/2.2.0/kotlin-reflect-2.2.0.jar.sha256 HTTP_404"	"SIGNATURE_VALID_OFFICIAL_KOTLIN_PRIMARY_BOUND_SUBKEY"	"https://repo.maven.apache.org/maven2/org/jetbrains/kotlin/kotlin-reflect/2.2.0/kotlin-reflect-2.2.0.jar.asc"	""	""	"PGP_VALID_KOTLIN_OFFICIAL_PRIMARY_BOUND_SUBKEY"	"https://kotlinlang.org/docs/security.html"	"6A0975F8B1127B83"	"6F538074CCEBF35F28AF9B066A0975F8B1127B83"	"c19de8dcda88b881061d059d9ccce72a3e7dd818f0162cbe43f0a2ebfbf15b1f"	""	"DECLARED_RELEASE_CONFIGURATION"
"artifact"	"org.jetbrains.kotlin"	"kotlin-script-runtime"	"2.1.0"	"kotlin-script-runtime-2.1.0.jar"	"43363"	"15a2b82119e9f145ea028029bd31166584648a419157c20948c124fa33d40e50"	"NO_MATCHING_SIDECAR"	""	""	"https://repo.maven.apache.org/maven2/org/jetbrains/kotlin/kotlin-script-runtime/2.1.0/kotlin-script-runtime-2.1.0.jar.sha256 HTTP_404; https://dl.google.com/dl/android/maven2/org/jetbrains/kotlin/kotlin-script-runtime/2.1.0/kotlin-script-runtime-2.1.0.jar.sha256 HTTP_404"	"SIGNATURE_VALID_OFFICIAL_KOTLIN_PRIMARY_BOUND_SUBKEY"	"https://repo.maven.apache.org/maven2/org/jetbrains/kotlin/kotlin-script-runtime/2.1.0/kotlin-script-runtime-2.1.0.jar.asc"	""	""	"PGP_VALID_KOTLIN_OFFICIAL_PRIMARY_BOUND_SUBKEY"	"https://kotlinlang.org/docs/security.html"	"6A0975F8B1127B83"	"6F538074CCEBF35F28AF9B066A0975F8B1127B83"	"d7af8f73deb8136f51946e22850fdfce362b5549990b8450708b0e0aa0e03934"	""	"DECLARED_RELEASE_CONFIGURATION"
"artifact"	"org.jetbrains.kotlin"	"kotlin-scripting-common"	"2.1.0"	"kotlin-scripting-common-2.1.0.jar"	"195963"	"d3ebe15699ec1a7fb6c3b5fa939eb6b888b3273e6c0597d2c2e3aaa0e46afa45"	"NO_MATCHING_SIDECAR"	""	""	"https://repo.maven.apache.org/maven2/org/jetbrains/kotlin/kotlin-scripting-common/2.1.0/kotlin-scripting-common-2.1.0.jar.sha256 HTTP_404; https://dl.google.com/dl/android/maven2/org/jetbrains/kotlin/kotlin-scripting-common/2.1.0/kotlin-scripting-common-2.1.0.jar.sha256 HTTP_404"	"SIGNATURE_VALID_OFFICIAL_KOTLIN_PRIMARY_BOUND_SUBKEY"	"https://repo.maven.apache.org/maven2/org/jetbrains/kotlin/kotlin-scripting-common/2.1.0/kotlin-scripting-common-2.1.0.jar.asc"	""	""	"PGP_VALID_KOTLIN_OFFICIAL_PRIMARY_BOUND_SUBKEY"	"https://kotlinlang.org/docs/security.html"	"6A0975F8B1127B83"	"6F538074CCEBF35F28AF9B066A0975F8B1127B83"	"17d995425e4b6b82ddb0e03561f5ed5e031440701c09ba95964846725d478dce"	""	"DECLARED_RELEASE_CONFIGURATION"
"artifact"	"org.jetbrains.kotlin"	"kotlin-scripting-compiler-embeddable"	"2.1.0"	"kotlin-scripting-compiler-embeddable-2.1.0.jar"	"386299"	"b2abc6d959c915af92a289aed14a530eaf09e48613f283da0a4e8d3444340fc3"	"NO_MATCHING_SIDECAR"	""	""	"https://repo.maven.apache.org/maven2/org/jetbrains/kotlin/kotlin-scripting-compiler-embeddable/2.1.0/kotlin-scripting-compiler-embeddable-2.1.0.jar.sha256 HTTP_404; https://dl.google.com/dl/android/maven2/org/jetbrains/kotlin/kotlin-scripting-compiler-embeddable/2.1.0/kotlin-scripting-compiler-embeddable-2.1.0.jar.sha256 HTTP_404"	"SIGNATURE_VALID_OFFICIAL_KOTLIN_PRIMARY_BOUND_SUBKEY"	"https://repo.maven.apache.org/maven2/org/jetbrains/kotlin/kotlin-scripting-compiler-embeddable/2.1.0/kotlin-scripting-compiler-embeddable-2.1.0.jar.asc"	""	""	"PGP_VALID_KOTLIN_OFFICIAL_PRIMARY_BOUND_SUBKEY"	"https://kotlinlang.org/docs/security.html"	"6A0975F8B1127B83"	"6F538074CCEBF35F28AF9B066A0975F8B1127B83"	"527bf62e12457b27046ff827f993ae368e7997038cc49359a35c63e9eb50cc74"	""	"DECLARED_RELEASE_CONFIGURATION"
"artifact"	"org.jetbrains.kotlin"	"kotlin-scripting-compiler-impl-embeddable"	"2.1.0"	"kotlin-scripting-compiler-impl-embeddable-2.1.0.jar"	"226141"	"8a900406012ba5eda8925856253f72235451db387f0ce50ed31d655c9e5c66d6"	"NO_MATCHING_SIDECAR"	""	""	"https://repo.maven.apache.org/maven2/org/jetbrains/kotlin/kotlin-scripting-compiler-impl-embeddable/2.1.0/kotlin-scripting-compiler-impl-embeddable-2.1.0.jar.sha256 HTTP_404; https://dl.google.com/dl/android/maven2/org/jetbrains/kotlin/kotlin-scripting-compiler-impl-embeddable/2.1.0/kotlin-scripting-compiler-impl-embeddable-2.1.0.jar.sha256 HTTP_404"	"SIGNATURE_VALID_OFFICIAL_KOTLIN_PRIMARY_BOUND_SUBKEY"	"https://repo.maven.apache.org/maven2/org/jetbrains/kotlin/kotlin-scripting-compiler-impl-embeddable/2.1.0/kotlin-scripting-compiler-impl-embeddable-2.1.0.jar.asc"	""	""	"PGP_VALID_KOTLIN_OFFICIAL_PRIMARY_BOUND_SUBKEY"	"https://kotlinlang.org/docs/security.html"	"6A0975F8B1127B83"	"6F538074CCEBF35F28AF9B066A0975F8B1127B83"	"69af9c412194714d5344aff5f44f08d8ef5460a0bf0ff24aaa088cbcdeda5fa7"	""	"DECLARED_RELEASE_CONFIGURATION"
"artifact"	"org.jetbrains.kotlin"	"kotlin-scripting-jvm"	"2.1.0"	"kotlin-scripting-jvm-2.1.0.jar"	"149761"	"c5a21b6d07ef677970b328f9ebff115282285e62c85fa1866e84e4d7be3a44a3"	"NO_MATCHING_SIDECAR"	""	""	"https://repo.maven.apache.org/maven2/org/jetbrains/kotlin/kotlin-scripting-jvm/2.1.0/kotlin-scripting-jvm-2.1.0.jar.sha256 HTTP_404; https://dl.google.com/dl/android/maven2/org/jetbrains/kotlin/kotlin-scripting-jvm/2.1.0/kotlin-scripting-jvm-2.1.0.jar.sha256 HTTP_404"	"SIGNATURE_VALID_OFFICIAL_KOTLIN_PRIMARY_BOUND_SUBKEY"	"https://repo.maven.apache.org/maven2/org/jetbrains/kotlin/kotlin-scripting-jvm/2.1.0/kotlin-scripting-jvm-2.1.0.jar.asc"	""	""	"PGP_VALID_KOTLIN_OFFICIAL_PRIMARY_BOUND_SUBKEY"	"https://kotlinlang.org/docs/security.html"	"6A0975F8B1127B83"	"6F538074CCEBF35F28AF9B066A0975F8B1127B83"	"04de4ec7d718ef32427b056dd55e9fd6e0f354591c445086af59ab811376925d"	""	"DECLARED_RELEASE_CONFIGURATION"
"artifact"	"org.jetbrains.kotlin"	"kotlin-stdlib"	"2.1.0"	"kotlin-stdlib-2.1.0.jar"	"1690048"	"d6f91b7b0f306cca299fec74fb7c34e4874d6f5ec5b925a0b4de21901e119c3f"	"NO_MATCHING_SIDECAR"	""	""	"https://repo.maven.apache.org/maven2/org/jetbrains/kotlin/kotlin-stdlib/2.1.0/kotlin-stdlib-2.1.0.jar.sha256 HTTP_404; https://dl.google.com/dl/android/maven2/org/jetbrains/kotlin/kotlin-stdlib/2.1.0/kotlin-stdlib-2.1.0.jar.sha256 HTTP_404"	"SIGNATURE_VALID_OFFICIAL_KOTLIN_PRIMARY_BOUND_SUBKEY"	"https://repo.maven.apache.org/maven2/org/jetbrains/kotlin/kotlin-stdlib/2.1.0/kotlin-stdlib-2.1.0.jar.asc"	""	""	"PGP_VALID_KOTLIN_OFFICIAL_PRIMARY_BOUND_SUBKEY"	"https://kotlinlang.org/docs/security.html"	"6A0975F8B1127B83"	"6F538074CCEBF35F28AF9B066A0975F8B1127B83"	"0ff8640c0bd60b9092a62d18d38f8e8ddfc781c77bebf08198273a8c94f44ce3"	""	"DECLARED_RELEASE_CONFIGURATION"
"artifact"	"org.jetbrains.kotlin"	"kotlin-stdlib"	"2.2.0"	"kotlin-stdlib-2.2.0.jar"	"1750373"	"65d12d85a3b865c160db9147851712a64b10dadd68b22eea22a95bf8a8670dca"	"NO_MATCHING_SIDECAR"	""	""	"https://repo.maven.apache.org/maven2/org/jetbrains/kotlin/kotlin-stdlib/2.2.0/kotlin-stdlib-2.2.0.jar.sha256 HTTP_404; https://dl.google.com/dl/android/maven2/org/jetbrains/kotlin/kotlin-stdlib/2.2.0/kotlin-stdlib-2.2.0.jar.sha256 HTTP_404"	"SIGNATURE_VALID_OFFICIAL_KOTLIN_PRIMARY_BOUND_SUBKEY"	"https://repo.maven.apache.org/maven2/org/jetbrains/kotlin/kotlin-stdlib/2.2.0/kotlin-stdlib-2.2.0.jar.asc"	""	""	"PGP_VALID_KOTLIN_OFFICIAL_PRIMARY_BOUND_SUBKEY"	"https://kotlinlang.org/docs/security.html"	"6A0975F8B1127B83"	"6F538074CCEBF35F28AF9B066A0975F8B1127B83"	"27353a22b7e6b9154adaa1a3dc1e876672c8915622c220ce5f62bec4a0268ccd"	""	"DECLARED_RELEASE_CONFIGURATION"
"artifact"	"org.jetbrains.kotlin"	"kotlin-stdlib-jdk7"	"2.1.0"	"kotlin-stdlib-jdk7-2.1.0.jar"	"944"	"fdea6c4203724f42e8e64bef2f0bf79129ccd1df1edf1ccffdc22de7df498c76"	"NO_MATCHING_SIDECAR"	""	""	"https://repo.maven.apache.org/maven2/org/jetbrains/kotlin/kotlin-stdlib-jdk7/2.1.0/kotlin-stdlib-jdk7-2.1.0.jar.sha256 HTTP_404; https://dl.google.com/dl/android/maven2/org/jetbrains/kotlin/kotlin-stdlib-jdk7/2.1.0/kotlin-stdlib-jdk7-2.1.0.jar.sha256 HTTP_404"	"SIGNATURE_VALID_OFFICIAL_KOTLIN_PRIMARY_BOUND_SUBKEY"	"https://repo.maven.apache.org/maven2/org/jetbrains/kotlin/kotlin-stdlib-jdk7/2.1.0/kotlin-stdlib-jdk7-2.1.0.jar.asc"	""	""	"PGP_VALID_KOTLIN_OFFICIAL_PRIMARY_BOUND_SUBKEY"	"https://kotlinlang.org/docs/security.html"	"6A0975F8B1127B83"	"6F538074CCEBF35F28AF9B066A0975F8B1127B83"	"a2ebf5574fd4042220fdef1688d15ccb8e5c688b86f45c3d693bc040fe98acc3"	""	"DECLARED_RELEASE_CONFIGURATION"
"artifact"	"org.jetbrains.kotlin"	"kotlin-stdlib-jdk7"	"2.2.0"	"kotlin-stdlib-jdk7-2.2.0.jar"	"945"	"0d10bc0d42b8605f23629a3f31ea27c19cdbca9dcdf4f53f6d22cd6366836d18"	"NO_MATCHING_SIDECAR"	""	""	"https://repo.maven.apache.org/maven2/org/jetbrains/kotlin/kotlin-stdlib-jdk7/2.2.0/kotlin-stdlib-jdk7-2.2.0.jar.sha256 HTTP_404; https://dl.google.com/dl/android/maven2/org/jetbrains/kotlin/kotlin-stdlib-jdk7/2.2.0/kotlin-stdlib-jdk7-2.2.0.jar.sha256 HTTP_404"	"SIGNATURE_VALID_OFFICIAL_KOTLIN_PRIMARY_BOUND_SUBKEY"	"https://repo.maven.apache.org/maven2/org/jetbrains/kotlin/kotlin-stdlib-jdk7/2.2.0/kotlin-stdlib-jdk7-2.2.0.jar.asc"	""	""	"PGP_VALID_KOTLIN_OFFICIAL_PRIMARY_BOUND_SUBKEY"	"https://kotlinlang.org/docs/security.html"	"6A0975F8B1127B83"	"6F538074CCEBF35F28AF9B066A0975F8B1127B83"	"bfce4d13957f4d151fd9abc6bc4a24797c52c74d7d1a7f0e74928e7bdb955d70"	""	"DECLARED_RELEASE_CONFIGURATION"
"artifact"	"org.jetbrains.kotlin"	"kotlin-stdlib-jdk8"	"2.1.0"	"kotlin-stdlib-jdk8-2.1.0.jar"	"950"	"238d3c7e492f119b50da1c22546dd762462e55f22409611f5e53dd77625cd544"	"NO_MATCHING_SIDECAR"	""	""	"https://repo.maven.apache.org/maven2/org/jetbrains/kotlin/kotlin-stdlib-jdk8/2.1.0/kotlin-stdlib-jdk8-2.1.0.jar.sha256 HTTP_404; https://dl.google.com/dl/android/maven2/org/jetbrains/kotlin/kotlin-stdlib-jdk8/2.1.0/kotlin-stdlib-jdk8-2.1.0.jar.sha256 HTTP_404"	"SIGNATURE_VALID_OFFICIAL_KOTLIN_PRIMARY_BOUND_SUBKEY"	"https://repo.maven.apache.org/maven2/org/jetbrains/kotlin/kotlin-stdlib-jdk8/2.1.0/kotlin-stdlib-jdk8-2.1.0.jar.asc"	""	""	"PGP_VALID_KOTLIN_OFFICIAL_PRIMARY_BOUND_SUBKEY"	"https://kotlinlang.org/docs/security.html"	"6A0975F8B1127B83"	"6F538074CCEBF35F28AF9B066A0975F8B1127B83"	"9d473d5261b0e9d30e1e4e966f241f9f857dcc801bdda93d1db24fd3a1b8839e"	""	"DECLARED_RELEASE_CONFIGURATION"
"artifact"	"org.jetbrains.kotlin"	"kotlin-stdlib-jdk8"	"2.2.0"	"kotlin-stdlib-jdk8-2.2.0.jar"	"951"	"adc16648dbbcf35b0d10e7ec301c35d746d1c2fe460c606aba59f12b117cf9b0"	"NO_MATCHING_SIDECAR"	""	""	"https://repo.maven.apache.org/maven2/org/jetbrains/kotlin/kotlin-stdlib-jdk8/2.2.0/kotlin-stdlib-jdk8-2.2.0.jar.sha256 HTTP_404; https://dl.google.com/dl/android/maven2/org/jetbrains/kotlin/kotlin-stdlib-jdk8/2.2.0/kotlin-stdlib-jdk8-2.2.0.jar.sha256 HTTP_404"	"SIGNATURE_VALID_OFFICIAL_KOTLIN_PRIMARY_BOUND_SUBKEY"	"https://repo.maven.apache.org/maven2/org/jetbrains/kotlin/kotlin-stdlib-jdk8/2.2.0/kotlin-stdlib-jdk8-2.2.0.jar.asc"	""	""	"PGP_VALID_KOTLIN_OFFICIAL_PRIMARY_BOUND_SUBKEY"	"https://kotlinlang.org/docs/security.html"	"6A0975F8B1127B83"	"6F538074CCEBF35F28AF9B066A0975F8B1127B83"	"996ead7e2eb142d7c187fff5a8059936adc48b3482028d61826016cd926a3c82"	""	"DECLARED_RELEASE_CONFIGURATION"
"artifact"	"org.jetbrains.kotlin"	"kotlin-tooling-core"	"2.1.0"	"kotlin-tooling-core-2.1.0.jar"	"100489"	"4176c612098cb92df38a485ff8b10aaa24abb400f610d48f5088aeb07c8002c8"	"NO_MATCHING_SIDECAR"	""	""	"https://repo.maven.apache.org/maven2/org/jetbrains/kotlin/kotlin-tooling-core/2.1.0/kotlin-tooling-core-2.1.0.jar.sha256 HTTP_404; https://dl.google.com/dl/android/maven2/org/jetbrains/kotlin/kotlin-tooling-core/2.1.0/kotlin-tooling-core-2.1.0.jar.sha256 HTTP_404"	"SIGNATURE_VALID_OFFICIAL_KOTLIN_PRIMARY_BOUND_SUBKEY"	"https://repo.maven.apache.org/maven2/org/jetbrains/kotlin/kotlin-tooling-core/2.1.0/kotlin-tooling-core-2.1.0.jar.asc"	""	""	"PGP_VALID_KOTLIN_OFFICIAL_PRIMARY_BOUND_SUBKEY"	"https://kotlinlang.org/docs/security.html"	"6A0975F8B1127B83"	"6F538074CCEBF35F28AF9B066A0975F8B1127B83"	"c0ffb48baf2bb4478609f1720ea8b54323335db0707d3b1989bee0d570d1366a"	""	"DECLARED_RELEASE_CONFIGURATION"
"artifact"	"org.jetbrains.kotlin"	"kotlin-tooling-core"	"2.2.20"	"kotlin-tooling-core-2.2.20.jar"	"100850"	"74014ec4f3ef78ce7da7e3e6964f2c526a3121d5c58fef8ca2979e5f344582f4"	"NO_MATCHING_SIDECAR"	""	""	"https://repo.maven.apache.org/maven2/org/jetbrains/kotlin/kotlin-tooling-core/2.2.20/kotlin-tooling-core-2.2.20.jar.sha256 HTTP_404; https://dl.google.com/dl/android/maven2/org/jetbrains/kotlin/kotlin-tooling-core/2.2.20/kotlin-tooling-core-2.2.20.jar.sha256 HTTP_404"	"SIGNATURE_VALID_OFFICIAL_KOTLIN_PRIMARY_BOUND_SUBKEY"	"https://repo.maven.apache.org/maven2/org/jetbrains/kotlin/kotlin-tooling-core/2.2.20/kotlin-tooling-core-2.2.20.jar.asc"	""	""	"PGP_VALID_KOTLIN_OFFICIAL_PRIMARY_BOUND_SUBKEY"	"https://kotlinlang.org/docs/security.html"	"6A0975F8B1127B83"	"6F538074CCEBF35F28AF9B066A0975F8B1127B83"	"a811167a9ef56260d4d771008a12151e18a572693f7cef4401ade05b14f2d2cc"	""	"DECLARED_RELEASE_CONFIGURATION"
"artifact"	"org.jetbrains.kotlin"	"kotlin-util-io"	"2.1.0"	"kotlin-util-io-2.1.0.jar"	"50279"	"001a50db3da0a89a954db615fcb0e3f4a81a5341d407060ea88c9356f10f23e1"	"NO_MATCHING_SIDECAR"	""	""	"https://repo.maven.apache.org/maven2/org/jetbrains/kotlin/kotlin-util-io/2.1.0/kotlin-util-io-2.1.0.jar.sha256 HTTP_404; https://dl.google.com/dl/android/maven2/org/jetbrains/kotlin/kotlin-util-io/2.1.0/kotlin-util-io-2.1.0.jar.sha256 HTTP_404"	"SIGNATURE_VALID_OFFICIAL_KOTLIN_PRIMARY_BOUND_SUBKEY"	"https://repo.maven.apache.org/maven2/org/jetbrains/kotlin/kotlin-util-io/2.1.0/kotlin-util-io-2.1.0.jar.asc"	""	""	"PGP_VALID_KOTLIN_OFFICIAL_PRIMARY_BOUND_SUBKEY"	"https://kotlinlang.org/docs/security.html"	"6A0975F8B1127B83"	"6F538074CCEBF35F28AF9B066A0975F8B1127B83"	"f189edcf207471e54994f185bab0046dfe331daccc3b058357262c4629a116ac"	""	"DECLARED_RELEASE_CONFIGURATION"
"artifact"	"org.jetbrains.kotlin"	"kotlin-util-io"	"2.2.20"	"kotlin-util-io-2.2.20.jar"	"55486"	"d431af6bea6e2dc9889c4fe26b073ce157f111c8608fe95a18bfe08b817cff74"	"NO_MATCHING_SIDECAR"	""	""	"https://repo.maven.apache.org/maven2/org/jetbrains/kotlin/kotlin-util-io/2.2.20/kotlin-util-io-2.2.20.jar.sha256 HTTP_404; https://dl.google.com/dl/android/maven2/org/jetbrains/kotlin/kotlin-util-io/2.2.20/kotlin-util-io-2.2.20.jar.sha256 HTTP_404"	"SIGNATURE_VALID_OFFICIAL_KOTLIN_PRIMARY_BOUND_SUBKEY"	"https://repo.maven.apache.org/maven2/org/jetbrains/kotlin/kotlin-util-io/2.2.20/kotlin-util-io-2.2.20.jar.asc"	""	""	"PGP_VALID_KOTLIN_OFFICIAL_PRIMARY_BOUND_SUBKEY"	"https://kotlinlang.org/docs/security.html"	"6A0975F8B1127B83"	"6F538074CCEBF35F28AF9B066A0975F8B1127B83"	"36d3eff84e936b0ed11bf91fe0e1f10214a0df3ee3fb72741a83f32d5dcb3c00"	""	"DECLARED_RELEASE_CONFIGURATION"
"artifact"	"org.jetbrains.kotlin"	"kotlin-util-klib"	"2.1.0"	"kotlin-util-klib-2.1.0.jar"	"680975"	"6260a30e876a162d8268faaff6aa2d451e7bba008a03522075792a4e71a61c29"	"NO_MATCHING_SIDECAR"	""	""	"https://repo.maven.apache.org/maven2/org/jetbrains/kotlin/kotlin-util-klib/2.1.0/kotlin-util-klib-2.1.0.jar.sha256 HTTP_404; https://dl.google.com/dl/android/maven2/org/jetbrains/kotlin/kotlin-util-klib/2.1.0/kotlin-util-klib-2.1.0.jar.sha256 HTTP_404"	"SIGNATURE_VALID_OFFICIAL_KOTLIN_PRIMARY_BOUND_SUBKEY"	"https://repo.maven.apache.org/maven2/org/jetbrains/kotlin/kotlin-util-klib/2.1.0/kotlin-util-klib-2.1.0.jar.asc"	""	""	"PGP_VALID_KOTLIN_OFFICIAL_PRIMARY_BOUND_SUBKEY"	"https://kotlinlang.org/docs/security.html"	"6A0975F8B1127B83"	"6F538074CCEBF35F28AF9B066A0975F8B1127B83"	"fbb45055ea55de25d5d616ba9cc3739c346bbbfec75df2299938e6a3b626ef44"	""	"DECLARED_RELEASE_CONFIGURATION"
"artifact"	"org.jetbrains.kotlin"	"kotlin-util-klib"	"2.2.20"	"kotlin-util-klib-2.2.20.jar"	"688659"	"ed7c8096b2bbe477ad17c3178deba8c83af5328bab36bfe210910bd5b419234c"	"NO_MATCHING_SIDECAR"	""	""	"https://repo.maven.apache.org/maven2/org/jetbrains/kotlin/kotlin-util-klib/2.2.20/kotlin-util-klib-2.2.20.jar.sha256 HTTP_404; https://dl.google.com/dl/android/maven2/org/jetbrains/kotlin/kotlin-util-klib/2.2.20/kotlin-util-klib-2.2.20.jar.sha256 HTTP_404"	"SIGNATURE_VALID_OFFICIAL_KOTLIN_PRIMARY_BOUND_SUBKEY"	"https://repo.maven.apache.org/maven2/org/jetbrains/kotlin/kotlin-util-klib/2.2.20/kotlin-util-klib-2.2.20.jar.asc"	""	""	"PGP_VALID_KOTLIN_OFFICIAL_PRIMARY_BOUND_SUBKEY"	"https://kotlinlang.org/docs/security.html"	"6A0975F8B1127B83"	"6F538074CCEBF35F28AF9B066A0975F8B1127B83"	"946cd2c3a6447ca40c1c4c9b5252359186890613fe27c166604e1eb7f714817f"	""	"DECLARED_RELEASE_CONFIGURATION"
"artifact"	"org.jetbrains.kotlin"	"kotlin-util-klib-metadata"	"2.1.0"	"kotlin-util-klib-metadata-2.1.0.jar"	"111780"	"1a8a58974132dbf08193336a45c9350749a1af489667a199da3ebb3a8849907d"	"NO_MATCHING_SIDECAR"	""	""	"https://repo.maven.apache.org/maven2/org/jetbrains/kotlin/kotlin-util-klib-metadata/2.1.0/kotlin-util-klib-metadata-2.1.0.jar.sha256 HTTP_404; https://dl.google.com/dl/android/maven2/org/jetbrains/kotlin/kotlin-util-klib-metadata/2.1.0/kotlin-util-klib-metadata-2.1.0.jar.sha256 HTTP_404"	"SIGNATURE_VALID_OFFICIAL_KOTLIN_PRIMARY_BOUND_SUBKEY"	"https://repo.maven.apache.org/maven2/org/jetbrains/kotlin/kotlin-util-klib-metadata/2.1.0/kotlin-util-klib-metadata-2.1.0.jar.asc"	""	""	"PGP_VALID_KOTLIN_OFFICIAL_PRIMARY_BOUND_SUBKEY"	"https://kotlinlang.org/docs/security.html"	"6A0975F8B1127B83"	"6F538074CCEBF35F28AF9B066A0975F8B1127B83"	"ee0182d7c9607762ba1eee61128df090116aa0f271dc7d978ae801d7b47bb35f"	""	"DECLARED_RELEASE_CONFIGURATION"
"artifact"	"org.jetbrains.kotlin"	"kotlin-util-klib-metadata"	"2.2.20"	"kotlin-util-klib-metadata-2.2.20.jar"	"100270"	"bee4901ca53a5a21c0db645901d2b070aff682402417dd5788e0e3593645713b"	"NO_MATCHING_SIDECAR"	""	""	"https://repo.maven.apache.org/maven2/org/jetbrains/kotlin/kotlin-util-klib-metadata/2.2.20/kotlin-util-klib-metadata-2.2.20.jar.sha256 HTTP_404; https://dl.google.com/dl/android/maven2/org/jetbrains/kotlin/kotlin-util-klib-metadata/2.2.20/kotlin-util-klib-metadata-2.2.20.jar.sha256 HTTP_404"	"SIGNATURE_VALID_OFFICIAL_KOTLIN_PRIMARY_BOUND_SUBKEY"	"https://repo.maven.apache.org/maven2/org/jetbrains/kotlin/kotlin-util-klib-metadata/2.2.20/kotlin-util-klib-metadata-2.2.20.jar.asc"	""	""	"PGP_VALID_KOTLIN_OFFICIAL_PRIMARY_BOUND_SUBKEY"	"https://kotlinlang.org/docs/security.html"	"6A0975F8B1127B83"	"6F538074CCEBF35F28AF9B066A0975F8B1127B83"	"443439ca8dc727f0b7f6d40e35530f12f439db45473da3e9adbe7c0c9e874cb5"	""	"DECLARED_RELEASE_CONFIGURATION"
"artifact"	"org.jetbrains.kotlinx"	"kotlinx-coroutines-android"	"1.10.2"	"kotlinx-coroutines-android-1.10.2.jar"	"17826"	"e713f1f874244115a07571065cffa0f24f5e78300e9720fea16de3af1d75fd41"	"MATCH"	"e713f1f874244115a07571065cffa0f24f5e78300e9720fea16de3af1d75fd41"	"https://repo.maven.apache.org/maven2/org/jetbrains/kotlinx/kotlinx-coroutines-android/1.10.2/kotlinx-coroutines-android-1.10.2.jar.sha256"	""	""	""	""	""	""	""	""	""	""	""	"DECLARED_RELEASE_CONFIGURATION"
"artifact"	"org.jetbrains.kotlinx"	"kotlinx-coroutines-android"	"1.6.4"	"kotlinx-coroutines-android-1.6.4.jar"	"19520"	"3fdc0eed5bc4b83ee9622774520a2db25470370eacd1581cac1e37704f095b00"	"MATCH"	"3fdc0eed5bc4b83ee9622774520a2db25470370eacd1581cac1e37704f095b00"	"https://repo.maven.apache.org/maven2/org/jetbrains/kotlinx/kotlinx-coroutines-android/1.6.4/kotlinx-coroutines-android-1.6.4.jar.sha256"	""	""	""	""	""	""	""	""	""	""	""	"DECLARED_RELEASE_CONFIGURATION"
"artifact"	"org.jetbrains.kotlinx"	"kotlinx-coroutines-android"	"1.8.1"	"kotlinx-coroutines-android-1.8.1.jar"	"20466"	"a134dacf4e6578b29b32e97aa50548d09cb45e3cb3551ce77ac27e55e265d8f5"	"MATCH"	"a134dacf4e6578b29b32e97aa50548d09cb45e3cb3551ce77ac27e55e265d8f5"	"https://repo.maven.apache.org/maven2/org/jetbrains/kotlinx/kotlinx-coroutines-android/1.8.1/kotlinx-coroutines-android-1.8.1.jar.sha256"	""	""	""	""	""	""	""	""	""	""	""	"DECLARED_RELEASE_CONFIGURATION"
"artifact"	"org.jetbrains.kotlinx"	"kotlinx-coroutines-core-jvm"	"1.10.2"	"kotlinx-coroutines-core-jvm-1.10.2.jar"	"1479317"	"5ca175b38df331fd64155b35cd8cae1251fa9ee369709b36d42e0a288ccce3fd"	"MATCH"	"5ca175b38df331fd64155b35cd8cae1251fa9ee369709b36d42e0a288ccce3fd"	"https://repo.maven.apache.org/maven2/org/jetbrains/kotlinx/kotlinx-coroutines-core-jvm/1.10.2/kotlinx-coroutines-core-jvm-1.10.2.jar.sha256"	""	""	""	""	""	""	""	""	""	""	""	"DECLARED_RELEASE_CONFIGURATION"
"artifact"	"org.jetbrains.kotlinx"	"kotlinx-coroutines-core-jvm"	"1.6.4"	"kotlinx-coroutines-core-jvm-1.6.4.jar"	"1476653"	"c24c8bb27bb320c4a93871501a7e5e0c61607638907b197aef675513d4c820be"	"MATCH"	"c24c8bb27bb320c4a93871501a7e5e0c61607638907b197aef675513d4c820be"	"https://repo.maven.apache.org/maven2/org/jetbrains/kotlinx/kotlinx-coroutines-core-jvm/1.6.4/kotlinx-coroutines-core-jvm-1.6.4.jar.sha256"	""	""	""	""	""	""	""	""	""	""	""	"DECLARED_RELEASE_CONFIGURATION"
"artifact"	"org.jetbrains.kotlinx"	"kotlinx-coroutines-core-jvm"	"1.8.1"	"kotlinx-coroutines-core-jvm-1.8.1.jar"	"1546991"	"f3d4f5de1c391bbcc20f3b3435ccbac013521e76b6902d7d59635ec15c1f797e"	"MATCH"	"f3d4f5de1c391bbcc20f3b3435ccbac013521e76b6902d7d59635ec15c1f797e"	"https://repo.maven.apache.org/maven2/org/jetbrains/kotlinx/kotlinx-coroutines-core-jvm/1.8.1/kotlinx-coroutines-core-jvm-1.8.1.jar.sha256"	""	""	""	""	""	""	""	""	""	""	""	"DECLARED_RELEASE_CONFIGURATION"
"artifact"	"org.jetbrains.kotlinx"	"kotlinx-coroutines-core-jvm"	"1.9.0"	"kotlinx-coroutines-core-jvm-1.9.0.jar"	"1463587"	"ad89c2892235e670f222d819cb3d81188143cb19a05b59df9889ae4269f5c70a"	"MATCH"	"ad89c2892235e670f222d819cb3d81188143cb19a05b59df9889ae4269f5c70a"	"https://repo.maven.apache.org/maven2/org/jetbrains/kotlinx/kotlinx-coroutines-core-jvm/1.9.0/kotlinx-coroutines-core-jvm-1.9.0.jar.sha256"	""	""	""	""	""	""	""	""	""	""	""	"DECLARED_RELEASE_CONFIGURATION"
"artifact"	"org.jetbrains.kotlinx"	"kotlinx-coroutines-play-services"	"1.10.2"	"kotlinx-coroutines-play-services-1.10.2.jar"	"10686"	"a84469d683cffc4427270b7144c62047d2a71ece703e063a4880c8dcc42caf72"	"MATCH"	"a84469d683cffc4427270b7144c62047d2a71ece703e063a4880c8dcc42caf72"	"https://repo.maven.apache.org/maven2/org/jetbrains/kotlinx/kotlinx-coroutines-play-services/1.10.2/kotlinx-coroutines-play-services-1.10.2.jar.sha256"	""	""	""	""	""	""	""	""	""	""	""	"DECLARED_RELEASE_CONFIGURATION"
"artifact"	"org.jetbrains.kotlinx"	"kotlinx-serialization-core-jvm"	"1.6.3"	"kotlinx-serialization-core-jvm-1.6.3.jar"	"420348"	"29c821a8d4e25cbfe4f2ce96cdd4526f61f8f4e69a135f9612a34a81d93b65f1"	"MATCH"	"29c821a8d4e25cbfe4f2ce96cdd4526f61f8f4e69a135f9612a34a81d93b65f1"	"https://repo.maven.apache.org/maven2/org/jetbrains/kotlinx/kotlinx-serialization-core-jvm/1.6.3/kotlinx-serialization-core-jvm-1.6.3.jar.sha256"	""	""	""	""	""	""	""	""	""	""	""	"DECLARED_RELEASE_CONFIGURATION"
"artifact"	"org.jetbrains.kotlinx"	"kotlinx-serialization-json-jvm"	"1.6.3"	"kotlinx-serialization-json-jvm-1.6.3.jar"	"265019"	"d3234179bcff1886d53d67c11eca47f7f3cf7b63c349d16965f6db51b7f3dd9a"	"MATCH"	"d3234179bcff1886d53d67c11eca47f7f3cf7b63c349d16965f6db51b7f3dd9a"	"https://repo.maven.apache.org/maven2/org/jetbrains/kotlinx/kotlinx-serialization-json-jvm/1.6.3/kotlinx-serialization-json-jvm-1.6.3.jar.sha256"	""	""	""	""	""	""	""	""	""	""	""	"DECLARED_RELEASE_CONFIGURATION"
"artifact"	"org.jspecify"	"jspecify"	"1.0.0"	"jspecify-1.0.0.jar"	"3819"	"1fad6e6be7557781e4d33729d49ae1cdc8fdda6fe477bb0cc68ce351eafdfbab"	"MATCH"	"1fad6e6be7557781e4d33729d49ae1cdc8fdda6fe477bb0cc68ce351eafdfbab"	"https://repo.maven.apache.org/maven2/org/jspecify/jspecify/1.0.0/jspecify-1.0.0.jar.sha256"	""	""	""	""	""	""	""	""	""	""	""	"DECLARED_RELEASE_CONFIGURATION"
"artifact"	"org.jvnet.staxex"	"stax-ex"	"1.8.1"	"stax-ex-1.8.1.jar"	"38099"	"20522549056e9e50aa35ef0b445a2e47a53d06be0b0a9467d704e2483ffb049a"	"NO_MATCHING_SIDECAR"	""	""	"https://repo.maven.apache.org/maven2/org/jvnet/staxex/stax-ex/1.8.1/stax-ex-1.8.1.jar.sha256 HTTP_404; https://dl.google.com/dl/android/maven2/org/jvnet/staxex/stax-ex/1.8.1/stax-ex-1.8.1.jar.sha256 HTTP_404"	"SIGNATURE_PRESENT_KEY_UNREVIEWED"	"https://repo.maven.apache.org/maven2/org/jvnet/staxex/stax-ex/1.8.1/stax-ex-1.8.1.jar.asc"	""	""	"SIGNATURE_ISSUER_HINT_ONLY_NOT_AUTHENTICATED"	"https://repo.maven.apache.org/maven2/org/jvnet/staxex/stax-ex/1.8.1/stax-ex-1.8.1.jar.asc"	"7ECBD740FF06AEB5"	"04543577D6A9CC626239C50C7ECBD740FF06AEB5"	"9e951c3dd036948b720633d2c1650ea1e7df50cee5b892dbdf76f338e9f815f4"	""	"DECLARED_RELEASE_CONFIGURATION"
"artifact"	"org.ow2.asm"	"asm"	"9.8"	"asm-9.8.jar"	"126113"	"876eab6a83daecad5ca67eb9fcabb063c97b5aeb8cf1fca7a989ecde17522051"	"MATCH"	"876eab6a83daecad5ca67eb9fcabb063c97b5aeb8cf1fca7a989ecde17522051"	"https://repo.maven.apache.org/maven2/org/ow2/asm/asm/9.8/asm-9.8.jar.sha256"	""	""	""	""	""	""	""	""	""	""	""	"DECLARED_RELEASE_CONFIGURATION"
"artifact"	"org.ow2.asm"	"asm-analysis"	"9.8"	"asm-analysis-9.8.jar"	"35151"	"e640732fbcd3c6271925a504f125e38384688f4dfbbf92c8622dfcee0d09edb9"	"MATCH"	"e640732fbcd3c6271925a504f125e38384688f4dfbbf92c8622dfcee0d09edb9"	"https://repo.maven.apache.org/maven2/org/ow2/asm/asm-analysis/9.8/asm-analysis-9.8.jar.sha256"	""	""	""	""	""	""	""	""	""	""	""	"DECLARED_RELEASE_CONFIGURATION"
"artifact"	"org.ow2.asm"	"asm-commons"	"9.8"	"asm-commons-9.8.jar"	"73498"	"3301a1c1cb4c59fcc5292648dac1d7c5aed4c0f067dfbe88873b8cdfe77404f4"	"MATCH"	"3301a1c1cb4c59fcc5292648dac1d7c5aed4c0f067dfbe88873b8cdfe77404f4"	"https://repo.maven.apache.org/maven2/org/ow2/asm/asm-commons/9.8/asm-commons-9.8.jar.sha256"	""	""	""	""	""	""	""	""	""	""	""	"DECLARED_RELEASE_CONFIGURATION"
"artifact"	"org.ow2.asm"	"asm-tree"	"9.8"	"asm-tree-9.8.jar"	"51934"	"14b7880cb7c85eed101e2710432fc3ffb83275532a6a894dc4c4095d49ad59f1"	"MATCH"	"14b7880cb7c85eed101e2710432fc3ffb83275532a6a894dc4c4095d49ad59f1"	"https://repo.maven.apache.org/maven2/org/ow2/asm/asm-tree/9.8/asm-tree-9.8.jar.sha256"	""	""	""	""	""	""	""	""	""	""	""	"DECLARED_RELEASE_CONFIGURATION"
"artifact"	"org.ow2.asm"	"asm-util"	"9.8"	"asm-util-9.8.jar"	"94559"	"8ba0460ecb28fd0e2980e5f3ef3433a513a457bc077f81a53bdc75b587a08d15"	"MATCH"	"8ba0460ecb28fd0e2980e5f3ef3433a513a457bc077f81a53bdc75b587a08d15"	"https://repo.maven.apache.org/maven2/org/ow2/asm/asm-util/9.8/asm-util-9.8.jar.sha256"	""	""	""	""	""	""	""	""	""	""	""	"DECLARED_RELEASE_CONFIGURATION"
"artifact"	"org.slf4j"	"slf4j-api"	"1.7.30"	"slf4j-api-1.7.30.jar"	"41472"	"cdba07964d1bb40a0761485c6b1e8c2f8fd9eb1d19c53928ac0d7f9510105c57"	"NO_MATCHING_SIDECAR"	""	""	"https://repo.maven.apache.org/maven2/org/slf4j/slf4j-api/1.7.30/slf4j-api-1.7.30.jar.sha256 HTTP_404; https://dl.google.com/dl/android/maven2/org/slf4j/slf4j-api/1.7.30/slf4j-api-1.7.30.jar.sha256 HTTP_404"	"SIGNATURE_PRESENT_KEY_UNREVIEWED"	"https://repo.maven.apache.org/maven2/org/slf4j/slf4j-api/1.7.30/slf4j-api-1.7.30.jar.asc"	""	""	"SIGNATURE_ISSUER_HINT_ONLY_NOT_AUTHENTICATED"	"https://repo.maven.apache.org/maven2/org/slf4j/slf4j-api/1.7.30/slf4j-api-1.7.30.jar.asc"	"2C7B12F2A511E325"	""	"783b11594d3e8dae06df1baf3591252764eddc7f20eed993a956989ba064affc"	""	"DECLARED_RELEASE_CONFIGURATION"
"artifact"	"org.tensorflow"	"tensorflow-lite-metadata"	"0.2.0"	"tensorflow-lite-metadata-0.2.0.jar"	"379748"	"e9f18b8a41f017e9033cb0ed85c8a2ba2307292cdfe25eae365923e7a31d2a70"	"NO_MATCHING_SIDECAR"	""	""	"https://repo.maven.apache.org/maven2/org/tensorflow/tensorflow-lite-metadata/0.2.0/tensorflow-lite-metadata-0.2.0.jar.sha256 HTTP_404; https://dl.google.com/dl/android/maven2/org/tensorflow/tensorflow-lite-metadata/0.2.0/tensorflow-lite-metadata-0.2.0.jar.sha256 HTTP_404"	"SIGNATURE_PRESENT_KEY_UNREVIEWED"	"https://repo.maven.apache.org/maven2/org/tensorflow/tensorflow-lite-metadata/0.2.0/tensorflow-lite-metadata-0.2.0.jar.asc"	""	""	"SIGNATURE_ISSUER_HINT_ONLY_NOT_AUTHENTICATED"	"https://repo.maven.apache.org/maven2/org/tensorflow/tensorflow-lite-metadata/0.2.0/tensorflow-lite-metadata-0.2.0.jar.asc"	"EB095DA7D2F6AC0E"	""	"6420e83e9dc9da8fb9bf5e41e86b18d7d46795330c8a117484992e5354ec9abc"	""	"DECLARED_RELEASE_CONFIGURATION"
"artifact"	"org.xerial"	"sqlite-jdbc"	"3.41.2.2"	"sqlite-jdbc-3.41.2.2.jar"	"12851127"	"0cdab410947e04b6743df99cf1543267ddd107357d6f76948d145be590fd497d"	"NO_MATCHING_SIDECAR"	""	""	"https://repo.maven.apache.org/maven2/org/xerial/sqlite-jdbc/3.41.2.2/sqlite-jdbc-3.41.2.2.jar.sha256 HTTP_404; https://dl.google.com/dl/android/maven2/org/xerial/sqlite-jdbc/3.41.2.2/sqlite-jdbc-3.41.2.2.jar.sha256 HTTP_404"	"SIGNATURE_PRESENT_KEY_UNREVIEWED"	"https://repo.maven.apache.org/maven2/org/xerial/sqlite-jdbc/3.41.2.2/sqlite-jdbc-3.41.2.2.jar.asc"	""	""	"SIGNATURE_ISSUER_HINT_ONLY_NOT_AUTHENTICATED"	"https://repo.maven.apache.org/maven2/org/xerial/sqlite-jdbc/3.41.2.2/sqlite-jdbc-3.41.2.2.jar.asc"	"59E05CE618187ED4"	"C1CBA75EC9BD0BAF8061935459E05CE618187ED4"	"7abb60f9cd94e065460ff6079563a083079588971e2932bb42c56f19649f6b17"	""	"DECLARED_RELEASE_CONFIGURATION"
"metadata"	"androidx.activity"	"activity"	"1.11.0"	"activity-1.11.0.module"	"9302"	"c19b71592d90a24b6f6996d2c1b78a24ff05cb382250bb1c670617fd605caa27"	"MATCH"	"c19b71592d90a24b6f6996d2c1b78a24ff05cb382250bb1c670617fd605caa27"	"https://dl.google.com/dl/android/maven2/androidx/activity/activity/1.11.0/activity-1.11.0.module.sha256"	""	""	""	""	""	""	""	""	""	""	""	"DECLARED_RELEASE_CONFIGURATION"
"metadata"	"androidx.activity"	"activity"	"1.11.0"	"activity-1.11.0.pom"	"4565"	"a92d1319bd69ac0b088605928de544542d342f0fb4402267e27b1364ae754960"	"MATCH"	"a92d1319bd69ac0b088605928de544542d342f0fb4402267e27b1364ae754960"	"https://dl.google.com/dl/android/maven2/androidx/activity/activity/1.11.0/activity-1.11.0.pom.sha256"	""	""	""	""	""	""	""	""	""	""	""	"DECLARED_RELEASE_CONFIGURATION"
"metadata"	"androidx.activity"	"activity"	"1.8.0"	"activity-1.8.0.module"	"8369"	"d145d8b53cfd11fd26e47e7dd45c007133ef96ea24f6715cb653c737645d1df6"	"MATCH"	"d145d8b53cfd11fd26e47e7dd45c007133ef96ea24f6715cb653c737645d1df6"	"https://dl.google.com/dl/android/maven2/androidx/activity/activity/1.8.0/activity-1.8.0.module.sha256"	""	""	""	""	""	""	""	""	""	""	""	"DECLARED_RELEASE_CONFIGURATION"
"metadata"	"androidx.activity"	"activity"	"1.8.0"	"activity-1.8.0.pom"	"4131"	"65131285f53cb042e8ffd189e705dafc9b8ae6d62435e8778ac9ab3b8e3f756f"	"MATCH"	"65131285f53cb042e8ffd189e705dafc9b8ae6d62435e8778ac9ab3b8e3f756f"	"https://dl.google.com/dl/android/maven2/androidx/activity/activity/1.8.0/activity-1.8.0.pom.sha256"	""	""	""	""	""	""	""	""	""	""	""	"DECLARED_RELEASE_CONFIGURATION"
"metadata"	"androidx.activity"	"activity-ktx"	"1.11.0"	"activity-ktx-1.11.0.module"	"7275"	"4ec5ffc2997cd3c0f3117391668c44dd9133af0a80ee67cbc7511c7cbd0d37d7"	"MATCH"	"4ec5ffc2997cd3c0f3117391668c44dd9133af0a80ee67cbc7511c7cbd0d37d7"	"https://dl.google.com/dl/android/maven2/androidx/activity/activity-ktx/1.11.0/activity-ktx-1.11.0.module.sha256"	""	""	""	""	""	""	""	""	""	""	""	"DECLARED_RELEASE_CONFIGURATION"
"metadata"	"androidx.activity"	"activity-ktx"	"1.11.0"	"activity-ktx-1.11.0.pom"	"2905"	"e5f13e22e29adcd810b6de2fca72f6f7cc70c0bfc61db565f235249b01b0e466"	"MATCH"	"e5f13e22e29adcd810b6de2fca72f6f7cc70c0bfc61db565f235249b01b0e466"	"https://dl.google.com/dl/android/maven2/androidx/activity/activity-ktx/1.11.0/activity-ktx-1.11.0.pom.sha256"	""	""	""	""	""	""	""	""	""	""	""	"DECLARED_RELEASE_CONFIGURATION"
"metadata"	"androidx.annotation"	"annotation"	"1.3.0"	"annotation-1.3.0.module"	"2678"	"9516c2ae44284ea0bd3d0eade0ee638879b708cbe31e3af92ba96c300604ebc3"	"MATCH"	"9516c2ae44284ea0bd3d0eade0ee638879b708cbe31e3af92ba96c300604ebc3"	"https://dl.google.com/dl/android/maven2/androidx/annotation/annotation/1.3.0/annotation-1.3.0.module.sha256"	""	""	""	""	""	""	""	""	""	""	""	"DECLARED_RELEASE_CONFIGURATION"
"metadata"	"androidx.annotation"	"annotation"	"1.3.0"	"annotation-1.3.0.pom"	"1707"	"049517c5256a4bbc8529fcdc90c4eaaf358180ac205c91660767df26465efbb0"	"MATCH"	"049517c5256a4bbc8529fcdc90c4eaaf358180ac205c91660767df26465efbb0"	"https://dl.google.com/dl/android/maven2/androidx/annotation/annotation/1.3.0/annotation-1.3.0.pom.sha256"	""	""	""	""	""	""	""	""	""	""	""	"DECLARED_RELEASE_CONFIGURATION"
"metadata"	"androidx.annotation"	"annotation"	"1.8.1"	"annotation-1.8.1.module"	"34460"	"e6386e85afdd865044e216575e493ed39a63a6325bd925379a21429c3941c8b5"	"MATCH"	"e6386e85afdd865044e216575e493ed39a63a6325bd925379a21429c3941c8b5"	"https://dl.google.com/dl/android/maven2/androidx/annotation/annotation/1.8.1/annotation-1.8.1.module.sha256"	""	""	""	""	""	""	""	""	""	""	""	"LINT_RELEASE_TASK_TIME_OBSERVED_CACHE"
"metadata"	"androidx.annotation"	"annotation"	"1.8.1"	"annotation-1.8.1.pom"	"2008"	"b71225974ec087eb96c25ef6819f55b1c22f530e85ca446ba735fb66ed04ff5c"	"MATCH"	"b71225974ec087eb96c25ef6819f55b1c22f530e85ca446ba735fb66ed04ff5c"	"https://dl.google.com/dl/android/maven2/androidx/annotation/annotation/1.8.1/annotation-1.8.1.pom.sha256"	""	""	""	""	""	""	""	""	""	""	""	"LINT_RELEASE_TASK_TIME_OBSERVED_CACHE"
"metadata"	"androidx.annotation"	"annotation-experimental"	"1.4.1"	"annotation-experimental-1.4.1.module"	"3950"	"2ac2f7106e12f263425b4a4dfc80989447fb895675fe902d86759aa74fd12b7d"	"MATCH"	"2ac2f7106e12f263425b4a4dfc80989447fb895675fe902d86759aa74fd12b7d"	"https://dl.google.com/dl/android/maven2/androidx/annotation/annotation-experimental/1.4.1/annotation-experimental-1.4.1.module.sha256"	""	""	""	""	""	""	""	""	""	""	""	"DECLARED_RELEASE_CONFIGURATION"
"metadata"	"androidx.annotation"	"annotation-experimental"	"1.4.1"	"annotation-experimental-1.4.1.pom"	"2031"	"fe57b228417f4d7c677903dc61fb4a7cf993d603499de26d8d8113e477cc4f1b"	"MATCH"	"fe57b228417f4d7c677903dc61fb4a7cf993d603499de26d8d8113e477cc4f1b"	"https://dl.google.com/dl/android/maven2/androidx/annotation/annotation-experimental/1.4.1/annotation-experimental-1.4.1.pom.sha256"	""	""	""	""	""	""	""	""	""	""	""	"DECLARED_RELEASE_CONFIGURATION"
"metadata"	"androidx.annotation"	"annotation-jvm"	"1.8.1"	"annotation-jvm-1.8.1.module"	"3225"	"c959e3b0cdc75c15efe01605fa56aa79f033e39238e150638b8fabde6aa121a0"	"MATCH"	"c959e3b0cdc75c15efe01605fa56aa79f033e39238e150638b8fabde6aa121a0"	"https://dl.google.com/dl/android/maven2/androidx/annotation/annotation-jvm/1.8.1/annotation-jvm-1.8.1.module.sha256"	""	""	""	""	""	""	""	""	""	""	""	"DECLARED_RELEASE_CONFIGURATION"
"metadata"	"androidx.annotation"	"annotation-jvm"	"1.8.1"	"annotation-jvm-1.8.1.pom"	"1826"	"d49203733aa6fae046c3a3de4e796eed347595755486a64273989844759750b4"	"MATCH"	"d49203733aa6fae046c3a3de4e796eed347595755486a64273989844759750b4"	"https://dl.google.com/dl/android/maven2/androidx/annotation/annotation-jvm/1.8.1/annotation-jvm-1.8.1.pom.sha256"	""	""	""	""	""	""	""	""	""	""	""	"DECLARED_RELEASE_CONFIGURATION"
"metadata"	"androidx.appcompat"	"appcompat"	"1.7.1"	"appcompat-1.7.1.module"	"8779"	"8bbf16792c81cc2dd083681783a5382f573007eee8157182932f1b454e2b7f04"	"MATCH"	"8bbf16792c81cc2dd083681783a5382f573007eee8157182932f1b454e2b7f04"	"https://dl.google.com/dl/android/maven2/androidx/appcompat/appcompat/1.7.1/appcompat-1.7.1.module.sha256"	""	""	""	""	""	""	""	""	""	""	""	"DECLARED_RELEASE_CONFIGURATION"
"metadata"	"androidx.appcompat"	"appcompat"	"1.7.1"	"appcompat-1.7.1.pom"	"5366"	"1f79910cc20de198acf3867b1e93f9ed59ddb643585b2e9c28ee55518af1bc00"	"MATCH"	"1f79910cc20de198acf3867b1e93f9ed59ddb643585b2e9c28ee55518af1bc00"	"https://dl.google.com/dl/android/maven2/androidx/appcompat/appcompat/1.7.1/appcompat-1.7.1.pom.sha256"	""	""	""	""	""	""	""	""	""	""	""	"DECLARED_RELEASE_CONFIGURATION"
"metadata"	"androidx.appcompat"	"appcompat-resources"	"1.7.1"	"appcompat-resources-1.7.1.module"	"6219"	"163cc5e0f249433ddb0016fbd011ab8de07cf23e07e618c74644688e26cd18e8"	"MATCH"	"163cc5e0f249433ddb0016fbd011ab8de07cf23e07e618c74644688e26cd18e8"	"https://dl.google.com/dl/android/maven2/androidx/appcompat/appcompat-resources/1.7.1/appcompat-resources-1.7.1.module.sha256"	""	""	""	""	""	""	""	""	""	""	""	"DECLARED_RELEASE_CONFIGURATION"
"metadata"	"androidx.appcompat"	"appcompat-resources"	"1.7.1"	"appcompat-resources-1.7.1.pom"	"2993"	"2faf922e8c3d706f29d862b3fbb3aa1347705c21c6eae18586d2bb1f7366ea01"	"MATCH"	"2faf922e8c3d706f29d862b3fbb3aa1347705c21c6eae18586d2bb1f7366ea01"	"https://dl.google.com/dl/android/maven2/androidx/appcompat/appcompat-resources/1.7.1/appcompat-resources-1.7.1.pom.sha256"	""	""	""	""	""	""	""	""	""	""	""	"DECLARED_RELEASE_CONFIGURATION"
"metadata"	"androidx.arch.core"	"core-common"	"2.2.0"	"core-common-2.2.0.module"	"3079"	"edf4200cfdc2d946232252c99e5dcb9c61bb909eb5450b2613d1d4fdc974b981"	"MATCH"	"edf4200cfdc2d946232252c99e5dcb9c61bb909eb5450b2613d1d4fdc974b981"	"https://dl.google.com/dl/android/maven2/androidx/arch/core/core-common/2.2.0/core-common-2.2.0.module.sha256"	""	""	""	""	""	""	""	""	""	""	""	"DECLARED_RELEASE_CONFIGURATION"
"metadata"	"androidx.arch.core"	"core-common"	"2.2.0"	"core-common-2.2.0.pom"	"1704"	"1e17d4af8d6425be2a69f8af4d654a87e0456259a9eef1542869bcb023547e28"	"MATCH"	"1e17d4af8d6425be2a69f8af4d654a87e0456259a9eef1542869bcb023547e28"	"https://dl.google.com/dl/android/maven2/androidx/arch/core/core-common/2.2.0/core-common-2.2.0.pom.sha256"	""	""	""	""	""	""	""	""	""	""	""	"DECLARED_RELEASE_CONFIGURATION"
"metadata"	"androidx.arch.core"	"core-runtime"	"2.2.0"	"core-runtime-2.2.0.module"	"3386"	"a8b17513949e5db6c9601c30be19df953762dd877512f1e2cfcfae81d2440944"	"MATCH"	"a8b17513949e5db6c9601c30be19df953762dd877512f1e2cfcfae81d2440944"	"https://dl.google.com/dl/android/maven2/androidx/arch/core/core-runtime/2.2.0/core-runtime-2.2.0.module.sha256"	""	""	""	""	""	""	""	""	""	""	""	"DECLARED_RELEASE_CONFIGURATION"
"metadata"	"androidx.arch.core"	"core-runtime"	"2.2.0"	"core-runtime-2.2.0.pom"	"1920"	"0f953706598140d9d8735cdd5aeb1fa35933f4e2f31c0bf3eb81a053a4c8c1a5"	"MATCH"	"0f953706598140d9d8735cdd5aeb1fa35933f4e2f31c0bf3eb81a053a4c8c1a5"	"https://dl.google.com/dl/android/maven2/androidx/arch/core/core-runtime/2.2.0/core-runtime-2.2.0.pom.sha256"	""	""	""	""	""	""	""	""	""	""	""	"DECLARED_RELEASE_CONFIGURATION"
"metadata"	"androidx.camera"	"camera-camera2"	"1.5.3"	"camera-camera2-1.5.3.module"	"14164"	"3e21cb1136ca52826f71a7fccecc316a1abbcd5c5e61c8204e5f12db5aac1c05"	"MATCH"	"3e21cb1136ca52826f71a7fccecc316a1abbcd5c5e61c8204e5f12db5aac1c05"	"https://dl.google.com/dl/android/maven2/androidx/camera/camera-camera2/1.5.3/camera-camera2-1.5.3.module.sha256"	""	""	""	""	""	""	""	""	""	""	""	"DECLARED_RELEASE_CONFIGURATION"
"metadata"	"androidx.camera"	"camera-camera2"	"1.5.3"	"camera-camera2-1.5.3.pom"	"5737"	"ef4f1fec42dae5118cd990b5f8eefc4ec713d761558ef4c9f522f18a5136d2f4"	"MATCH"	"ef4f1fec42dae5118cd990b5f8eefc4ec713d761558ef4c9f522f18a5136d2f4"	"https://dl.google.com/dl/android/maven2/androidx/camera/camera-camera2/1.5.3/camera-camera2-1.5.3.pom.sha256"	""	""	""	""	""	""	""	""	""	""	""	"DECLARED_RELEASE_CONFIGURATION"
"metadata"	"androidx.camera"	"camera-core"	"1.4.2"	"camera-core-1.4.2.module"	"13442"	"4cacdecefdb69e76fcb7cf2b23af660a7a690ebd0c2fcbad8c8eb7ed221c6dfa"	"MATCH"	"4cacdecefdb69e76fcb7cf2b23af660a7a690ebd0c2fcbad8c8eb7ed221c6dfa"	"https://dl.google.com/dl/android/maven2/androidx/camera/camera-core/1.4.2/camera-core-1.4.2.module.sha256"	""	""	""	""	""	""	""	""	""	""	""	"DECLARED_RELEASE_CONFIGURATION"
"metadata"	"androidx.camera"	"camera-core"	"1.4.2"	"camera-core-1.4.2.pom"	"5768"	"ea820b7874afa1047d288c29d6dbb4c9795b70bf12d3e229235af4e7bd08c072"	"MATCH"	"ea820b7874afa1047d288c29d6dbb4c9795b70bf12d3e229235af4e7bd08c072"	"https://dl.google.com/dl/android/maven2/androidx/camera/camera-core/1.4.2/camera-core-1.4.2.pom.sha256"	""	""	""	""	""	""	""	""	""	""	""	"DECLARED_RELEASE_CONFIGURATION"
"metadata"	"androidx.camera"	"camera-core"	"1.5.3"	"camera-core-1.5.3.module"	"16298"	"d1a2e24c05469a8ecb762752d572ce0280ac6a2e59e58ae9d2a36690413897c5"	"MATCH"	"d1a2e24c05469a8ecb762752d572ce0280ac6a2e59e58ae9d2a36690413897c5"	"https://dl.google.com/dl/android/maven2/androidx/camera/camera-core/1.5.3/camera-core-1.5.3.module.sha256"	""	""	""	""	""	""	""	""	""	""	""	"DECLARED_RELEASE_CONFIGURATION"
"metadata"	"androidx.camera"	"camera-core"	"1.5.3"	"camera-core-1.5.3.pom"	"6813"	"fe9a6d960d77d2cb690639f50d9602922a0e344a12cfd5a39b5d07c57f7f9a73"	"MATCH"	"fe9a6d960d77d2cb690639f50d9602922a0e344a12cfd5a39b5d07c57f7f9a73"	"https://dl.google.com/dl/android/maven2/androidx/camera/camera-core/1.5.3/camera-core-1.5.3.pom.sha256"	""	""	""	""	""	""	""	""	""	""	""	"DECLARED_RELEASE_CONFIGURATION"
"metadata"	"androidx.camera"	"camera-lifecycle"	"1.5.3"	"camera-lifecycle-1.5.3.module"	"14572"	"c71390fdf4e26606ad4d5605307d243f2b40c70211db085b508992bc068e6e74"	"MATCH"	"c71390fdf4e26606ad4d5605307d243f2b40c70211db085b508992bc068e6e74"	"https://dl.google.com/dl/android/maven2/androidx/camera/camera-lifecycle/1.5.3/camera-lifecycle-1.5.3.module.sha256"	""	""	""	""	""	""	""	""	""	""	""	"DECLARED_RELEASE_CONFIGURATION"
"metadata"	"androidx.camera"	"camera-lifecycle"	"1.5.3"	"camera-lifecycle-1.5.3.pom"	"5505"	"7f608805ccaed3defc6d4b517dd9eaa6cde140027948818875ed5baea9fe8bb6"	"MATCH"	"7f608805ccaed3defc6d4b517dd9eaa6cde140027948818875ed5baea9fe8bb6"	"https://dl.google.com/dl/android/maven2/androidx/camera/camera-lifecycle/1.5.3/camera-lifecycle-1.5.3.pom.sha256"	""	""	""	""	""	""	""	""	""	""	""	"DECLARED_RELEASE_CONFIGURATION"
"metadata"	"androidx.camera"	"camera-video"	"1.5.3"	"camera-video-1.5.3.module"	"14256"	"9ac7269038cf4e48c1a2b65f72f2a3ba8d875c1d60e8d3c71788574f0c1b8500"	"MATCH"	"9ac7269038cf4e48c1a2b65f72f2a3ba8d875c1d60e8d3c71788574f0c1b8500"	"https://dl.google.com/dl/android/maven2/androidx/camera/camera-video/1.5.3/camera-video-1.5.3.module.sha256"	""	""	""	""	""	""	""	""	""	""	""	"DECLARED_RELEASE_CONFIGURATION"
"metadata"	"androidx.camera"	"camera-video"	"1.5.3"	"camera-video-1.5.3.pom"	"5297"	"10033112d843b872955735e661a0672c972f8fe0f39163e31a4b5bef0d2cf693"	"MATCH"	"10033112d843b872955735e661a0672c972f8fe0f39163e31a4b5bef0d2cf693"	"https://dl.google.com/dl/android/maven2/androidx/camera/camera-video/1.5.3/camera-video-1.5.3.pom.sha256"	""	""	""	""	""	""	""	""	""	""	""	"DECLARED_RELEASE_CONFIGURATION"
"metadata"	"androidx.camera"	"camera-view"	"1.5.3"	"camera-view-1.5.3.module"	"14850"	"88b89cc077c73eee08ae8902409785f21c6496bfc8fca4d14421e6d8652e89b7"	"MATCH"	"88b89cc077c73eee08ae8902409785f21c6496bfc8fca4d14421e6d8652e89b7"	"https://dl.google.com/dl/android/maven2/androidx/camera/camera-view/1.5.3/camera-view-1.5.3.module.sha256"	""	""	""	""	""	""	""	""	""	""	""	"DECLARED_RELEASE_CONFIGURATION"
"metadata"	"androidx.camera"	"camera-view"	"1.5.3"	"camera-view-1.5.3.pom"	"6328"	"58af6c3b02839483fbf1cb0d364c7c54754b70002a9e97d782f5e361b2948075"	"MATCH"	"58af6c3b02839483fbf1cb0d364c7c54754b70002a9e97d782f5e361b2948075"	"https://dl.google.com/dl/android/maven2/androidx/camera/camera-view/1.5.3/camera-view-1.5.3.pom.sha256"	""	""	""	""	""	""	""	""	""	""	""	"DECLARED_RELEASE_CONFIGURATION"
"metadata"	"androidx.camera.featurecombinationquery"	"featurecombinationquery"	"1.5.3"	"featurecombinationquery-1.5.3.module"	"5914"	"f6b040c7c61a4e685e8559b212bc0c76e4103f5a21aa3d350eee8bd2c83a5ce4"	"MATCH"	"f6b040c7c61a4e685e8559b212bc0c76e4103f5a21aa3d350eee8bd2c83a5ce4"	"https://dl.google.com/dl/android/maven2/androidx/camera/featurecombinationquery/featurecombinationquery/1.5.3/featurecombinationquery-1.5.3.module.sha256"	""	""	""	""	""	""	""	""	""	""	""	"DECLARED_RELEASE_CONFIGURATION"
"metadata"	"androidx.camera.featurecombinationquery"	"featurecombinationquery"	"1.5.3"	"featurecombinationquery-1.5.3.pom"	"2689"	"e0927988102cc254060adf892979e02cf8de5037fe42720ef429bf844ec90182"	"MATCH"	"e0927988102cc254060adf892979e02cf8de5037fe42720ef429bf844ec90182"	"https://dl.google.com/dl/android/maven2/androidx/camera/featurecombinationquery/featurecombinationquery/1.5.3/featurecombinationquery-1.5.3.pom.sha256"	""	""	""	""	""	""	""	""	""	""	""	"DECLARED_RELEASE_CONFIGURATION"
"metadata"	"androidx.cardview"	"cardview"	"1.0.0"	"cardview-1.0.0.pom"	"1349"	"e64ef4e08b58358fe27b599e6fe80a1b153db014c644beee630ab271061c3e6c"	"NO_MATCHING_SIDECAR"	""	""	"https://dl.google.com/dl/android/maven2/androidx/cardview/cardview/1.0.0/cardview-1.0.0.pom.sha256 HTTP_404; https://repo.maven.apache.org/maven2/androidx/cardview/cardview/1.0.0/cardview-1.0.0.pom.sha256 HTTP_404"	""	""	""	""	""	""	""	""	""	""	"DECLARED_RELEASE_CONFIGURATION"
"metadata"	"androidx.collection"	"collection"	"1.1.0"	"collection-1.1.0.pom"	"1338"	"67e9066ca4acfdc6e3cc508293c31ba0398057ff118e4f70b1e1813c9a3456d1"	"NO_MATCHING_SIDECAR"	""	""	"https://dl.google.com/dl/android/maven2/androidx/collection/collection/1.1.0/collection-1.1.0.pom.sha256 HTTP_404; https://repo.maven.apache.org/maven2/androidx/collection/collection/1.1.0/collection-1.1.0.pom.sha256 HTTP_404"	""	""	""	""	""	""	""	""	""	""	"DECLARED_RELEASE_CONFIGURATION"
"metadata"	"androidx.collection"	"collection"	"1.4.2"	"collection-1.4.2.module"	"30696"	"0326d2cf5adbe592312810ca1f71c6c0cc30f753c43f07c7402361b788a7784c"	"MATCH"	"0326d2cf5adbe592312810ca1f71c6c0cc30f753c43f07c7402361b788a7784c"	"https://dl.google.com/dl/android/maven2/androidx/collection/collection/1.4.2/collection-1.4.2.module.sha256"	""	""	""	""	""	""	""	""	""	""	""	"LINT_RELEASE_TASK_TIME_OBSERVED_CACHE"
"metadata"	"androidx.collection"	"collection"	"1.4.2"	"collection-1.4.2.pom"	"2425"	"4f2615a17aeacfe12b68298214a19f2a19c68c66d590075bdbbfb659ebce2b7f"	"MATCH"	"4f2615a17aeacfe12b68298214a19f2a19c68c66d590075bdbbfb659ebce2b7f"	"https://dl.google.com/dl/android/maven2/androidx/collection/collection/1.4.2/collection-1.4.2.pom.sha256"	""	""	""	""	""	""	""	""	""	""	""	"LINT_RELEASE_TASK_TIME_OBSERVED_CACHE"
"metadata"	"androidx.collection"	"collection-jvm"	"1.4.2"	"collection-jvm-1.4.2.module"	"4570"	"aad6b3536c0f0e570aa733d5141d70fa6b9b3add370f73a311ca4ca5dee25448"	"MATCH"	"aad6b3536c0f0e570aa733d5141d70fa6b9b3add370f73a311ca4ca5dee25448"	"https://dl.google.com/dl/android/maven2/androidx/collection/collection-jvm/1.4.2/collection-jvm-1.4.2.module.sha256"	""	""	""	""	""	""	""	""	""	""	""	"DECLARED_RELEASE_CONFIGURATION"
"metadata"	"androidx.collection"	"collection-jvm"	"1.4.2"	"collection-jvm-1.4.2.pom"	"2414"	"adbb379e2b160f08e63e341ad04bbcc7033f6d868ec51ac11e4334642a4e39ef"	"MATCH"	"adbb379e2b160f08e63e341ad04bbcc7033f6d868ec51ac11e4334642a4e39ef"	"https://dl.google.com/dl/android/maven2/androidx/collection/collection-jvm/1.4.2/collection-jvm-1.4.2.pom.sha256"	""	""	""	""	""	""	""	""	""	""	""	"DECLARED_RELEASE_CONFIGURATION"
"metadata"	"androidx.concurrent"	"concurrent-futures"	"1.1.0"	"concurrent-futures-1.1.0.module"	"3485"	"77639a0b051e22510bad93affcea0ebd781ef124bf9b7621a95749937bcfcdfd"	"MATCH"	"77639a0b051e22510bad93affcea0ebd781ef124bf9b7621a95749937bcfcdfd"	"https://dl.google.com/dl/android/maven2/androidx/concurrent/concurrent-futures/1.1.0/concurrent-futures-1.1.0.module.sha256"	""	""	""	""	""	""	""	""	""	""	""	"DECLARED_RELEASE_CONFIGURATION"
"metadata"	"androidx.concurrent"	"concurrent-futures"	"1.1.0"	"concurrent-futures-1.1.0.pom"	"1888"	"748a34eb5d13d19d187adecaea82667fded5f1b0b98a655e13ed2e4a8b3d8ae6"	"MATCH"	"748a34eb5d13d19d187adecaea82667fded5f1b0b98a655e13ed2e4a8b3d8ae6"	"https://dl.google.com/dl/android/maven2/androidx/concurrent/concurrent-futures/1.1.0/concurrent-futures-1.1.0.pom.sha256"	""	""	""	""	""	""	""	""	""	""	""	"DECLARED_RELEASE_CONFIGURATION"
"metadata"	"androidx.concurrent"	"concurrent-futures-ktx"	"1.1.0"	"concurrent-futures-ktx-1.1.0.module"	"4112"	"69b79724566d49140846700690b8d2165231c577e93e66726a443e8f976bbe19"	"MATCH"	"69b79724566d49140846700690b8d2165231c577e93e66726a443e8f976bbe19"	"https://dl.google.com/dl/android/maven2/androidx/concurrent/concurrent-futures-ktx/1.1.0/concurrent-futures-ktx-1.1.0.module.sha256"	""	""	""	""	""	""	""	""	""	""	""	"DECLARED_RELEASE_CONFIGURATION"
"metadata"	"androidx.concurrent"	"concurrent-futures-ktx"	"1.1.0"	"concurrent-futures-ktx-1.1.0.pom"	"2143"	"c903f8f51e3f4ea5e7e1f0a6fe3be873c357221227d103d08d7fd042f4b7570c"	"MATCH"	"c903f8f51e3f4ea5e7e1f0a6fe3be873c357221227d103d08d7fd042f4b7570c"	"https://dl.google.com/dl/android/maven2/androidx/concurrent/concurrent-futures-ktx/1.1.0/concurrent-futures-ktx-1.1.0.pom.sha256"	""	""	""	""	""	""	""	""	""	""	""	"DECLARED_RELEASE_CONFIGURATION"
"metadata"	"androidx.constraintlayout"	"constraintlayout"	"2.2.0"	"constraintlayout-2.2.0.module"	"4202"	"b968130636d2fcac654fa4012ddc36ab95a5ce044fb355ff75cbcea32e57bfa5"	"MATCH"	"b968130636d2fcac654fa4012ddc36ab95a5ce044fb355ff75cbcea32e57bfa5"	"https://dl.google.com/dl/android/maven2/androidx/constraintlayout/constraintlayout/2.2.0/constraintlayout-2.2.0.module.sha256"	""	""	""	""	""	""	""	""	""	""	""	"DECLARED_RELEASE_CONFIGURATION"
"metadata"	"androidx.constraintlayout"	"constraintlayout"	"2.2.0"	"constraintlayout-2.2.0.pom"	"2524"	"a5e523a9a7996b892610b9a940dbc8df98f4943a8642d6c07d5b2f0420fde611"	"MATCH"	"a5e523a9a7996b892610b9a940dbc8df98f4943a8642d6c07d5b2f0420fde611"	"https://dl.google.com/dl/android/maven2/androidx/constraintlayout/constraintlayout/2.2.0/constraintlayout-2.2.0.pom.sha256"	""	""	""	""	""	""	""	""	""	""	""	"DECLARED_RELEASE_CONFIGURATION"
"metadata"	"androidx.constraintlayout"	"constraintlayout-core"	"1.1.0"	"constraintlayout-core-1.1.0.module"	"3963"	"d8d1b4ae950996d17ff6a5601cd8d106c3a30ff2dcc96815a9f32220d1d82c5f"	"MATCH"	"d8d1b4ae950996d17ff6a5601cd8d106c3a30ff2dcc96815a9f32220d1d82c5f"	"https://dl.google.com/dl/android/maven2/androidx/constraintlayout/constraintlayout-core/1.1.0/constraintlayout-core-1.1.0.module.sha256"	""	""	""	""	""	""	""	""	""	""	""	"DECLARED_RELEASE_CONFIGURATION"
"metadata"	"androidx.constraintlayout"	"constraintlayout-core"	"1.1.0"	"constraintlayout-core-1.1.0.pom"	"1935"	"6181f8f022889eec2bd11b55f5b58ebc7602e55d611bc1144f13530db6636633"	"MATCH"	"6181f8f022889eec2bd11b55f5b58ebc7602e55d611bc1144f13530db6636633"	"https://dl.google.com/dl/android/maven2/androidx/constraintlayout/constraintlayout-core/1.1.0/constraintlayout-core-1.1.0.pom.sha256"	""	""	""	""	""	""	""	""	""	""	""	"DECLARED_RELEASE_CONFIGURATION"
"metadata"	"androidx.coordinatorlayout"	"coordinatorlayout"	"1.3.0"	"coordinatorlayout-1.3.0.module"	"5031"	"11d0f7bd1305187755ddc7d550ca2d7c7739f25ea6a9cd1cb994f896f876061c"	"MATCH"	"11d0f7bd1305187755ddc7d550ca2d7c7739f25ea6a9cd1cb994f896f876061c"	"https://dl.google.com/dl/android/maven2/androidx/coordinatorlayout/coordinatorlayout/1.3.0/coordinatorlayout-1.3.0.module.sha256"	""	""	""	""	""	""	""	""	""	""	""	"DECLARED_RELEASE_CONFIGURATION"
"metadata"	"androidx.coordinatorlayout"	"coordinatorlayout"	"1.3.0"	"coordinatorlayout-1.3.0.pom"	"2840"	"f5f1092883ddac1d1e7a877bf167e84f67fa76be8661e8606ebb30dabb1e557e"	"MATCH"	"f5f1092883ddac1d1e7a877bf167e84f67fa76be8661e8606ebb30dabb1e557e"	"https://dl.google.com/dl/android/maven2/androidx/coordinatorlayout/coordinatorlayout/1.3.0/coordinatorlayout-1.3.0.pom.sha256"	""	""	""	""	""	""	""	""	""	""	""	"DECLARED_RELEASE_CONFIGURATION"
"metadata"	"androidx.core"	"core"	"1.13.0"	"core-1.13.0.module"	"6044"	"2e0e6e5c1205b7462a0c5c3e32b58c2e525435812ed89946c7be6737493b51e3"	"MATCH"	"2e0e6e5c1205b7462a0c5c3e32b58c2e525435812ed89946c7be6737493b51e3"	"https://dl.google.com/dl/android/maven2/androidx/core/core/1.13.0/core-1.13.0.module.sha256"	""	""	""	""	""	""	""	""	""	""	""	"DECLARED_RELEASE_CONFIGURATION"
"metadata"	"androidx.core"	"core"	"1.13.0"	"core-1.13.0.pom"	"3654"	"4502e4ed8b59122021ac9a1c1312e2326e4b0f43f7ecbbbc9b50ee77429574d4"	"MATCH"	"4502e4ed8b59122021ac9a1c1312e2326e4b0f43f7ecbbbc9b50ee77429574d4"	"https://dl.google.com/dl/android/maven2/androidx/core/core/1.13.0/core-1.13.0.pom.sha256"	""	""	""	""	""	""	""	""	""	""	""	"DECLARED_RELEASE_CONFIGURATION"
"metadata"	"androidx.core"	"core"	"1.17.0"	"core-1.17.0.module"	"8631"	"6006fde98c6fa98a9180b940bb44971aa5c9243e39f947ad6caddf386fc9cfea"	"MATCH"	"6006fde98c6fa98a9180b940bb44971aa5c9243e39f947ad6caddf386fc9cfea"	"https://dl.google.com/dl/android/maven2/androidx/core/core/1.17.0/core-1.17.0.module.sha256"	""	""	""	""	""	""	""	""	""	""	""	"DECLARED_RELEASE_CONFIGURATION"
"metadata"	"androidx.core"	"core"	"1.17.0"	"core-1.17.0.pom"	"4908"	"8b63b18ff4e3474ef1e9428ed022d7994e9e69adfcdaee7e59c7e52dc3cf75b0"	"MATCH"	"8b63b18ff4e3474ef1e9428ed022d7994e9e69adfcdaee7e59c7e52dc3cf75b0"	"https://dl.google.com/dl/android/maven2/androidx/core/core/1.17.0/core-1.17.0.pom.sha256"	""	""	""	""	""	""	""	""	""	""	""	"DECLARED_RELEASE_CONFIGURATION"
"metadata"	"androidx.core"	"core-ktx"	"1.13.0"	"core-ktx-1.13.0.module"	"4655"	"a3e6a0692e05fd59e6ac380715ed72b325c625a3627646c69d108bdcddc4260f"	"MATCH"	"a3e6a0692e05fd59e6ac380715ed72b325c625a3627646c69d108bdcddc4260f"	"https://dl.google.com/dl/android/maven2/androidx/core/core-ktx/1.13.0/core-ktx-1.13.0.module.sha256"	""	""	""	""	""	""	""	""	""	""	""	"DECLARED_RELEASE_CONFIGURATION"
"metadata"	"androidx.core"	"core-ktx"	"1.13.0"	"core-ktx-1.13.0.pom"	"2450"	"7cf6d4fb2f61ab4924232b92d6580b65df9103c0437cdae60ce14388c3731210"	"MATCH"	"7cf6d4fb2f61ab4924232b92d6580b65df9103c0437cdae60ce14388c3731210"	"https://dl.google.com/dl/android/maven2/androidx/core/core-ktx/1.13.0/core-ktx-1.13.0.pom.sha256"	""	""	""	""	""	""	""	""	""	""	""	"DECLARED_RELEASE_CONFIGURATION"
"metadata"	"androidx.core"	"core-ktx"	"1.17.0"	"core-ktx-1.17.0.module"	"4922"	"ed7bcadc39c62d00daee44f4a78a23ca83fbc399f22fa90ace4e859b415c9048"	"MATCH"	"ed7bcadc39c62d00daee44f4a78a23ca83fbc399f22fa90ace4e859b415c9048"	"https://dl.google.com/dl/android/maven2/androidx/core/core-ktx/1.17.0/core-ktx-1.17.0.module.sha256"	""	""	""	""	""	""	""	""	""	""	""	"DECLARED_RELEASE_CONFIGURATION"
"metadata"	"androidx.core"	"core-ktx"	"1.17.0"	"core-ktx-1.17.0.pom"	"2586"	"0233d8d0a2ce8ff383502c8c64a42fc1673016402c923795465b6444eacd9939"	"MATCH"	"0233d8d0a2ce8ff383502c8c64a42fc1673016402c923795465b6444eacd9939"	"https://dl.google.com/dl/android/maven2/androidx/core/core-ktx/1.17.0/core-ktx-1.17.0.pom.sha256"	""	""	""	""	""	""	""	""	""	""	""	"DECLARED_RELEASE_CONFIGURATION"
"metadata"	"androidx.core"	"core-splashscreen"	"1.0.1"	"core-splashscreen-1.0.1.module"	"3280"	"0d02b8beee2ff62afd3a79393b4fd3ccb7c9f73266dbfdd29350875d5430abc7"	"MATCH"	"0d02b8beee2ff62afd3a79393b4fd3ccb7c9f73266dbfdd29350875d5430abc7"	"https://dl.google.com/dl/android/maven2/androidx/core/core-splashscreen/1.0.1/core-splashscreen-1.0.1.module.sha256"	""	""	""	""	""	""	""	""	""	""	""	"DECLARED_RELEASE_CONFIGURATION"
"metadata"	"androidx.core"	"core-splashscreen"	"1.0.1"	"core-splashscreen-1.0.1.pom"	"2022"	"91e5f474f9e569446ea35c5b1357ebef97b828b299eddaee4f9e1bbaca386629"	"MATCH"	"91e5f474f9e569446ea35c5b1357ebef97b828b299eddaee4f9e1bbaca386629"	"https://dl.google.com/dl/android/maven2/androidx/core/core-splashscreen/1.0.1/core-splashscreen-1.0.1.pom.sha256"	""	""	""	""	""	""	""	""	""	""	""	"DECLARED_RELEASE_CONFIGURATION"
"metadata"	"androidx.core"	"core-splashscreen"	"1.2.0"	"core-splashscreen-1.2.0.module"	"4540"	"1c88106406cdfa69d3b0dbd69e5aef4c376a405999c8e8dbbead2c7281f4abb2"	"MATCH"	"1c88106406cdfa69d3b0dbd69e5aef4c376a405999c8e8dbbead2c7281f4abb2"	"https://dl.google.com/dl/android/maven2/androidx/core/core-splashscreen/1.2.0/core-splashscreen-1.2.0.module.sha256"	""	""	""	""	""	""	""	""	""	""	""	"DECLARED_RELEASE_CONFIGURATION"
"metadata"	"androidx.core"	"core-splashscreen"	"1.2.0"	"core-splashscreen-1.2.0.pom"	"2545"	"351c49fa60702a1635749dc1d24c6c02450af874fb67852cbdb0ade06beac66a"	"MATCH"	"351c49fa60702a1635749dc1d24c6c02450af874fb67852cbdb0ade06beac66a"	"https://dl.google.com/dl/android/maven2/androidx/core/core-splashscreen/1.2.0/core-splashscreen-1.2.0.pom.sha256"	""	""	""	""	""	""	""	""	""	""	""	"DECLARED_RELEASE_CONFIGURATION"
"metadata"	"androidx.core"	"core-viewtree"	"1.0.0"	"core-viewtree-1.0.0.module"	"4164"	"11386cfa46cbbfddb6a4059f14354c00691cf65d3d63c3618818a83326ef3c7f"	"MATCH"	"11386cfa46cbbfddb6a4059f14354c00691cf65d3d63c3618818a83326ef3c7f"	"https://dl.google.com/dl/android/maven2/androidx/core/core-viewtree/1.0.0/core-viewtree-1.0.0.module.sha256"	""	""	""	""	""	""	""	""	""	""	""	"DECLARED_RELEASE_CONFIGURATION"
"metadata"	"androidx.core"	"core-viewtree"	"1.0.0"	"core-viewtree-1.0.0.pom"	"2107"	"d4f2ed1176fa8c5612b80f74c952a8799142a9ed36022a1a238fde5b140580d9"	"MATCH"	"d4f2ed1176fa8c5612b80f74c952a8799142a9ed36022a1a238fde5b140580d9"	"https://dl.google.com/dl/android/maven2/androidx/core/core-viewtree/1.0.0/core-viewtree-1.0.0.pom.sha256"	""	""	""	""	""	""	""	""	""	""	""	"DECLARED_RELEASE_CONFIGURATION"
"metadata"	"androidx.cursoradapter"	"cursoradapter"	"1.0.0"	"cursoradapter-1.0.0.pom"	"1611"	"62d95c89850af21030b19f14d5f7ecd6d8bcc9a3014c59002ec99624caac8100"	"NO_MATCHING_SIDECAR"	""	""	"https://dl.google.com/dl/android/maven2/androidx/cursoradapter/cursoradapter/1.0.0/cursoradapter-1.0.0.pom.sha256 HTTP_404; https://repo.maven.apache.org/maven2/androidx/cursoradapter/cursoradapter/1.0.0/cursoradapter-1.0.0.pom.sha256 HTTP_404"	""	""	""	""	""	""	""	""	""	""	"DECLARED_RELEASE_CONFIGURATION"
"metadata"	"androidx.customview"	"customview"	"1.0.0"	"customview-1.0.0.pom"	"1795"	"ce9e47b87184f5bd5e139e9becd5b26476d42d78c31bf2fdedc37acb41b9ad49"	"NO_MATCHING_SIDECAR"	""	""	"https://dl.google.com/dl/android/maven2/androidx/customview/customview/1.0.0/customview-1.0.0.pom.sha256 HTTP_404; https://repo.maven.apache.org/maven2/androidx/customview/customview/1.0.0/customview-1.0.0.pom.sha256 HTTP_404"	""	""	""	""	""	""	""	""	""	""	"DECLARED_RELEASE_CONFIGURATION"
"metadata"	"androidx.customview"	"customview"	"1.1.0"	"customview-1.1.0.pom"	"1957"	"c814d435f73e9e6d169886d0eb96b5c5361feb48449fbbb315c908c03c588c94"	"MATCH"	"c814d435f73e9e6d169886d0eb96b5c5361feb48449fbbb315c908c03c588c94"	"https://dl.google.com/dl/android/maven2/androidx/customview/customview/1.1.0/customview-1.1.0.pom.sha256"	""	""	""	""	""	""	""	""	""	""	""	"DECLARED_RELEASE_CONFIGURATION"
"metadata"	"androidx.databinding"	"databinding-common"	"8.13.0"	"databinding-common-8.13.0.pom"	"932"	"0bc18f912af02b790efa39ac56edb0e5bfc89eafe0997680a5acd65c98a7194e"	"MATCH"	"0bc18f912af02b790efa39ac56edb0e5bfc89eafe0997680a5acd65c98a7194e"	"https://dl.google.com/dl/android/maven2/androidx/databinding/databinding-common/8.13.0/databinding-common-8.13.0.pom.sha256"	""	""	""	""	""	""	""	""	""	""	""	"DECLARED_RELEASE_CONFIGURATION"
"metadata"	"androidx.databinding"	"databinding-compiler-common"	"8.13.0"	"databinding-compiler-common-8.13.0.pom"	"3037"	"2450b2b68a8e6d6f7aad00a856545b3cdfac484a6b1f0af62168404c32326d34"	"MATCH"	"2450b2b68a8e6d6f7aad00a856545b3cdfac484a6b1f0af62168404c32326d34"	"https://dl.google.com/dl/android/maven2/androidx/databinding/databinding-compiler-common/8.13.0/databinding-compiler-common-8.13.0.pom.sha256"	""	""	""	""	""	""	""	""	""	""	""	"DECLARED_RELEASE_CONFIGURATION"
"metadata"	"androidx.drawerlayout"	"drawerlayout"	"1.0.0"	"drawerlayout-1.0.0.pom"	"2006"	"da6733425a83f5ce850878fa7201082345fed7c668dd58550fdd19c0396c6fa4"	"NO_MATCHING_SIDECAR"	""	""	"https://dl.google.com/dl/android/maven2/androidx/drawerlayout/drawerlayout/1.0.0/drawerlayout-1.0.0.pom.sha256 HTTP_404; https://repo.maven.apache.org/maven2/androidx/drawerlayout/drawerlayout/1.0.0/drawerlayout-1.0.0.pom.sha256 HTTP_404"	""	""	""	""	""	""	""	""	""	""	"DECLARED_RELEASE_CONFIGURATION"
"metadata"	"androidx.drawerlayout"	"drawerlayout"	"1.1.1"	"drawerlayout-1.1.1.pom"	"1986"	"c12fa903ba53005962a72405f37896608718f41673fc4a62312e4536132f6f45"	"MATCH"	"c12fa903ba53005962a72405f37896608718f41673fc4a62312e4536132f6f45"	"https://dl.google.com/dl/android/maven2/androidx/drawerlayout/drawerlayout/1.1.1/drawerlayout-1.1.1.pom.sha256"	""	""	""	""	""	""	""	""	""	""	""	"DECLARED_RELEASE_CONFIGURATION"
"metadata"	"androidx.dynamicanimation"	"dynamicanimation"	"1.1.0"	"dynamicanimation-1.1.0.module"	"5589"	"9f5f44254b5ec6b17b4965b8b641851d2888dbd474c6ca81a9caf512718f0262"	"MATCH"	"9f5f44254b5ec6b17b4965b8b641851d2888dbd474c6ca81a9caf512718f0262"	"https://dl.google.com/dl/android/maven2/androidx/dynamicanimation/dynamicanimation/1.1.0/dynamicanimation-1.1.0.module.sha256"	""	""	""	""	""	""	""	""	""	""	""	"DECLARED_RELEASE_CONFIGURATION"
"metadata"	"androidx.dynamicanimation"	"dynamicanimation"	"1.1.0"	"dynamicanimation-1.1.0.pom"	"2620"	"caecb7b379585d8e4070ebafae3974a137c6689de8077f9165935b3605784a93"	"MATCH"	"caecb7b379585d8e4070ebafae3974a137c6689de8077f9165935b3605784a93"	"https://dl.google.com/dl/android/maven2/androidx/dynamicanimation/dynamicanimation/1.1.0/dynamicanimation-1.1.0.pom.sha256"	""	""	""	""	""	""	""	""	""	""	""	"DECLARED_RELEASE_CONFIGURATION"
"metadata"	"androidx.emoji2"	"emoji2"	"1.3.0"	"emoji2-1.3.0.module"	"6981"	"ddc851edba65fd15a7a1bc3ad18648e2f732dd5ad8ef3602224bce0647f5b4d1"	"MATCH"	"ddc851edba65fd15a7a1bc3ad18648e2f732dd5ad8ef3602224bce0647f5b4d1"	"https://dl.google.com/dl/android/maven2/androidx/emoji2/emoji2/1.3.0/emoji2-1.3.0.module.sha256"	""	""	""	""	""	""	""	""	""	""	""	"DECLARED_RELEASE_CONFIGURATION"
"metadata"	"androidx.emoji2"	"emoji2"	"1.3.0"	"emoji2-1.3.0.pom"	"3702"	"14ebbea8234f013211965fdd08b42ee907ce0075af321018c8c2865c2e5db0eb"	"MATCH"	"14ebbea8234f013211965fdd08b42ee907ce0075af321018c8c2865c2e5db0eb"	"https://dl.google.com/dl/android/maven2/androidx/emoji2/emoji2/1.3.0/emoji2-1.3.0.pom.sha256"	""	""	""	""	""	""	""	""	""	""	""	"DECLARED_RELEASE_CONFIGURATION"
"metadata"	"androidx.emoji2"	"emoji2-views-helper"	"1.3.0"	"emoji2-views-helper-1.3.0.module"	"6521"	"09974bb5ef9780de9d56715d71171a35c78fb2e17fd865773b0c83a3acac039c"	"MATCH"	"09974bb5ef9780de9d56715d71171a35c78fb2e17fd865773b0c83a3acac039c"	"https://dl.google.com/dl/android/maven2/androidx/emoji2/emoji2-views-helper/1.3.0/emoji2-views-helper-1.3.0.module.sha256"	""	""	""	""	""	""	""	""	""	""	""	"DECLARED_RELEASE_CONFIGURATION"
"metadata"	"androidx.emoji2"	"emoji2-views-helper"	"1.3.0"	"emoji2-views-helper-1.3.0.pom"	"3230"	"2673b0f5859d4361a4e9a30457852a6745d0c3c85b5e0412070483f3963ef526"	"MATCH"	"2673b0f5859d4361a4e9a30457852a6745d0c3c85b5e0412070483f3963ef526"	"https://dl.google.com/dl/android/maven2/androidx/emoji2/emoji2-views-helper/1.3.0/emoji2-views-helper-1.3.0.pom.sha256"	""	""	""	""	""	""	""	""	""	""	""	"DECLARED_RELEASE_CONFIGURATION"
"metadata"	"androidx.exifinterface"	"exifinterface"	"1.4.1"	"exifinterface-1.4.1.module"	"4032"	"daa541df49e2f7978078cfa3a0f9f16272417aa91f3e2e003b5bda11e585a83f"	"MATCH"	"daa541df49e2f7978078cfa3a0f9f16272417aa91f3e2e003b5bda11e585a83f"	"https://dl.google.com/dl/android/maven2/androidx/exifinterface/exifinterface/1.4.1/exifinterface-1.4.1.module.sha256"	""	""	""	""	""	""	""	""	""	""	""	"DECLARED_RELEASE_CONFIGURATION"
"metadata"	"androidx.exifinterface"	"exifinterface"	"1.4.1"	"exifinterface-1.4.1.pom"	"2004"	"944e867584e20748613cc7610bd5fa10a968cc98cb59fdfdb863e9f0201df289"	"MATCH"	"944e867584e20748613cc7610bd5fa10a968cc98cb59fdfdb863e9f0201df289"	"https://dl.google.com/dl/android/maven2/androidx/exifinterface/exifinterface/1.4.1/exifinterface-1.4.1.pom.sha256"	""	""	""	""	""	""	""	""	""	""	""	"DECLARED_RELEASE_CONFIGURATION"
"metadata"	"androidx.exifinterface"	"exifinterface"	"1.4.2"	"exifinterface-1.4.2.module"	"4032"	"6365165eb5aacc700a34b1650a2910ea01ebd819821b89af7689fa41274fb00b"	"MATCH"	"6365165eb5aacc700a34b1650a2910ea01ebd819821b89af7689fa41274fb00b"	"https://dl.google.com/dl/android/maven2/androidx/exifinterface/exifinterface/1.4.2/exifinterface-1.4.2.module.sha256"	""	""	""	""	""	""	""	""	""	""	""	"DECLARED_RELEASE_CONFIGURATION"
"metadata"	"androidx.exifinterface"	"exifinterface"	"1.4.2"	"exifinterface-1.4.2.pom"	"2004"	"b11c0763f3094d28664412b7d3316bb5d1a785810fb7b4fe5f356cd5cbcd1725"	"MATCH"	"b11c0763f3094d28664412b7d3316bb5d1a785810fb7b4fe5f356cd5cbcd1725"	"https://dl.google.com/dl/android/maven2/androidx/exifinterface/exifinterface/1.4.2/exifinterface-1.4.2.pom.sha256"	""	""	""	""	""	""	""	""	""	""	""	"DECLARED_RELEASE_CONFIGURATION"
"metadata"	"androidx.fragment"	"fragment"	"1.5.4"	"fragment-1.5.4.module"	"6728"	"af3260808dceb6532efc2d7215be45872c24a699dada7d77bff738ce3b85a7f0"	"MATCH"	"af3260808dceb6532efc2d7215be45872c24a699dada7d77bff738ce3b85a7f0"	"https://dl.google.com/dl/android/maven2/androidx/fragment/fragment/1.5.4/fragment-1.5.4.module.sha256"	""	""	""	""	""	""	""	""	""	""	""	"DECLARED_RELEASE_CONFIGURATION"
"metadata"	"androidx.fragment"	"fragment"	"1.5.4"	"fragment-1.5.4.pom"	"4234"	"f8ca1877c66e642c554907e1ce5a493a897ca29270cb19e2bb6d424ba43b6c98"	"MATCH"	"f8ca1877c66e642c554907e1ce5a493a897ca29270cb19e2bb6d424ba43b6c98"	"https://dl.google.com/dl/android/maven2/androidx/fragment/fragment/1.5.4/fragment-1.5.4.pom.sha256"	""	""	""	""	""	""	""	""	""	""	""	"DECLARED_RELEASE_CONFIGURATION"
"metadata"	"androidx.fragment"	"fragment"	"1.8.9"	"fragment-1.8.9.module"	"11983"	"67af03fb14d0e2bae2a7c62185d3a5607a915ed1fc494952afb165cd12b00b7c"	"MATCH"	"67af03fb14d0e2bae2a7c62185d3a5607a915ed1fc494952afb165cd12b00b7c"	"https://dl.google.com/dl/android/maven2/androidx/fragment/fragment/1.8.9/fragment-1.8.9.module.sha256"	""	""	""	""	""	""	""	""	""	""	""	"DECLARED_RELEASE_CONFIGURATION"
"metadata"	"androidx.fragment"	"fragment"	"1.8.9"	"fragment-1.8.9.pom"	"5416"	"8135a58b3ec9379c8afb4acce863f35e7654fddf1c602191f8d3feec13afed36"	"MATCH"	"8135a58b3ec9379c8afb4acce863f35e7654fddf1c602191f8d3feec13afed36"	"https://dl.google.com/dl/android/maven2/androidx/fragment/fragment/1.8.9/fragment-1.8.9.pom.sha256"	""	""	""	""	""	""	""	""	""	""	""	"DECLARED_RELEASE_CONFIGURATION"
"metadata"	"androidx.graphics"	"graphics-shapes"	"1.0.1"	"graphics-shapes-1.0.1.module"	"31934"	"2d7f6d55042299f9c4f8478aa094bc4099a346902779ff3091fed1dfc2b62f53"	"MATCH"	"2d7f6d55042299f9c4f8478aa094bc4099a346902779ff3091fed1dfc2b62f53"	"https://dl.google.com/dl/android/maven2/androidx/graphics/graphics-shapes/1.0.1/graphics-shapes-1.0.1.module.sha256"	""	""	""	""	""	""	""	""	""	""	""	"LINT_RELEASE_TASK_TIME_OBSERVED_CACHE"
"metadata"	"androidx.graphics"	"graphics-shapes"	"1.0.1"	"graphics-shapes-1.0.1.pom"	"2423"	"76b50ce664fa44a4b16542081e088991cf316ae6e723aa4cd01a62719f1a8a27"	"MATCH"	"76b50ce664fa44a4b16542081e088991cf316ae6e723aa4cd01a62719f1a8a27"	"https://dl.google.com/dl/android/maven2/androidx/graphics/graphics-shapes/1.0.1/graphics-shapes-1.0.1.pom.sha256"	""	""	""	""	""	""	""	""	""	""	""	"LINT_RELEASE_TASK_TIME_OBSERVED_CACHE"
"metadata"	"androidx.graphics"	"graphics-shapes-android"	"1.0.1"	"graphics-shapes-android-1.0.1.module"	"5754"	"9a5508caf02d78fcf2729394e97e7b27a43786273e17ccb65bf8e1b00a598324"	"MATCH"	"9a5508caf02d78fcf2729394e97e7b27a43786273e17ccb65bf8e1b00a598324"	"https://dl.google.com/dl/android/maven2/androidx/graphics/graphics-shapes-android/1.0.1/graphics-shapes-android-1.0.1.module.sha256"	""	""	""	""	""	""	""	""	""	""	""	"DECLARED_RELEASE_CONFIGURATION"
"metadata"	"androidx.graphics"	"graphics-shapes-android"	"1.0.1"	"graphics-shapes-android-1.0.1.pom"	"5079"	"81de7bcc8549084d104d5af33b120f93e10d45424a15a454cfa1f24304aa4d11"	"MATCH"	"81de7bcc8549084d104d5af33b120f93e10d45424a15a454cfa1f24304aa4d11"	"https://dl.google.com/dl/android/maven2/androidx/graphics/graphics-shapes-android/1.0.1/graphics-shapes-android-1.0.1.pom.sha256"	""	""	""	""	""	""	""	""	""	""	""	"DECLARED_RELEASE_CONFIGURATION"
"metadata"	"androidx.interpolator"	"interpolator"	"1.0.0"	"interpolator-1.0.0.pom"	"1608"	"0ddc07cc39699f48ecd9ec894b5830c0f09e22e82959294edf37217224c88b7b"	"NO_MATCHING_SIDECAR"	""	""	"https://dl.google.com/dl/android/maven2/androidx/interpolator/interpolator/1.0.0/interpolator-1.0.0.pom.sha256 HTTP_404; https://repo.maven.apache.org/maven2/androidx/interpolator/interpolator/1.0.0/interpolator-1.0.0.pom.sha256 HTTP_404"	""	""	""	""	""	""	""	""	""	""	"DECLARED_RELEASE_CONFIGURATION"
"metadata"	"androidx.lifecycle"	"lifecycle-common"	"2.6.2"	"lifecycle-common-2.6.2.module"	"16947"	"0fa7f28f5cff8a406a4f7870b243cb0d6d7a7c20faa7a2becaff5907ae12f9cc"	"MATCH"	"0fa7f28f5cff8a406a4f7870b243cb0d6d7a7c20faa7a2becaff5907ae12f9cc"	"https://dl.google.com/dl/android/maven2/androidx/lifecycle/lifecycle-common/2.6.2/lifecycle-common-2.6.2.module.sha256"	""	""	""	""	""	""	""	""	""	""	""	"DECLARED_RELEASE_CONFIGURATION"
"metadata"	"androidx.lifecycle"	"lifecycle-common"	"2.6.2"	"lifecycle-common-2.6.2.pom"	"6581"	"57304cdac4da289a6ecdd0738e16b1d8858f1ef8e9fabe2d65a963719fd81dba"	"MATCH"	"57304cdac4da289a6ecdd0738e16b1d8858f1ef8e9fabe2d65a963719fd81dba"	"https://dl.google.com/dl/android/maven2/androidx/lifecycle/lifecycle-common/2.6.2/lifecycle-common-2.6.2.pom.sha256"	""	""	""	""	""	""	""	""	""	""	""	"DECLARED_RELEASE_CONFIGURATION"
"metadata"	"androidx.lifecycle"	"lifecycle-common"	"2.8.7"	"lifecycle-common-2.8.7.module"	"34668"	"0de78fc06ee5045d68fc7e81c313a2a3d53ac7d127f79f9bc95abf7be49e5764"	"MATCH"	"0de78fc06ee5045d68fc7e81c313a2a3d53ac7d127f79f9bc95abf7be49e5764"	"https://dl.google.com/dl/android/maven2/androidx/lifecycle/lifecycle-common/2.8.7/lifecycle-common-2.8.7.module.sha256"	""	""	""	""	""	""	""	""	""	""	""	"LINT_RELEASE_TASK_TIME_OBSERVED_CACHE"
"metadata"	"androidx.lifecycle"	"lifecycle-common"	"2.8.7"	"lifecycle-common-2.8.7.pom"	"5784"	"f55cff4af288525d425c4678ddb36ba864591f5f0eda1b9220567c36c8513b49"	"MATCH"	"f55cff4af288525d425c4678ddb36ba864591f5f0eda1b9220567c36c8513b49"	"https://dl.google.com/dl/android/maven2/androidx/lifecycle/lifecycle-common/2.8.7/lifecycle-common-2.8.7.pom.sha256"	""	""	""	""	""	""	""	""	""	""	""	"LINT_RELEASE_TASK_TIME_OBSERVED_CACHE"
"metadata"	"androidx.lifecycle"	"lifecycle-common-jvm"	"2.8.7"	"lifecycle-common-jvm-2.8.7.module"	"17776"	"e487a4c007d6abf29d01083c33e28696cd42cffcf714489dc91e97c3d42c6060"	"MATCH"	"e487a4c007d6abf29d01083c33e28696cd42cffcf714489dc91e97c3d42c6060"	"https://dl.google.com/dl/android/maven2/androidx/lifecycle/lifecycle-common-jvm/2.8.7/lifecycle-common-jvm-2.8.7.module.sha256"	""	""	""	""	""	""	""	""	""	""	""	"DECLARED_RELEASE_CONFIGURATION"
"metadata"	"androidx.lifecycle"	"lifecycle-common-jvm"	"2.8.7"	"lifecycle-common-jvm-2.8.7.pom"	"5418"	"8f0007d670749b2c70c226d75fe3837c6435e1b40036f1eb829078e90461a7e0"	"MATCH"	"8f0007d670749b2c70c226d75fe3837c6435e1b40036f1eb829078e90461a7e0"	"https://dl.google.com/dl/android/maven2/androidx/lifecycle/lifecycle-common-jvm/2.8.7/lifecycle-common-jvm-2.8.7.pom.sha256"	""	""	""	""	""	""	""	""	""	""	""	"DECLARED_RELEASE_CONFIGURATION"
"metadata"	"androidx.lifecycle"	"lifecycle-livedata"	"2.6.2"	"lifecycle-livedata-2.6.2.module"	"16312"	"19a287b46d1b1ffe297bee0df7dee5183aeba95600ec0de8742adeb5b67c8bab"	"MATCH"	"19a287b46d1b1ffe297bee0df7dee5183aeba95600ec0de8742adeb5b67c8bab"	"https://dl.google.com/dl/android/maven2/androidx/lifecycle/lifecycle-livedata/2.6.2/lifecycle-livedata-2.6.2.module.sha256"	""	""	""	""	""	""	""	""	""	""	""	"DECLARED_RELEASE_CONFIGURATION"
"metadata"	"androidx.lifecycle"	"lifecycle-livedata"	"2.6.2"	"lifecycle-livedata-2.6.2.pom"	"6510"	"d7c9e019cf68779387481877878f6c499d1786b85f2c0480e9264dd5097c51c0"	"MATCH"	"d7c9e019cf68779387481877878f6c499d1786b85f2c0480e9264dd5097c51c0"	"https://dl.google.com/dl/android/maven2/androidx/lifecycle/lifecycle-livedata/2.6.2/lifecycle-livedata-2.6.2.pom.sha256"	""	""	""	""	""	""	""	""	""	""	""	"DECLARED_RELEASE_CONFIGURATION"
"metadata"	"androidx.lifecycle"	"lifecycle-livedata"	"2.8.7"	"lifecycle-livedata-2.8.7.module"	"24021"	"d72516cfce78bef654fe5df4c99b9dabd19780c95053268a6d5b4b0dda2d4323"	"MATCH"	"d72516cfce78bef654fe5df4c99b9dabd19780c95053268a6d5b4b0dda2d4323"	"https://dl.google.com/dl/android/maven2/androidx/lifecycle/lifecycle-livedata/2.8.7/lifecycle-livedata-2.8.7.module.sha256"	""	""	""	""	""	""	""	""	""	""	""	"DECLARED_RELEASE_CONFIGURATION"
"metadata"	"androidx.lifecycle"	"lifecycle-livedata"	"2.8.7"	"lifecycle-livedata-2.8.7.pom"	"6091"	"d324cb785134d419757709118f86e2a88f3cc0b222bd8c23495ddbcb7a800cac"	"MATCH"	"d324cb785134d419757709118f86e2a88f3cc0b222bd8c23495ddbcb7a800cac"	"https://dl.google.com/dl/android/maven2/androidx/lifecycle/lifecycle-livedata/2.8.7/lifecycle-livedata-2.8.7.pom.sha256"	""	""	""	""	""	""	""	""	""	""	""	"DECLARED_RELEASE_CONFIGURATION"
"metadata"	"androidx.lifecycle"	"lifecycle-livedata-core"	"2.6.2"	"lifecycle-livedata-core-2.6.2.module"	"16153"	"527d0e1ac467d1f47cc20ed7c30db170217299fabb868154cf5d1765e4e4dad9"	"MATCH"	"527d0e1ac467d1f47cc20ed7c30db170217299fabb868154cf5d1765e4e4dad9"	"https://dl.google.com/dl/android/maven2/androidx/lifecycle/lifecycle-livedata-core/2.6.2/lifecycle-livedata-core-2.6.2.module.sha256"	""	""	""	""	""	""	""	""	""	""	""	"DECLARED_RELEASE_CONFIGURATION"
"metadata"	"androidx.lifecycle"	"lifecycle-livedata-core"	"2.6.2"	"lifecycle-livedata-core-2.6.2.pom"	"6490"	"1faf8ebf53f28b2f0ae2c2095371ae67d0ca16ac328fce7f163609a43214b5a4"	"MATCH"	"1faf8ebf53f28b2f0ae2c2095371ae67d0ca16ac328fce7f163609a43214b5a4"	"https://dl.google.com/dl/android/maven2/androidx/lifecycle/lifecycle-livedata-core/2.6.2/lifecycle-livedata-core-2.6.2.pom.sha256"	""	""	""	""	""	""	""	""	""	""	""	"DECLARED_RELEASE_CONFIGURATION"
"metadata"	"androidx.lifecycle"	"lifecycle-livedata-core"	"2.8.7"	"lifecycle-livedata-core-2.8.7.module"	"23508"	"b0a1da7f1fe36060ec7847f1972857a24b7db29e6cd4516e62c5520009d813c2"	"MATCH"	"b0a1da7f1fe36060ec7847f1972857a24b7db29e6cd4516e62c5520009d813c2"	"https://dl.google.com/dl/android/maven2/androidx/lifecycle/lifecycle-livedata-core/2.8.7/lifecycle-livedata-core-2.8.7.module.sha256"	""	""	""	""	""	""	""	""	""	""	""	"DECLARED_RELEASE_CONFIGURATION"
"metadata"	"androidx.lifecycle"	"lifecycle-livedata-core"	"2.8.7"	"lifecycle-livedata-core-2.8.7.pom"	"5651"	"e5e30bd3c0adbb4246b4feaf5d38e0b3eab6e495b126ee94497f7490ca35156a"	"MATCH"	"e5e30bd3c0adbb4246b4feaf5d38e0b3eab6e495b126ee94497f7490ca35156a"	"https://dl.google.com/dl/android/maven2/androidx/lifecycle/lifecycle-livedata-core/2.8.7/lifecycle-livedata-core-2.8.7.pom.sha256"	""	""	""	""	""	""	""	""	""	""	""	"DECLARED_RELEASE_CONFIGURATION"
"metadata"	"androidx.lifecycle"	"lifecycle-livedata-core-ktx"	"2.8.7"	"lifecycle-livedata-core-ktx-2.8.7.module"	"23497"	"3d188bb622fcbb021d93cc007d3c477d4f402ae6f58b7fc46a441d0ab70678ad"	"MATCH"	"3d188bb622fcbb021d93cc007d3c477d4f402ae6f58b7fc46a441d0ab70678ad"	"https://dl.google.com/dl/android/maven2/androidx/lifecycle/lifecycle-livedata-core-ktx/2.8.7/lifecycle-livedata-core-ktx-2.8.7.module.sha256"	""	""	""	""	""	""	""	""	""	""	""	"DECLARED_RELEASE_CONFIGURATION"
"metadata"	"androidx.lifecycle"	"lifecycle-livedata-core-ktx"	"2.8.7"	"lifecycle-livedata-core-ktx-2.8.7.pom"	"5316"	"2fe09451b2f9baa68d05c0a549eafdbab4a1e4febd3efa474ab6875d8e6b271c"	"MATCH"	"2fe09451b2f9baa68d05c0a549eafdbab4a1e4febd3efa474ab6875d8e6b271c"	"https://dl.google.com/dl/android/maven2/androidx/lifecycle/lifecycle-livedata-core-ktx/2.8.7/lifecycle-livedata-core-ktx-2.8.7.pom.sha256"	""	""	""	""	""	""	""	""	""	""	""	"DECLARED_RELEASE_CONFIGURATION"
"metadata"	"androidx.lifecycle"	"lifecycle-process"	"2.6.2"	"lifecycle-process-2.6.2.module"	"16462"	"d927d41903a2ff02ba1b9fefa4c25cb58187b1ce3a054945f43ce6a29918a3f3"	"MATCH"	"d927d41903a2ff02ba1b9fefa4c25cb58187b1ce3a054945f43ce6a29918a3f3"	"https://dl.google.com/dl/android/maven2/androidx/lifecycle/lifecycle-process/2.6.2/lifecycle-process-2.6.2.module.sha256"	""	""	""	""	""	""	""	""	""	""	""	"DECLARED_RELEASE_CONFIGURATION"
"metadata"	"androidx.lifecycle"	"lifecycle-process"	"2.6.2"	"lifecycle-process-2.6.2.pom"	"6503"	"1f14396ec764b44d37c143adacee01e5b68cb5f35a21bcd9cdebd7c83ea7d2e9"	"MATCH"	"1f14396ec764b44d37c143adacee01e5b68cb5f35a21bcd9cdebd7c83ea7d2e9"	"https://dl.google.com/dl/android/maven2/androidx/lifecycle/lifecycle-process/2.6.2/lifecycle-process-2.6.2.pom.sha256"	""	""	""	""	""	""	""	""	""	""	""	"DECLARED_RELEASE_CONFIGURATION"
"metadata"	"androidx.lifecycle"	"lifecycle-process"	"2.8.7"	"lifecycle-process-2.8.7.module"	"23378"	"98a1c08c10cfd4bdaa89e9c256a9b96c09cdd5bcfbb03a9260817a6d89cc2378"	"MATCH"	"98a1c08c10cfd4bdaa89e9c256a9b96c09cdd5bcfbb03a9260817a6d89cc2378"	"https://dl.google.com/dl/android/maven2/androidx/lifecycle/lifecycle-process/2.8.7/lifecycle-process-2.8.7.module.sha256"	""	""	""	""	""	""	""	""	""	""	""	"DECLARED_RELEASE_CONFIGURATION"
"metadata"	"androidx.lifecycle"	"lifecycle-process"	"2.8.7"	"lifecycle-process-2.8.7.pom"	"5641"	"81ba3ae9ffe2594bf21a35e181cb53ce7b396f357f7c3cbffbe8fdd3a2330339"	"MATCH"	"81ba3ae9ffe2594bf21a35e181cb53ce7b396f357f7c3cbffbe8fdd3a2330339"	"https://dl.google.com/dl/android/maven2/androidx/lifecycle/lifecycle-process/2.8.7/lifecycle-process-2.8.7.pom.sha256"	""	""	""	""	""	""	""	""	""	""	""	"DECLARED_RELEASE_CONFIGURATION"
"metadata"	"androidx.lifecycle"	"lifecycle-runtime"	"2.6.2"	"lifecycle-runtime-2.6.2.module"	"16797"	"ea0131846abe1fe9dea59ac6dfe1f0fb9d8b6d600c9eff9a1fd4ad5ee5e7cbc7"	"MATCH"	"ea0131846abe1fe9dea59ac6dfe1f0fb9d8b6d600c9eff9a1fd4ad5ee5e7cbc7"	"https://dl.google.com/dl/android/maven2/androidx/lifecycle/lifecycle-runtime/2.6.2/lifecycle-runtime-2.6.2.module.sha256"	""	""	""	""	""	""	""	""	""	""	""	"DECLARED_RELEASE_CONFIGURATION"
"metadata"	"androidx.lifecycle"	"lifecycle-runtime"	"2.6.2"	"lifecycle-runtime-2.6.2.pom"	"6877"	"8175255546e2a5f510865f84ace680660954730240b1905d9175b4345beda977"	"MATCH"	"8175255546e2a5f510865f84ace680660954730240b1905d9175b4345beda977"	"https://dl.google.com/dl/android/maven2/androidx/lifecycle/lifecycle-runtime/2.6.2/lifecycle-runtime-2.6.2.pom.sha256"	""	""	""	""	""	""	""	""	""	""	""	"DECLARED_RELEASE_CONFIGURATION"
"metadata"	"androidx.lifecycle"	"lifecycle-runtime"	"2.8.7"	"lifecycle-runtime-2.8.7.module"	"36423"	"cb00e5cb9283b75948dcc0d27234fb6d72a80c34dcb7b3b8d493185e4316bf85"	"MATCH"	"cb00e5cb9283b75948dcc0d27234fb6d72a80c34dcb7b3b8d493185e4316bf85"	"https://dl.google.com/dl/android/maven2/androidx/lifecycle/lifecycle-runtime/2.8.7/lifecycle-runtime-2.8.7.module.sha256"	""	""	""	""	""	""	""	""	""	""	""	"LINT_RELEASE_TASK_TIME_OBSERVED_CACHE"
"metadata"	"androidx.lifecycle"	"lifecycle-runtime"	"2.8.7"	"lifecycle-runtime-2.8.7.pom"	"5834"	"61e1069e9938a414d6bf83a6c088c8a4368a27ab238e62efb8de44e9d6ea31fa"	"MATCH"	"61e1069e9938a414d6bf83a6c088c8a4368a27ab238e62efb8de44e9d6ea31fa"	"https://dl.google.com/dl/android/maven2/androidx/lifecycle/lifecycle-runtime/2.8.7/lifecycle-runtime-2.8.7.pom.sha256"	""	""	""	""	""	""	""	""	""	""	""	"LINT_RELEASE_TASK_TIME_OBSERVED_CACHE"
"metadata"	"androidx.lifecycle"	"lifecycle-runtime-android"	"2.8.7"	"lifecycle-runtime-android-2.8.7.module"	"21700"	"4d1b3881c98d42934cb8d5de7c8a9e12049549a5147718647d7be6ca6d958c46"	"MATCH"	"4d1b3881c98d42934cb8d5de7c8a9e12049549a5147718647d7be6ca6d958c46"	"https://dl.google.com/dl/android/maven2/androidx/lifecycle/lifecycle-runtime-android/2.8.7/lifecycle-runtime-android-2.8.7.module.sha256"	""	""	""	""	""	""	""	""	""	""	""	"DECLARED_RELEASE_CONFIGURATION"
"metadata"	"androidx.lifecycle"	"lifecycle-runtime-android"	"2.8.7"	"lifecycle-runtime-android-2.8.7.pom"	"7199"	"28cb190de87de05d3c1a4f7674d1f458b7ab935e75cf83ba28b1539b5fa93c1a"	"MATCH"	"28cb190de87de05d3c1a4f7674d1f458b7ab935e75cf83ba28b1539b5fa93c1a"	"https://dl.google.com/dl/android/maven2/androidx/lifecycle/lifecycle-runtime-android/2.8.7/lifecycle-runtime-android-2.8.7.pom.sha256"	""	""	""	""	""	""	""	""	""	""	""	"DECLARED_RELEASE_CONFIGURATION"
"metadata"	"androidx.lifecycle"	"lifecycle-runtime-ktx"	"2.6.2"	"lifecycle-runtime-ktx-2.6.2.module"	"16510"	"3c9af03a3a543394e67ab599b727ba331e6f330a55829f6d52f63a8772f4cbdc"	"MATCH"	"3c9af03a3a543394e67ab599b727ba331e6f330a55829f6d52f63a8772f4cbdc"	"https://dl.google.com/dl/android/maven2/androidx/lifecycle/lifecycle-runtime-ktx/2.6.2/lifecycle-runtime-ktx-2.6.2.module.sha256"	""	""	""	""	""	""	""	""	""	""	""	"DECLARED_RELEASE_CONFIGURATION"
"metadata"	"androidx.lifecycle"	"lifecycle-runtime-ktx"	"2.6.2"	"lifecycle-runtime-ktx-2.6.2.pom"	"6523"	"69c6ca9ff9fc9c6940bd55ef91c5b7b57deabab686d2c64a5af85152f29904cd"	"MATCH"	"69c6ca9ff9fc9c6940bd55ef91c5b7b57deabab686d2c64a5af85152f29904cd"	"https://dl.google.com/dl/android/maven2/androidx/lifecycle/lifecycle-runtime-ktx/2.6.2/lifecycle-runtime-ktx-2.6.2.pom.sha256"	""	""	""	""	""	""	""	""	""	""	""	"DECLARED_RELEASE_CONFIGURATION"
"metadata"	"androidx.lifecycle"	"lifecycle-runtime-ktx"	"2.8.7"	"lifecycle-runtime-ktx-2.8.7.module"	"24474"	"09c6dcf0fee2ad69c523db6c2a343168a8d9e9d27743cf84b69c757b7fcab243"	"MATCH"	"09c6dcf0fee2ad69c523db6c2a343168a8d9e9d27743cf84b69c757b7fcab243"	"https://dl.google.com/dl/android/maven2/androidx/lifecycle/lifecycle-runtime-ktx/2.8.7/lifecycle-runtime-ktx-2.8.7.module.sha256"	""	""	""	""	""	""	""	""	""	""	""	"LINT_RELEASE_TASK_TIME_OBSERVED_CACHE"
"metadata"	"androidx.lifecycle"	"lifecycle-runtime-ktx"	"2.8.7"	"lifecycle-runtime-ktx-2.8.7.pom"	"5684"	"b0e365ba9a405e4da98b9f0508b991cd76f4d5a68229084724c5050e279dfc12"	"MATCH"	"b0e365ba9a405e4da98b9f0508b991cd76f4d5a68229084724c5050e279dfc12"	"https://dl.google.com/dl/android/maven2/androidx/lifecycle/lifecycle-runtime-ktx/2.8.7/lifecycle-runtime-ktx-2.8.7.pom.sha256"	""	""	""	""	""	""	""	""	""	""	""	"LINT_RELEASE_TASK_TIME_OBSERVED_CACHE"
"metadata"	"androidx.lifecycle"	"lifecycle-runtime-ktx-android"	"2.8.7"	"lifecycle-runtime-ktx-android-2.8.7.module"	"20030"	"adc61521e894f163beee3aedc8c4c0dfb5991663b88ea1ea7798fac95694e17d"	"MATCH"	"adc61521e894f163beee3aedc8c4c0dfb5991663b88ea1ea7798fac95694e17d"	"https://dl.google.com/dl/android/maven2/androidx/lifecycle/lifecycle-runtime-ktx-android/2.8.7/lifecycle-runtime-ktx-android-2.8.7.module.sha256"	""	""	""	""	""	""	""	""	""	""	""	"DECLARED_RELEASE_CONFIGURATION"
"metadata"	"androidx.lifecycle"	"lifecycle-runtime-ktx-android"	"2.8.7"	"lifecycle-runtime-ktx-android-2.8.7.pom"	"5669"	"1eda66f638060cd398e44896f934c273f003b9e8ed36995cfdf3eb131f072365"	"MATCH"	"1eda66f638060cd398e44896f934c273f003b9e8ed36995cfdf3eb131f072365"	"https://dl.google.com/dl/android/maven2/androidx/lifecycle/lifecycle-runtime-ktx-android/2.8.7/lifecycle-runtime-ktx-android-2.8.7.pom.sha256"	""	""	""	""	""	""	""	""	""	""	""	"DECLARED_RELEASE_CONFIGURATION"
"metadata"	"androidx.lifecycle"	"lifecycle-service"	"2.8.7"	"lifecycle-service-2.8.7.module"	"22716"	"23ebfcab9fb782516ac14aaec2f1d38ffdece88049bcb2f11fcb35a198a389a4"	"MATCH"	"23ebfcab9fb782516ac14aaec2f1d38ffdece88049bcb2f11fcb35a198a389a4"	"https://dl.google.com/dl/android/maven2/androidx/lifecycle/lifecycle-service/2.8.7/lifecycle-service-2.8.7.module.sha256"	""	""	""	""	""	""	""	""	""	""	""	"DECLARED_RELEASE_CONFIGURATION"
"metadata"	"androidx.lifecycle"	"lifecycle-service"	"2.8.7"	"lifecycle-service-2.8.7.pom"	"5252"	"cb32a42e2b15ddd89dd8ba36eb3776f4a356fe89303a021c0dcf472e1fe54d50"	"MATCH"	"cb32a42e2b15ddd89dd8ba36eb3776f4a356fe89303a021c0dcf472e1fe54d50"	"https://dl.google.com/dl/android/maven2/androidx/lifecycle/lifecycle-service/2.8.7/lifecycle-service-2.8.7.pom.sha256"	""	""	""	""	""	""	""	""	""	""	""	"DECLARED_RELEASE_CONFIGURATION"
"metadata"	"androidx.lifecycle"	"lifecycle-viewmodel"	"2.6.2"	"lifecycle-viewmodel-2.6.2.module"	"15799"	"74e9a9ea46842a25642c91de2190ac24dcc1ea017395aae0eb250057d32699c6"	"MATCH"	"74e9a9ea46842a25642c91de2190ac24dcc1ea017395aae0eb250057d32699c6"	"https://dl.google.com/dl/android/maven2/androidx/lifecycle/lifecycle-viewmodel/2.6.2/lifecycle-viewmodel-2.6.2.module.sha256"	""	""	""	""	""	""	""	""	""	""	""	"DECLARED_RELEASE_CONFIGURATION"
"metadata"	"androidx.lifecycle"	"lifecycle-viewmodel"	"2.6.2"	"lifecycle-viewmodel-2.6.2.pom"	"6087"	"a9fb0b39a8360beef7bdc8f3953d4d78f3d85304fc80adac3c8eaf530d758050"	"MATCH"	"a9fb0b39a8360beef7bdc8f3953d4d78f3d85304fc80adac3c8eaf530d758050"	"https://dl.google.com/dl/android/maven2/androidx/lifecycle/lifecycle-viewmodel/2.6.2/lifecycle-viewmodel-2.6.2.pom.sha256"	""	""	""	""	""	""	""	""	""	""	""	"DECLARED_RELEASE_CONFIGURATION"
"metadata"	"androidx.lifecycle"	"lifecycle-viewmodel"	"2.8.7"	"lifecycle-viewmodel-2.8.7.module"	"36559"	"f1d821fc18036dd20cc21ffbe02f547120bf0051e06ae9e1977140213c934372"	"MATCH"	"f1d821fc18036dd20cc21ffbe02f547120bf0051e06ae9e1977140213c934372"	"https://dl.google.com/dl/android/maven2/androidx/lifecycle/lifecycle-viewmodel/2.8.7/lifecycle-viewmodel-2.8.7.module.sha256"	""	""	""	""	""	""	""	""	""	""	""	"DECLARED_RELEASE_CONFIGURATION"
"metadata"	"androidx.lifecycle"	"lifecycle-viewmodel"	"2.8.7"	"lifecycle-viewmodel-2.8.7.pom"	"5666"	"ee1dfb183b53aa6233ad52eda7a754f72d95a6db6dca2f39144a160deb4195fb"	"MATCH"	"ee1dfb183b53aa6233ad52eda7a754f72d95a6db6dca2f39144a160deb4195fb"	"https://dl.google.com/dl/android/maven2/androidx/lifecycle/lifecycle-viewmodel/2.8.7/lifecycle-viewmodel-2.8.7.pom.sha256"	""	""	""	""	""	""	""	""	""	""	""	"DECLARED_RELEASE_CONFIGURATION"
"metadata"	"androidx.lifecycle"	"lifecycle-viewmodel-android"	"2.8.7"	"lifecycle-viewmodel-android-2.8.7.module"	"19932"	"b04994ce67d6999438316ff41b2ddb84613a64b8f81399ef3074895ad81065dc"	"MATCH"	"b04994ce67d6999438316ff41b2ddb84613a64b8f81399ef3074895ad81065dc"	"https://dl.google.com/dl/android/maven2/androidx/lifecycle/lifecycle-viewmodel-android/2.8.7/lifecycle-viewmodel-android-2.8.7.module.sha256"	""	""	""	""	""	""	""	""	""	""	""	"DECLARED_RELEASE_CONFIGURATION"
"metadata"	"androidx.lifecycle"	"lifecycle-viewmodel-android"	"2.8.7"	"lifecycle-viewmodel-android-2.8.7.pom"	"5661"	"b37c1a411eeb9877f0f25783d1ecaecf5656b8442c5445388046e69aace7c6b0"	"MATCH"	"b37c1a411eeb9877f0f25783d1ecaecf5656b8442c5445388046e69aace7c6b0"	"https://dl.google.com/dl/android/maven2/androidx/lifecycle/lifecycle-viewmodel-android/2.8.7/lifecycle-viewmodel-android-2.8.7.pom.sha256"	""	""	""	""	""	""	""	""	""	""	""	"DECLARED_RELEASE_CONFIGURATION"
"metadata"	"androidx.lifecycle"	"lifecycle-viewmodel-ktx"	"2.6.2"	"lifecycle-viewmodel-ktx-2.6.2.module"	"16192"	"16d314c6ec774cf83216c46e6e7fa96c615e1d2611995d368389154b57741861"	"MATCH"	"16d314c6ec774cf83216c46e6e7fa96c615e1d2611995d368389154b57741861"	"https://dl.google.com/dl/android/maven2/androidx/lifecycle/lifecycle-viewmodel-ktx/2.6.2/lifecycle-viewmodel-ktx-2.6.2.module.sha256"	""	""	""	""	""	""	""	""	""	""	""	"DECLARED_RELEASE_CONFIGURATION"
"metadata"	"androidx.lifecycle"	"lifecycle-viewmodel-ktx"	"2.6.2"	"lifecycle-viewmodel-ktx-2.6.2.pom"	"6353"	"1d336fbf91471fc497afdf9d875989261d08b564d021eaf275944865f526dcef"	"MATCH"	"1d336fbf91471fc497afdf9d875989261d08b564d021eaf275944865f526dcef"	"https://dl.google.com/dl/android/maven2/androidx/lifecycle/lifecycle-viewmodel-ktx/2.6.2/lifecycle-viewmodel-ktx-2.6.2.pom.sha256"	""	""	""	""	""	""	""	""	""	""	""	"DECLARED_RELEASE_CONFIGURATION"
"metadata"	"androidx.lifecycle"	"lifecycle-viewmodel-ktx"	"2.8.7"	"lifecycle-viewmodel-ktx-2.8.7.module"	"23546"	"a99e3d0218ee92bda8f5c1ebf25d4832b301ef5810604e2e96e4b607ebf6a7f5"	"MATCH"	"a99e3d0218ee92bda8f5c1ebf25d4832b301ef5810604e2e96e4b607ebf6a7f5"	"https://dl.google.com/dl/android/maven2/androidx/lifecycle/lifecycle-viewmodel-ktx/2.8.7/lifecycle-viewmodel-ktx-2.8.7.module.sha256"	""	""	""	""	""	""	""	""	""	""	""	"DECLARED_RELEASE_CONFIGURATION"
"metadata"	"androidx.lifecycle"	"lifecycle-viewmodel-ktx"	"2.8.7"	"lifecycle-viewmodel-ktx-2.8.7.pom"	"5491"	"9338277904cdf048d8f1d359fae5537a350c64f0de16b71ffa4e20a423c8a7c2"	"MATCH"	"9338277904cdf048d8f1d359fae5537a350c64f0de16b71ffa4e20a423c8a7c2"	"https://dl.google.com/dl/android/maven2/androidx/lifecycle/lifecycle-viewmodel-ktx/2.8.7/lifecycle-viewmodel-ktx-2.8.7.pom.sha256"	""	""	""	""	""	""	""	""	""	""	""	"DECLARED_RELEASE_CONFIGURATION"
"metadata"	"androidx.lifecycle"	"lifecycle-viewmodel-savedstate"	"2.6.2"	"lifecycle-viewmodel-savedstate-2.6.2.module"	"17543"	"79f9d92880c2fb7827ac6739eb747264245ae456f4c21f77cf39fdb6a50a76ae"	"MATCH"	"79f9d92880c2fb7827ac6739eb747264245ae456f4c21f77cf39fdb6a50a76ae"	"https://dl.google.com/dl/android/maven2/androidx/lifecycle/lifecycle-viewmodel-savedstate/2.6.2/lifecycle-viewmodel-savedstate-2.6.2.module.sha256"	""	""	""	""	""	""	""	""	""	""	""	"DECLARED_RELEASE_CONFIGURATION"
"metadata"	"androidx.lifecycle"	"lifecycle-viewmodel-savedstate"	"2.6.2"	"lifecycle-viewmodel-savedstate-2.6.2.pom"	"7139"	"7fc854440644cf52c35894d58d946b208e42769e8517d71a5efcba17865432de"	"MATCH"	"7fc854440644cf52c35894d58d946b208e42769e8517d71a5efcba17865432de"	"https://dl.google.com/dl/android/maven2/androidx/lifecycle/lifecycle-viewmodel-savedstate/2.6.2/lifecycle-viewmodel-savedstate-2.6.2.pom.sha256"	""	""	""	""	""	""	""	""	""	""	""	"DECLARED_RELEASE_CONFIGURATION"
"metadata"	"androidx.lifecycle"	"lifecycle-viewmodel-savedstate"	"2.8.7"	"lifecycle-viewmodel-savedstate-2.8.7.module"	"25409"	"bab22c067f25577a6ac334e8682414818073e9f445038d19039c90f8716fbf6d"	"MATCH"	"bab22c067f25577a6ac334e8682414818073e9f445038d19039c90f8716fbf6d"	"https://dl.google.com/dl/android/maven2/androidx/lifecycle/lifecycle-viewmodel-savedstate/2.8.7/lifecycle-viewmodel-savedstate-2.8.7.module.sha256"	""	""	""	""	""	""	""	""	""	""	""	"DECLARED_RELEASE_CONFIGURATION"
"metadata"	"androidx.lifecycle"	"lifecycle-viewmodel-savedstate"	"2.8.7"	"lifecycle-viewmodel-savedstate-2.8.7.pom"	"6254"	"9b91c558fc31cd9a4181a410ddb9368359cb02362a50af64a1a30a12c3d5c1a9"	"MATCH"	"9b91c558fc31cd9a4181a410ddb9368359cb02362a50af64a1a30a12c3d5c1a9"	"https://dl.google.com/dl/android/maven2/androidx/lifecycle/lifecycle-viewmodel-savedstate/2.8.7/lifecycle-viewmodel-savedstate-2.8.7.pom.sha256"	""	""	""	""	""	""	""	""	""	""	""	"DECLARED_RELEASE_CONFIGURATION"
"metadata"	"androidx.loader"	"loader"	"1.0.0"	"loader-1.0.0.pom"	"2207"	"c978d550808b47434aa49a63164110a50b55b0bcc6160a93a2e37d5110df8c5e"	"NO_MATCHING_SIDECAR"	""	""	"https://dl.google.com/dl/android/maven2/androidx/loader/loader/1.0.0/loader-1.0.0.pom.sha256 HTTP_404; https://repo.maven.apache.org/maven2/androidx/loader/loader/1.0.0/loader-1.0.0.pom.sha256 HTTP_404"	""	""	""	""	""	""	""	""	""	""	"DECLARED_RELEASE_CONFIGURATION"
"metadata"	"androidx.media3"	"media3-common"	"1.10.1"	"media3-common-1.10.1.module"	"10729"	"a81b2f0ebc256fe0e09f05d93c5259ade5bf44707748b9295343bee67575d9c2"	"MATCH"	"a81b2f0ebc256fe0e09f05d93c5259ade5bf44707748b9295343bee67575d9c2"	"https://dl.google.com/dl/android/maven2/androidx/media3/media3-common/1.10.1/media3-common-1.10.1.module.sha256"	""	""	""	""	""	""	""	""	""	""	""	"DECLARED_RELEASE_CONFIGURATION"
"metadata"	"androidx.media3"	"media3-common"	"1.10.1"	"media3-common-1.10.1.pom"	"8415"	"10a5cd980dc8555e75b76f62c7fefcf29bba715a2efeb66ba54d5553b332571a"	"MATCH"	"10a5cd980dc8555e75b76f62c7fefcf29bba715a2efeb66ba54d5553b332571a"	"https://dl.google.com/dl/android/maven2/androidx/media3/media3-common/1.10.1/media3-common-1.10.1.pom.sha256"	""	""	""	""	""	""	""	""	""	""	""	"DECLARED_RELEASE_CONFIGURATION"
"metadata"	"androidx.media3"	"media3-container"	"1.10.1"	"media3-container-1.10.1.module"	"3277"	"e2a1c62c7e5d1013b906bc6ff5056db3e797cda4505e2d7d229524b24ca67a0e"	"MATCH"	"e2a1c62c7e5d1013b906bc6ff5056db3e797cda4505e2d7d229524b24ca67a0e"	"https://dl.google.com/dl/android/maven2/androidx/media3/media3-container/1.10.1/media3-container-1.10.1.module.sha256"	""	""	""	""	""	""	""	""	""	""	""	"DECLARED_RELEASE_CONFIGURATION"
"metadata"	"androidx.media3"	"media3-container"	"1.10.1"	"media3-container-1.10.1.pom"	"1778"	"7737448d39d2da309a1085254c6bd23371ac87bbf8a3806cf14e373f79e2bf4a"	"MATCH"	"7737448d39d2da309a1085254c6bd23371ac87bbf8a3806cf14e373f79e2bf4a"	"https://dl.google.com/dl/android/maven2/androidx/media3/media3-container/1.10.1/media3-container-1.10.1.pom.sha256"	""	""	""	""	""	""	""	""	""	""	""	"DECLARED_RELEASE_CONFIGURATION"
"metadata"	"androidx.media3"	"media3-database"	"1.10.1"	"media3-database-1.10.1.module"	"3267"	"c380fea161e80d8074215a20e86e3dc2c2d825de964ca87aee66c8331f5ae252"	"MATCH"	"c380fea161e80d8074215a20e86e3dc2c2d825de964ca87aee66c8331f5ae252"	"https://dl.google.com/dl/android/maven2/androidx/media3/media3-database/1.10.1/media3-database-1.10.1.module.sha256"	""	""	""	""	""	""	""	""	""	""	""	"DECLARED_RELEASE_CONFIGURATION"
"metadata"	"androidx.media3"	"media3-database"	"1.10.1"	"media3-database-1.10.1.pom"	"1775"	"4ddf18f91c97af3f544336843975e74061c55c33fab3323d235d458deb088ef7"	"MATCH"	"4ddf18f91c97af3f544336843975e74061c55c33fab3323d235d458deb088ef7"	"https://dl.google.com/dl/android/maven2/androidx/media3/media3-database/1.10.1/media3-database-1.10.1.pom.sha256"	""	""	""	""	""	""	""	""	""	""	""	"DECLARED_RELEASE_CONFIGURATION"
"metadata"	"androidx.media3"	"media3-datasource"	"1.10.1"	"media3-datasource-1.10.1.module"	"3789"	"9d32d2ec6a983ee9f418bcc05777aa23eee4db37bf794f44fb66a05d6f22e963"	"MATCH"	"9d32d2ec6a983ee9f418bcc05777aa23eee4db37bf794f44fb66a05d6f22e963"	"https://dl.google.com/dl/android/maven2/androidx/media3/media3-datasource/1.10.1/media3-datasource-1.10.1.module.sha256"	""	""	""	""	""	""	""	""	""	""	""	"DECLARED_RELEASE_CONFIGURATION"
"metadata"	"androidx.media3"	"media3-datasource"	"1.10.1"	"media3-datasource-1.10.1.pom"	"2199"	"9a4aef0439d968f3a2a4c00a4fb1527cdff5a43ae82ab80c1b54ab0c2f825847"	"MATCH"	"9a4aef0439d968f3a2a4c00a4fb1527cdff5a43ae82ab80c1b54ab0c2f825847"	"https://dl.google.com/dl/android/maven2/androidx/media3/media3-datasource/1.10.1/media3-datasource-1.10.1.pom.sha256"	""	""	""	""	""	""	""	""	""	""	""	"DECLARED_RELEASE_CONFIGURATION"
"metadata"	"androidx.media3"	"media3-decoder"	"1.10.1"	"media3-decoder-1.10.1.module"	"3263"	"388d5226366edd1facf8eec42cb5420871a46032d545286e90eaea8454789580"	"MATCH"	"388d5226366edd1facf8eec42cb5420871a46032d545286e90eaea8454789580"	"https://dl.google.com/dl/android/maven2/androidx/media3/media3-decoder/1.10.1/media3-decoder-1.10.1.module.sha256"	""	""	""	""	""	""	""	""	""	""	""	"DECLARED_RELEASE_CONFIGURATION"
"metadata"	"androidx.media3"	"media3-decoder"	"1.10.1"	"media3-decoder-1.10.1.pom"	"1772"	"3885dd216211c177a125a1fb42a5e1eebd3e8139f00b647ff65ea918734914f7"	"MATCH"	"3885dd216211c177a125a1fb42a5e1eebd3e8139f00b647ff65ea918734914f7"	"https://dl.google.com/dl/android/maven2/androidx/media3/media3-decoder/1.10.1/media3-decoder-1.10.1.pom.sha256"	""	""	""	""	""	""	""	""	""	""	""	"DECLARED_RELEASE_CONFIGURATION"
"metadata"	"androidx.media3"	"media3-exoplayer"	"1.10.1"	"media3-exoplayer-1.10.1.module"	"5457"	"ba0b9ef325fa114baa0f2fbdb4caf54029606924be1999f4af02bed5f079756b"	"MATCH"	"ba0b9ef325fa114baa0f2fbdb4caf54029606924be1999f4af02bed5f079756b"	"https://dl.google.com/dl/android/maven2/androidx/media3/media3-exoplayer/1.10.1/media3-exoplayer-1.10.1.module.sha256"	""	""	""	""	""	""	""	""	""	""	""	"DECLARED_RELEASE_CONFIGURATION"
"metadata"	"androidx.media3"	"media3-exoplayer"	"1.10.1"	"media3-exoplayer-1.10.1.pom"	"3214"	"5348ed5a65aa58b3a6b11976633aaafb9e64d3b9e3695e60f39a3da55b2679a9"	"MATCH"	"5348ed5a65aa58b3a6b11976633aaafb9e64d3b9e3695e60f39a3da55b2679a9"	"https://dl.google.com/dl/android/maven2/androidx/media3/media3-exoplayer/1.10.1/media3-exoplayer-1.10.1.pom.sha256"	""	""	""	""	""	""	""	""	""	""	""	"DECLARED_RELEASE_CONFIGURATION"
"metadata"	"androidx.media3"	"media3-exoplayer-rtsp"	"1.10.1"	"media3-exoplayer-rtsp-1.10.1.module"	"3321"	"91603a277d8602c304207b5234d34757a6b96cdc8888a4b1f681cd3d2c3d23fd"	"MATCH"	"91603a277d8602c304207b5234d34757a6b96cdc8888a4b1f681cd3d2c3d23fd"	"https://dl.google.com/dl/android/maven2/androidx/media3/media3-exoplayer-rtsp/1.10.1/media3-exoplayer-rtsp-1.10.1.module.sha256"	""	""	""	""	""	""	""	""	""	""	""	"DECLARED_RELEASE_CONFIGURATION"
"metadata"	"androidx.media3"	"media3-exoplayer-rtsp"	"1.10.1"	"media3-exoplayer-rtsp-1.10.1.pom"	"1796"	"0f38d444f76458b4a467f5b1dad7fd6017ca5eebb2578a9718dd91f66a97a543"	"MATCH"	"0f38d444f76458b4a467f5b1dad7fd6017ca5eebb2578a9718dd91f66a97a543"	"https://dl.google.com/dl/android/maven2/androidx/media3/media3-exoplayer-rtsp/1.10.1/media3-exoplayer-rtsp-1.10.1.pom.sha256"	""	""	""	""	""	""	""	""	""	""	""	"DECLARED_RELEASE_CONFIGURATION"
"metadata"	"androidx.media3"	"media3-extractor"	"1.10.1"	"media3-extractor-1.10.1.module"	"3779"	"b3eb755d7373e4fd199ff80814005f3b303693dfb8ace16b5b9482655d49d493"	"MATCH"	"b3eb755d7373e4fd199ff80814005f3b303693dfb8ace16b5b9482655d49d493"	"https://dl.google.com/dl/android/maven2/androidx/media3/media3-extractor/1.10.1/media3-extractor-1.10.1.module.sha256"	""	""	""	""	""	""	""	""	""	""	""	"DECLARED_RELEASE_CONFIGURATION"
"metadata"	"androidx.media3"	"media3-extractor"	"1.10.1"	"media3-extractor-1.10.1.pom"	"2192"	"cb7cf1852c24e013ba093e3f69d3d062de27cb60eef97d97e69d0e02ab3dc61f"	"MATCH"	"cb7cf1852c24e013ba093e3f69d3d062de27cb60eef97d97e69d0e02ab3dc61f"	"https://dl.google.com/dl/android/maven2/androidx/media3/media3-extractor/1.10.1/media3-extractor-1.10.1.pom.sha256"	""	""	""	""	""	""	""	""	""	""	""	"DECLARED_RELEASE_CONFIGURATION"
"metadata"	"androidx.profileinstaller"	"profileinstaller"	"1.3.1"	"profileinstaller-1.3.1.module"	"3761"	"cc7eed0ed4b669de84b852f78797a50018a4f30002e1e38aaa668af22ca5b460"	"MATCH"	"cc7eed0ed4b669de84b852f78797a50018a4f30002e1e38aaa668af22ca5b460"	"https://dl.google.com/dl/android/maven2/androidx/profileinstaller/profileinstaller/1.3.1/profileinstaller-1.3.1.module.sha256"	""	""	""	""	""	""	""	""	""	""	""	"DECLARED_RELEASE_CONFIGURATION"
"metadata"	"androidx.profileinstaller"	"profileinstaller"	"1.3.1"	"profileinstaller-1.3.1.pom"	"2418"	"08263eb70a814a7cb26d11d3a83825f84c29f3e4b59f9134724e0e02e2bbd768"	"MATCH"	"08263eb70a814a7cb26d11d3a83825f84c29f3e4b59f9134724e0e02e2bbd768"	"https://dl.google.com/dl/android/maven2/androidx/profileinstaller/profileinstaller/1.3.1/profileinstaller-1.3.1.pom.sha256"	""	""	""	""	""	""	""	""	""	""	""	"DECLARED_RELEASE_CONFIGURATION"
"metadata"	"androidx.profileinstaller"	"profileinstaller"	"1.4.0"	"profileinstaller-1.4.0.module"	"4555"	"39bf997a28d8eed2cb319819f6f352a1ba3a78b9c979004fbe05e26b8f7d160b"	"MATCH"	"39bf997a28d8eed2cb319819f6f352a1ba3a78b9c979004fbe05e26b8f7d160b"	"https://dl.google.com/dl/android/maven2/androidx/profileinstaller/profileinstaller/1.4.0/profileinstaller-1.4.0.module.sha256"	""	""	""	""	""	""	""	""	""	""	""	"DECLARED_RELEASE_CONFIGURATION"
"metadata"	"androidx.profileinstaller"	"profileinstaller"	"1.4.0"	"profileinstaller-1.4.0.pom"	"2477"	"d5fe39981a3b4b7c39585130da0bfc93835054c834a438d3e63e065e5f78be55"	"MATCH"	"d5fe39981a3b4b7c39585130da0bfc93835054c834a438d3e63e065e5f78be55"	"https://dl.google.com/dl/android/maven2/androidx/profileinstaller/profileinstaller/1.4.0/profileinstaller-1.4.0.pom.sha256"	""	""	""	""	""	""	""	""	""	""	""	"DECLARED_RELEASE_CONFIGURATION"
"metadata"	"androidx.recyclerview"	"recyclerview"	"1.2.1"	"recyclerview-1.2.1.module"	"3862"	"23542c8c85cc58fafe0ae8cba201e6c9e01b4c6799223340a2d6a51d7784828c"	"MATCH"	"23542c8c85cc58fafe0ae8cba201e6c9e01b4c6799223340a2d6a51d7784828c"	"https://dl.google.com/dl/android/maven2/androidx/recyclerview/recyclerview/1.2.1/recyclerview-1.2.1.module.sha256"	""	""	""	""	""	""	""	""	""	""	""	"DECLARED_RELEASE_CONFIGURATION"
"metadata"	"androidx.recyclerview"	"recyclerview"	"1.2.1"	"recyclerview-1.2.1.pom"	"2338"	"db162fcfc032cb737ba07faf2d1936c9ee362b74e0c38f31ccd2c6a2ccd79090"	"MATCH"	"db162fcfc032cb737ba07faf2d1936c9ee362b74e0c38f31ccd2c6a2ccd79090"	"https://dl.google.com/dl/android/maven2/androidx/recyclerview/recyclerview/1.2.1/recyclerview-1.2.1.pom.sha256"	""	""	""	""	""	""	""	""	""	""	""	"DECLARED_RELEASE_CONFIGURATION"
"metadata"	"androidx.resourceinspection"	"resourceinspection-annotation"	"1.0.1"	"resourceinspection-annotation-1.0.1.module"	"3012"	"352a11a8d8a4c1bd6cd2c2fefff9c94ca954d7b5202a0656959db95297f6a2b7"	"MATCH"	"352a11a8d8a4c1bd6cd2c2fefff9c94ca954d7b5202a0656959db95297f6a2b7"	"https://dl.google.com/dl/android/maven2/androidx/resourceinspection/resourceinspection-annotation/1.0.1/resourceinspection-annotation-1.0.1.module.sha256"	""	""	""	""	""	""	""	""	""	""	""	"DECLARED_RELEASE_CONFIGURATION"
"metadata"	"androidx.resourceinspection"	"resourceinspection-annotation"	"1.0.1"	"resourceinspection-annotation-1.0.1.pom"	"1808"	"b8eb4938ed95d7fcdaa2712ebca363e46a0f9228b8be7f23154def56846815dc"	"MATCH"	"b8eb4938ed95d7fcdaa2712ebca363e46a0f9228b8be7f23154def56846815dc"	"https://dl.google.com/dl/android/maven2/androidx/resourceinspection/resourceinspection-annotation/1.0.1/resourceinspection-annotation-1.0.1.pom.sha256"	""	""	""	""	""	""	""	""	""	""	""	"DECLARED_RELEASE_CONFIGURATION"
"metadata"	"androidx.room"	"room-common"	"2.6.1"	"room-common-2.6.1.module"	"18472"	"0ea07ef7143ab5262cc0e48e82f3badd6adf164b3701ab2ac0f6f099e8f63d3b"	"MATCH"	"0ea07ef7143ab5262cc0e48e82f3badd6adf164b3701ab2ac0f6f099e8f63d3b"	"https://dl.google.com/dl/android/maven2/androidx/room/room-common/2.6.1/room-common-2.6.1.module.sha256"	""	""	""	""	""	""	""	""	""	""	""	"DECLARED_RELEASE_CONFIGURATION"
"metadata"	"androidx.room"	"room-common"	"2.6.1"	"room-common-2.6.1.pom"	"4406"	"85abfe64d7dd44d1c4510a56c7e9cc2f7b0363d32b8a30060b2ac23529c3c8a3"	"MATCH"	"85abfe64d7dd44d1c4510a56c7e9cc2f7b0363d32b8a30060b2ac23529c3c8a3"	"https://dl.google.com/dl/android/maven2/androidx/room/room-common/2.6.1/room-common-2.6.1.pom.sha256"	""	""	""	""	""	""	""	""	""	""	""	"DECLARED_RELEASE_CONFIGURATION"
"metadata"	"androidx.room"	"room-compiler"	"2.6.1"	"room-compiler-2.6.1.module"	"20038"	"32cee57602deb1320ef9f945a9ce3e91cfe652acba5844762297b9eaed12fff5"	"MATCH"	"32cee57602deb1320ef9f945a9ce3e91cfe652acba5844762297b9eaed12fff5"	"https://dl.google.com/dl/android/maven2/androidx/room/room-compiler/2.6.1/room-compiler-2.6.1.module.sha256"	""	""	""	""	""	""	""	""	""	""	""	"DECLARED_RELEASE_CONFIGURATION"
"metadata"	"androidx.room"	"room-compiler"	"2.6.1"	"room-compiler-2.6.1.pom"	"6578"	"fb2d3ea1446fc131d8712df186520e175a2dfa7c99f924ce8a5d8f094c94196d"	"MATCH"	"fb2d3ea1446fc131d8712df186520e175a2dfa7c99f924ce8a5d8f094c94196d"	"https://dl.google.com/dl/android/maven2/androidx/room/room-compiler/2.6.1/room-compiler-2.6.1.pom.sha256"	""	""	""	""	""	""	""	""	""	""	""	"DECLARED_RELEASE_CONFIGURATION"
"metadata"	"androidx.room"	"room-compiler-processing"	"2.6.1"	"room-compiler-processing-2.6.1.module"	"20954"	"ff0671de4ba51085a23e97b3b58ecb498109e5ee0bd7fd4a72f2b7f9db765ca7"	"MATCH"	"ff0671de4ba51085a23e97b3b58ecb498109e5ee0bd7fd4a72f2b7f9db765ca7"	"https://dl.google.com/dl/android/maven2/androidx/room/room-compiler-processing/2.6.1/room-compiler-processing-2.6.1.module.sha256"	""	""	""	""	""	""	""	""	""	""	""	"DECLARED_RELEASE_CONFIGURATION"
"metadata"	"androidx.room"	"room-compiler-processing"	"2.6.1"	"room-compiler-processing-2.6.1.pom"	"5913"	"ce601a9f3b2eef805a195e0e82b4b84ec3a70d33afe2d3bae70df85f7335168b"	"MATCH"	"ce601a9f3b2eef805a195e0e82b4b84ec3a70d33afe2d3bae70df85f7335168b"	"https://dl.google.com/dl/android/maven2/androidx/room/room-compiler-processing/2.6.1/room-compiler-processing-2.6.1.pom.sha256"	""	""	""	""	""	""	""	""	""	""	""	"DECLARED_RELEASE_CONFIGURATION"
"metadata"	"androidx.room"	"room-ktx"	"2.6.1"	"room-ktx-2.6.1.module"	"18698"	"33ac3f42307328ac19d4fe52422337b1c1ae64db36e3933438312a48c3b3b631"	"MATCH"	"33ac3f42307328ac19d4fe52422337b1c1ae64db36e3933438312a48c3b3b631"	"https://dl.google.com/dl/android/maven2/androidx/room/room-ktx/2.6.1/room-ktx-2.6.1.module.sha256"	""	""	""	""	""	""	""	""	""	""	""	"DECLARED_RELEASE_CONFIGURATION"
"metadata"	"androidx.room"	"room-ktx"	"2.6.1"	"room-ktx-2.6.1.pom"	"4852"	"6017515ea6b0a4a9f50ebeee1e495e4c3492de69e9b49ea48e6a1234aa1e3945"	"MATCH"	"6017515ea6b0a4a9f50ebeee1e495e4c3492de69e9b49ea48e6a1234aa1e3945"	"https://dl.google.com/dl/android/maven2/androidx/room/room-ktx/2.6.1/room-ktx-2.6.1.pom.sha256"	""	""	""	""	""	""	""	""	""	""	""	"DECLARED_RELEASE_CONFIGURATION"
"metadata"	"androidx.room"	"room-migration"	"2.6.1"	"room-migration-2.6.1.module"	"18442"	"3e85b971f8a5d94b3a81c440431691dd448256635009a2bd6925dd6dd1e3a42e"	"MATCH"	"3e85b971f8a5d94b3a81c440431691dd448256635009a2bd6925dd6dd1e3a42e"	"https://dl.google.com/dl/android/maven2/androidx/room/room-migration/2.6.1/room-migration-2.6.1.module.sha256"	""	""	""	""	""	""	""	""	""	""	""	"DECLARED_RELEASE_CONFIGURATION"
"metadata"	"androidx.room"	"room-migration"	"2.6.1"	"room-migration-2.6.1.pom"	"4581"	"6a357ae5e3569d225eda4c34f84d4aad0db3480fddcf2c86c0c968a211d13795"	"MATCH"	"6a357ae5e3569d225eda4c34f84d4aad0db3480fddcf2c86c0c968a211d13795"	"https://dl.google.com/dl/android/maven2/androidx/room/room-migration/2.6.1/room-migration-2.6.1.pom.sha256"	""	""	""	""	""	""	""	""	""	""	""	"DECLARED_RELEASE_CONFIGURATION"
"metadata"	"androidx.room"	"room-runtime"	"2.6.1"	"room-runtime-2.6.1.module"	"18931"	"828e4bead1b8d42ff17c41e74541133dc61a959b968f3c2a2221c24b3dac6c3b"	"MATCH"	"828e4bead1b8d42ff17c41e74541133dc61a959b968f3c2a2221c24b3dac6c3b"	"https://dl.google.com/dl/android/maven2/androidx/room/room-runtime/2.6.1/room-runtime-2.6.1.module.sha256"	""	""	""	""	""	""	""	""	""	""	""	"DECLARED_RELEASE_CONFIGURATION"
"metadata"	"androidx.room"	"room-runtime"	"2.6.1"	"room-runtime-2.6.1.pom"	"5075"	"0e4150733d903468943f17dd9ceb4e828b26312966e2e13547a0e3aacd04299e"	"MATCH"	"0e4150733d903468943f17dd9ceb4e828b26312966e2e13547a0e3aacd04299e"	"https://dl.google.com/dl/android/maven2/androidx/room/room-runtime/2.6.1/room-runtime-2.6.1.pom.sha256"	""	""	""	""	""	""	""	""	""	""	""	"DECLARED_RELEASE_CONFIGURATION"
"metadata"	"androidx.savedstate"	"savedstate"	"1.2.1"	"savedstate-1.2.1.module"	"4340"	"5bb656fc760d9e3996b535160cbb4106033c9f736e9089e6ef4eb0c669785066"	"MATCH"	"5bb656fc760d9e3996b535160cbb4106033c9f736e9089e6ef4eb0c669785066"	"https://dl.google.com/dl/android/maven2/androidx/savedstate/savedstate/1.2.1/savedstate-1.2.1.module.sha256"	""	""	""	""	""	""	""	""	""	""	""	"DECLARED_RELEASE_CONFIGURATION"
"metadata"	"androidx.savedstate"	"savedstate"	"1.2.1"	"savedstate-1.2.1.pom"	"2549"	"0d33bc285df1e12f22780f1624a6f0b38ea2a6181b0955ec6641caf620c50cbf"	"MATCH"	"0d33bc285df1e12f22780f1624a6f0b38ea2a6181b0955ec6641caf620c50cbf"	"https://dl.google.com/dl/android/maven2/androidx/savedstate/savedstate/1.2.1/savedstate-1.2.1.pom.sha256"	""	""	""	""	""	""	""	""	""	""	""	"DECLARED_RELEASE_CONFIGURATION"
"metadata"	"androidx.savedstate"	"savedstate-ktx"	"1.2.1"	"savedstate-ktx-1.2.1.module"	"4021"	"94359184b2ba51c0f498a2b9055d37b372231ef9bcc54a4972ac99f0303afff1"	"MATCH"	"94359184b2ba51c0f498a2b9055d37b372231ef9bcc54a4972ac99f0303afff1"	"https://dl.google.com/dl/android/maven2/androidx/savedstate/savedstate-ktx/1.2.1/savedstate-ktx-1.2.1.module.sha256"	""	""	""	""	""	""	""	""	""	""	""	"DECLARED_RELEASE_CONFIGURATION"
"metadata"	"androidx.savedstate"	"savedstate-ktx"	"1.2.1"	"savedstate-ktx-1.2.1.pom"	"2236"	"d09553211f6703b19aefd608d6007c77132d27a281556a8e689d92764ec27d3b"	"MATCH"	"d09553211f6703b19aefd608d6007c77132d27a281556a8e689d92764ec27d3b"	"https://dl.google.com/dl/android/maven2/androidx/savedstate/savedstate-ktx/1.2.1/savedstate-ktx-1.2.1.pom.sha256"	""	""	""	""	""	""	""	""	""	""	""	"DECLARED_RELEASE_CONFIGURATION"
"metadata"	"androidx.sqlite"	"sqlite"	"2.4.0"	"sqlite-2.4.0.module"	"5941"	"b7b5f5fcb12a48f7fdeea82ef205721e3daf366fc77a843a77358def088f63fc"	"MATCH"	"b7b5f5fcb12a48f7fdeea82ef205721e3daf366fc77a843a77358def088f63fc"	"https://dl.google.com/dl/android/maven2/androidx/sqlite/sqlite/2.4.0/sqlite-2.4.0.module.sha256"	""	""	""	""	""	""	""	""	""	""	""	"DECLARED_RELEASE_CONFIGURATION"
"metadata"	"androidx.sqlite"	"sqlite"	"2.4.0"	"sqlite-2.4.0.pom"	"2301"	"18ee9e9f4eeda1796a87bdf3d95b54f2f38d93db35109e9ae48433d3646092d3"	"MATCH"	"18ee9e9f4eeda1796a87bdf3d95b54f2f38d93db35109e9ae48433d3646092d3"	"https://dl.google.com/dl/android/maven2/androidx/sqlite/sqlite/2.4.0/sqlite-2.4.0.pom.sha256"	""	""	""	""	""	""	""	""	""	""	""	"DECLARED_RELEASE_CONFIGURATION"
"metadata"	"androidx.sqlite"	"sqlite-framework"	"2.4.0"	"sqlite-framework-2.4.0.module"	"6382"	"15681e94286ebf7121d940765a222b9a7ada2a32a49baa1ad416ef04b6f0f780"	"MATCH"	"15681e94286ebf7121d940765a222b9a7ada2a32a49baa1ad416ef04b6f0f780"	"https://dl.google.com/dl/android/maven2/androidx/sqlite/sqlite-framework/2.4.0/sqlite-framework-2.4.0.module.sha256"	""	""	""	""	""	""	""	""	""	""	""	"DECLARED_RELEASE_CONFIGURATION"
"metadata"	"androidx.sqlite"	"sqlite-framework"	"2.4.0"	"sqlite-framework-2.4.0.pom"	"2582"	"9b9b044d25648471793d99a0f47b0cebf7c6864f9bcd72996bcce804ff8aa7f4"	"MATCH"	"9b9b044d25648471793d99a0f47b0cebf7c6864f9bcd72996bcce804ff8aa7f4"	"https://dl.google.com/dl/android/maven2/androidx/sqlite/sqlite-framework/2.4.0/sqlite-framework-2.4.0.pom.sha256"	""	""	""	""	""	""	""	""	""	""	""	"DECLARED_RELEASE_CONFIGURATION"
"metadata"	"androidx.startup"	"startup-runtime"	"1.1.1"	"startup-runtime-1.1.1.module"	"3039"	"cfd96cf6450c6e2b697598924729ad9a0495c5a4fcf4ebee7e2f81b07e415865"	"MATCH"	"cfd96cf6450c6e2b697598924729ad9a0495c5a4fcf4ebee7e2f81b07e415865"	"https://dl.google.com/dl/android/maven2/androidx/startup/startup-runtime/1.1.1/startup-runtime-1.1.1.module.sha256"	""	""	""	""	""	""	""	""	""	""	""	"DECLARED_RELEASE_CONFIGURATION"
"metadata"	"androidx.startup"	"startup-runtime"	"1.1.1"	"startup-runtime-1.1.1.pom"	"1949"	"f4114b5c6859bb1bc3caf281cb6d6f25998fa7f7292c64ceaea74a93210e746b"	"MATCH"	"f4114b5c6859bb1bc3caf281cb6d6f25998fa7f7292c64ceaea74a93210e746b"	"https://dl.google.com/dl/android/maven2/androidx/startup/startup-runtime/1.1.1/startup-runtime-1.1.1.pom.sha256"	""	""	""	""	""	""	""	""	""	""	""	"DECLARED_RELEASE_CONFIGURATION"
"metadata"	"androidx.tracing"	"tracing"	"1.0.0"	"tracing-1.0.0.module"	"2824"	"fc8b21ebe5fa3a7c96ee098bcdcd00f077ebce73f243fa858e2b0671615f75d8"	"MATCH"	"fc8b21ebe5fa3a7c96ee098bcdcd00f077ebce73f243fa858e2b0671615f75d8"	"https://dl.google.com/dl/android/maven2/androidx/tracing/tracing/1.0.0/tracing-1.0.0.module.sha256"	""	""	""	""	""	""	""	""	""	""	""	"DECLARED_RELEASE_CONFIGURATION"
"metadata"	"androidx.tracing"	"tracing"	"1.0.0"	"tracing-1.0.0.pom"	"1717"	"cd0299a90d4720d78f1cfb5ff7505f4dbc1a70d05fe23fd9f4d4b77ea59ca05e"	"MATCH"	"cd0299a90d4720d78f1cfb5ff7505f4dbc1a70d05fe23fd9f4d4b77ea59ca05e"	"https://dl.google.com/dl/android/maven2/androidx/tracing/tracing/1.0.0/tracing-1.0.0.pom.sha256"	""	""	""	""	""	""	""	""	""	""	""	"DECLARED_RELEASE_CONFIGURATION"
"metadata"	"androidx.tracing"	"tracing"	"1.2.0"	"tracing-1.2.0.module"	"3429"	"d0d8d486b6bd33206dbf3f1a6d167e9b43c268ea63c3321c886b1543ad05ece3"	"MATCH"	"d0d8d486b6bd33206dbf3f1a6d167e9b43c268ea63c3321c886b1543ad05ece3"	"https://dl.google.com/dl/android/maven2/androidx/tracing/tracing/1.2.0/tracing-1.2.0.module.sha256"	""	""	""	""	""	""	""	""	""	""	""	"DECLARED_RELEASE_CONFIGURATION"
"metadata"	"androidx.tracing"	"tracing"	"1.2.0"	"tracing-1.2.0.pom"	"1968"	"f34bec4eb58871d31002901377108aaa1ebfe77fa6d882b8b86200b158e26ea1"	"MATCH"	"f34bec4eb58871d31002901377108aaa1ebfe77fa6d882b8b86200b158e26ea1"	"https://dl.google.com/dl/android/maven2/androidx/tracing/tracing/1.2.0/tracing-1.2.0.pom.sha256"	""	""	""	""	""	""	""	""	""	""	""	"DECLARED_RELEASE_CONFIGURATION"
"metadata"	"androidx.tracing"	"tracing-ktx"	"1.2.0"	"tracing-ktx-1.2.0.module"	"3967"	"39288b23c71a4391132aec9951f5e27f41727a2cdff69c6e4b4ece49f63e540c"	"MATCH"	"39288b23c71a4391132aec9951f5e27f41727a2cdff69c6e4b4ece49f63e540c"	"https://dl.google.com/dl/android/maven2/androidx/tracing/tracing-ktx/1.2.0/tracing-ktx-1.2.0.module.sha256"	""	""	""	""	""	""	""	""	""	""	""	"DECLARED_RELEASE_CONFIGURATION"
"metadata"	"androidx.tracing"	"tracing-ktx"	"1.2.0"	"tracing-ktx-1.2.0.pom"	"2200"	"8958b5a0153c1a82cb133703d3d11155898738280a354e92ca1817d7ca6f4cb7"	"MATCH"	"8958b5a0153c1a82cb133703d3d11155898738280a354e92ca1817d7ca6f4cb7"	"https://dl.google.com/dl/android/maven2/androidx/tracing/tracing-ktx/1.2.0/tracing-ktx-1.2.0.pom.sha256"	""	""	""	""	""	""	""	""	""	""	""	"DECLARED_RELEASE_CONFIGURATION"
"metadata"	"androidx.transition"	"transition"	"1.5.0"	"transition-1.5.0.module"	"5607"	"ad433467f5ede87ad2b3c59f7fe063984cf0720cdacd10591f5d8f84e3a4e095"	"MATCH"	"ad433467f5ede87ad2b3c59f7fe063984cf0720cdacd10591f5d8f84e3a4e095"	"https://dl.google.com/dl/android/maven2/androidx/transition/transition/1.5.0/transition-1.5.0.module.sha256"	""	""	""	""	""	""	""	""	""	""	""	"DECLARED_RELEASE_CONFIGURATION"
"metadata"	"androidx.transition"	"transition"	"1.5.0"	"transition-1.5.0.pom"	"2674"	"db6c7497f0f094ff2eecfb329e1700658f0d6c56fb088482f7e9b774de9ad53f"	"MATCH"	"db6c7497f0f094ff2eecfb329e1700658f0d6c56fb088482f7e9b774de9ad53f"	"https://dl.google.com/dl/android/maven2/androidx/transition/transition/1.5.0/transition-1.5.0.pom.sha256"	""	""	""	""	""	""	""	""	""	""	""	"DECLARED_RELEASE_CONFIGURATION"
"metadata"	"androidx.vectordrawable"	"vectordrawable"	"1.1.0"	"vectordrawable-1.1.0.pom"	"1726"	"5b0e2d5b2179e54804785cbc21ce5f473b5e1ddd55a57da482e94dcd39492bb2"	"NO_MATCHING_SIDECAR"	""	""	"https://dl.google.com/dl/android/maven2/androidx/vectordrawable/vectordrawable/1.1.0/vectordrawable-1.1.0.pom.sha256 HTTP_404; https://repo.maven.apache.org/maven2/androidx/vectordrawable/vectordrawable/1.1.0/vectordrawable-1.1.0.pom.sha256 HTTP_404"	""	""	""	""	""	""	""	""	""	""	"DECLARED_RELEASE_CONFIGURATION"
"metadata"	"androidx.vectordrawable"	"vectordrawable-animated"	"1.1.0"	"vectordrawable-animated-1.1.0.pom"	"1798"	"276a20116b705fb75b9003ee9496c56f6fd3b32375fb232472811eba60a040bd"	"NO_MATCHING_SIDECAR"	""	""	"https://dl.google.com/dl/android/maven2/androidx/vectordrawable/vectordrawable-animated/1.1.0/vectordrawable-animated-1.1.0.pom.sha256 HTTP_404; https://repo.maven.apache.org/maven2/androidx/vectordrawable/vectordrawable-animated/1.1.0/vectordrawable-animated-1.1.0.pom.sha256 HTTP_404"	""	""	""	""	""	""	""	""	""	""	"DECLARED_RELEASE_CONFIGURATION"
"metadata"	"androidx.versionedparcelable"	"versionedparcelable"	"1.1.1"	"versionedparcelable-1.1.1.pom"	"1643"	"5f51e65873ca612de3838fa90d2ee95b8d040efd31b9c390a19bf94d615cdb2f"	"NO_MATCHING_SIDECAR"	""	""	"https://dl.google.com/dl/android/maven2/androidx/versionedparcelable/versionedparcelable/1.1.1/versionedparcelable-1.1.1.pom.sha256 HTTP_404; https://repo.maven.apache.org/maven2/androidx/versionedparcelable/versionedparcelable/1.1.1/versionedparcelable-1.1.1.pom.sha256 HTTP_404"	""	""	""	""	""	""	""	""	""	""	"DECLARED_RELEASE_CONFIGURATION"
"metadata"	"androidx.viewpager"	"viewpager"	"1.0.0"	"viewpager-1.0.0.pom"	"1997"	"1f72f836339d03c6eb013f65075e76ca87075a577578eb4f95f74a3a5d253128"	"NO_MATCHING_SIDECAR"	""	""	"https://dl.google.com/dl/android/maven2/androidx/viewpager/viewpager/1.0.0/viewpager-1.0.0.pom.sha256 HTTP_404; https://repo.maven.apache.org/maven2/androidx/viewpager/viewpager/1.0.0/viewpager-1.0.0.pom.sha256 HTTP_404"	""	""	""	""	""	""	""	""	""	""	"DECLARED_RELEASE_CONFIGURATION"
"metadata"	"androidx.viewpager2"	"viewpager2"	"1.0.0"	"viewpager2-1.0.0.pom"	"2120"	"4063bca7fe94fe65c98f4168f97ae10e02da0248598ad3ac21c432c7f608a17a"	"NO_MATCHING_SIDECAR"	""	""	"https://dl.google.com/dl/android/maven2/androidx/viewpager2/viewpager2/1.0.0/viewpager2-1.0.0.pom.sha256 HTTP_404; https://repo.maven.apache.org/maven2/androidx/viewpager2/viewpager2/1.0.0/viewpager2-1.0.0.pom.sha256 HTTP_404"	""	""	""	""	""	""	""	""	""	""	"DECLARED_RELEASE_CONFIGURATION"
"metadata"	"androidx.webkit"	"webkit"	"1.12.1"	"webkit-1.12.1.module"	"4456"	"84fc62e3bedae50213b81be856fe4da61254588d54f534ecc59786a21df40804"	"MATCH"	"84fc62e3bedae50213b81be856fe4da61254588d54f534ecc59786a21df40804"	"https://dl.google.com/dl/android/maven2/androidx/webkit/webkit/1.12.1/webkit-1.12.1.module.sha256"	""	""	""	""	""	""	""	""	""	""	""	"DECLARED_RELEASE_CONFIGURATION"
"metadata"	"androidx.webkit"	"webkit"	"1.12.1"	"webkit-1.12.1.pom"	"2361"	"cf34979662253d79943b565133a676c2455fc908ad32b93048421441bc5f4c2d"	"MATCH"	"cf34979662253d79943b565133a676c2455fc908ad32b93048421441bc5f4c2d"	"https://dl.google.com/dl/android/maven2/androidx/webkit/webkit/1.12.1/webkit-1.12.1.pom.sha256"	""	""	""	""	""	""	""	""	""	""	""	"DECLARED_RELEASE_CONFIGURATION"
"metadata"	"androidx.webkit"	"webkit"	"1.14.0"	"webkit-1.14.0.module"	"4796"	"518bcdb5961c6aaa45a9c76d913ba6f065868395c7465c23da391ec23ef718de"	"MATCH"	"518bcdb5961c6aaa45a9c76d913ba6f065868395c7465c23da391ec23ef718de"	"https://dl.google.com/dl/android/maven2/androidx/webkit/webkit/1.14.0/webkit-1.14.0.module.sha256"	""	""	""	""	""	""	""	""	""	""	""	"DECLARED_RELEASE_CONFIGURATION"
"metadata"	"androidx.webkit"	"webkit"	"1.14.0"	"webkit-1.14.0.pom"	"2534"	"230b7ba1631c5f6baad08f3915f9db6d550d215b3658c82eb38ceb2dff72cad1"	"MATCH"	"230b7ba1631c5f6baad08f3915f9db6d550d215b3658c82eb38ceb2dff72cad1"	"https://dl.google.com/dl/android/maven2/androidx/webkit/webkit/1.14.0/webkit-1.14.0.pom.sha256"	""	""	""	""	""	""	""	""	""	""	""	"DECLARED_RELEASE_CONFIGURATION"
"metadata"	"com.android"	"signflinger"	"8.13.0"	"signflinger-8.13.0.pom"	"1441"	"3a4ad750243b56a875f9573b7fca78d9471594e140b5da58d7795cc865f4f2b9"	"MATCH"	"3a4ad750243b56a875f9573b7fca78d9471594e140b5da58d7795cc865f4f2b9"	"https://dl.google.com/dl/android/maven2/com/android/signflinger/8.13.0/signflinger-8.13.0.pom.sha256"	"https://repo.maven.apache.org/maven2/com/android/signflinger/8.13.0/signflinger-8.13.0.pom.sha256 HTTP_404"	""	""	""	""	""	""	""	""	""	""	"DECLARED_RELEASE_CONFIGURATION"
"metadata"	"com.android"	"zipflinger"	"8.13.0"	"zipflinger-8.13.0.pom"	"1112"	"636a966221aa1ab989fa938f06ec4ccddbb8edff419a67251b9359917f0ba252"	"MATCH"	"636a966221aa1ab989fa938f06ec4ccddbb8edff419a67251b9359917f0ba252"	"https://dl.google.com/dl/android/maven2/com/android/zipflinger/8.13.0/zipflinger-8.13.0.pom.sha256"	"https://repo.maven.apache.org/maven2/com/android/zipflinger/8.13.0/zipflinger-8.13.0.pom.sha256 HTTP_404"	""	""	""	""	""	""	""	""	""	""	"DECLARED_RELEASE_CONFIGURATION"
"metadata"	"com.android.databinding"	"baseLibrary"	"8.13.0"	"baseLibrary-8.13.0.pom"	"924"	"3d92df9f731666a5651783380ed32e035cbf29330aaabcc78ab5ae63351103fa"	"MATCH"	"3d92df9f731666a5651783380ed32e035cbf29330aaabcc78ab5ae63351103fa"	"https://dl.google.com/dl/android/maven2/com/android/databinding/baseLibrary/8.13.0/baseLibrary-8.13.0.pom.sha256"	""	""	""	""	""	""	""	""	""	""	""	"DECLARED_RELEASE_CONFIGURATION"
"metadata"	"com.android.tools"	"annotations"	"31.13.0"	"annotations-31.13.0.pom"	"823"	"230b7d13660d688ff69bfecb5cafc09575a61c4e06d1ea5925e8a3fcad88de5b"	"MATCH"	"230b7d13660d688ff69bfecb5cafc09575a61c4e06d1ea5925e8a3fcad88de5b"	"https://dl.google.com/dl/android/maven2/com/android/tools/annotations/31.13.0/annotations-31.13.0.pom.sha256"	""	""	""	""	""	""	""	""	""	""	""	"DECLARED_RELEASE_CONFIGURATION"
"metadata"	"com.android.tools"	"common"	"31.13.0"	"common-31.13.0.pom"	"1665"	"47842136c2ed1476a80f143f698e3934351502f4863ab4738a797d28e4b0490b"	"MATCH"	"47842136c2ed1476a80f143f698e3934351502f4863ab4738a797d28e4b0490b"	"https://dl.google.com/dl/android/maven2/com/android/tools/common/31.13.0/common-31.13.0.pom.sha256"	""	""	""	""	""	""	""	""	""	""	""	"DECLARED_RELEASE_CONFIGURATION"
"metadata"	"com.android.tools"	"dvlib"	"31.13.0"	"dvlib-31.13.0.pom"	"1112"	"f56a1f7e2c196fff0226f2afd2bf4aa61d1c5bb7f0f2b27be61f3071997a898e"	"MATCH"	"f56a1f7e2c196fff0226f2afd2bf4aa61d1c5bb7f0f2b27be61f3071997a898e"	"https://dl.google.com/dl/android/maven2/com/android/tools/dvlib/31.13.0/dvlib-31.13.0.pom.sha256"	""	""	""	""	""	""	""	""	""	""	""	"DECLARED_RELEASE_CONFIGURATION"
"metadata"	"com.android.tools"	"play-sdk-proto"	"31.13.0"	"play-sdk-proto-31.13.0.pom"	"1129"	"75e12e795c657b487fd15d3282e1ee4e7133f491b7efffb143975c8be618fa90"	"MATCH"	"75e12e795c657b487fd15d3282e1ee4e7133f491b7efffb143975c8be618fa90"	"https://dl.google.com/dl/android/maven2/com/android/tools/play-sdk-proto/31.13.0/play-sdk-proto-31.13.0.pom.sha256"	""	""	""	""	""	""	""	""	""	""	""	"LINT_RELEASE_TASK_TIME_OBSERVED_CACHE"
"metadata"	"com.android.tools"	"repository"	"31.13.0"	"repository-31.13.0.pom"	"2435"	"b94058e842c1b654c01dd27cf22ff88173faf3a2388eeab4407f282c62c7bb2f"	"MATCH"	"b94058e842c1b654c01dd27cf22ff88173faf3a2388eeab4407f282c62c7bb2f"	"https://dl.google.com/dl/android/maven2/com/android/tools/repository/31.13.0/repository-31.13.0.pom.sha256"	""	""	""	""	""	""	""	""	""	""	""	"DECLARED_RELEASE_CONFIGURATION"
"metadata"	"com.android.tools"	"sdk-common"	"31.13.0"	"sdk-common-31.13.0.pom"	"4066"	"7eaa2b537986f6c8876917eed8fc17f64b6f6704e4e27b8d4732f5f29365abb0"	"MATCH"	"7eaa2b537986f6c8876917eed8fc17f64b6f6704e4e27b8d4732f5f29365abb0"	"https://dl.google.com/dl/android/maven2/com/android/tools/sdk-common/31.13.0/sdk-common-31.13.0.pom.sha256"	""	""	""	""	""	""	""	""	""	""	""	"DECLARED_RELEASE_CONFIGURATION"
"metadata"	"com.android.tools"	"sdklib"	"31.13.0"	"sdklib-31.13.0.pom"	"2578"	"d4883e61311ace1029c4fa0eb9f29c98cdfcfab4273cd9a070430369000068f9"	"MATCH"	"d4883e61311ace1029c4fa0eb9f29c98cdfcfab4273cd9a070430369000068f9"	"https://dl.google.com/dl/android/maven2/com/android/tools/sdklib/31.13.0/sdklib-31.13.0.pom.sha256"	""	""	""	""	""	""	""	""	""	""	""	"DECLARED_RELEASE_CONFIGURATION"
"metadata"	"com.android.tools.analytics-library"	"crash"	"31.13.0"	"crash-31.13.0.pom"	"1875"	"af239423d3ced93e2ff3c3e43b57aea36bfc87973321926cd8ca2a2159eb6646"	"MATCH"	"af239423d3ced93e2ff3c3e43b57aea36bfc87973321926cd8ca2a2159eb6646"	"https://dl.google.com/dl/android/maven2/com/android/tools/analytics-library/crash/31.13.0/crash-31.13.0.pom.sha256"	""	""	""	""	""	""	""	""	""	""	""	"DECLARED_RELEASE_CONFIGURATION"
"metadata"	"com.android.tools.analytics-library"	"protos"	"31.13.0"	"protos-31.13.0.pom"	"1140"	"60ef0ecc139049efde203e0f16393ba24e8850dff6a7005b38dae9633549d183"	"MATCH"	"60ef0ecc139049efde203e0f16393ba24e8850dff6a7005b38dae9633549d183"	"https://dl.google.com/dl/android/maven2/com/android/tools/analytics-library/protos/31.13.0/protos-31.13.0.pom.sha256"	""	""	""	""	""	""	""	""	""	""	""	"DECLARED_RELEASE_CONFIGURATION"
"metadata"	"com.android.tools.analytics-library"	"shared"	"31.13.0"	"shared-31.13.0.pom"	"2240"	"b46f327e2b0d7dfef21acac495538c52ec3a53fa1b1644fa697be5e7c895bc76"	"MATCH"	"b46f327e2b0d7dfef21acac495538c52ec3a53fa1b1644fa697be5e7c895bc76"	"https://dl.google.com/dl/android/maven2/com/android/tools/analytics-library/shared/31.13.0/shared-31.13.0.pom.sha256"	""	""	""	""	""	""	""	""	""	""	""	"DECLARED_RELEASE_CONFIGURATION"
"metadata"	"com.android.tools.analytics-library"	"tracker"	"31.13.0"	"tracker-31.13.0.pom"	"2250"	"40f550681f67d183ae74904deb5b012c38c74165e899d0a332ad7da43a9ce3c0"	"MATCH"	"40f550681f67d183ae74904deb5b012c38c74165e899d0a332ad7da43a9ce3c0"	"https://dl.google.com/dl/android/maven2/com/android/tools/analytics-library/tracker/31.13.0/tracker-31.13.0.pom.sha256"	""	""	""	""	""	""	""	""	""	""	""	"DECLARED_RELEASE_CONFIGURATION"
"metadata"	"com.android.tools.build"	"aapt2-proto"	"8.13.0-13719691"	"aapt2-proto-8.13.0-13719691.module"	"3776"	"70be18f06040e93b7996be05ae8446062ba26aa411d85e73c9dcd71e5e6edf04"	"MATCH"	"70be18f06040e93b7996be05ae8446062ba26aa411d85e73c9dcd71e5e6edf04"	"https://dl.google.com/dl/android/maven2/com/android/tools/build/aapt2-proto/8.13.0-13719691/aapt2-proto-8.13.0-13719691.module.sha256"	""	""	""	""	""	""	""	""	""	""	""	"DECLARED_RELEASE_CONFIGURATION"
"metadata"	"com.android.tools.build"	"aapt2-proto"	"8.13.0-13719691"	"aapt2-proto-8.13.0-13719691.pom"	"1686"	"dbd11e3c11f4f47ab208ad94de2a5bf09d3fbb4b0a84fdcf59cd02141d558f1c"	"MATCH"	"dbd11e3c11f4f47ab208ad94de2a5bf09d3fbb4b0a84fdcf59cd02141d558f1c"	"https://dl.google.com/dl/android/maven2/com/android/tools/build/aapt2-proto/8.13.0-13719691/aapt2-proto-8.13.0-13719691.pom.sha256"	""	""	""	""	""	""	""	""	""	""	""	"DECLARED_RELEASE_CONFIGURATION"
"metadata"	"com.android.tools.build"	"aaptcompiler"	"8.13.0"	"aaptcompiler-8.13.0.module"	"4761"	"32c313ed01a6e006ee3eac717c17c1e5d218a9df2567528d34b17a5a6742de09"	"MATCH"	"32c313ed01a6e006ee3eac717c17c1e5d218a9df2567528d34b17a5a6742de09"	"https://dl.google.com/dl/android/maven2/com/android/tools/build/aaptcompiler/8.13.0/aaptcompiler-8.13.0.module.sha256"	""	""	""	""	""	""	""	""	""	""	""	"DECLARED_RELEASE_CONFIGURATION"
"metadata"	"com.android.tools.build"	"aaptcompiler"	"8.13.0"	"aaptcompiler-8.13.0.pom"	"2613"	"a3b77986f214acde1efdd1fefea939bb51cef547a444e0c03da69cf5dcb456c2"	"MATCH"	"a3b77986f214acde1efdd1fefea939bb51cef547a444e0c03da69cf5dcb456c2"	"https://dl.google.com/dl/android/maven2/com/android/tools/build/aaptcompiler/8.13.0/aaptcompiler-8.13.0.pom.sha256"	""	""	""	""	""	""	""	""	""	""	""	"DECLARED_RELEASE_CONFIGURATION"
"metadata"	"com.android.tools.build"	"apksig"	"8.13.0"	"apksig-8.13.0.pom"	"933"	"b39b6c4169fc42bb7d3a74e045de8203509fa377693b33b7e754e1f07c759869"	"MATCH"	"b39b6c4169fc42bb7d3a74e045de8203509fa377693b33b7e754e1f07c759869"	"https://dl.google.com/dl/android/maven2/com/android/tools/build/apksig/8.13.0/apksig-8.13.0.pom.sha256"	""	""	""	""	""	""	""	""	""	""	""	"DECLARED_RELEASE_CONFIGURATION"
"metadata"	"com.android.tools.build"	"apkzlib"	"8.13.0"	"apkzlib-8.13.0.pom"	"1849"	"a7b86c76d359efee2c7eb295aad0a1c6322192ba64dd0db719e6f4dbeb7e7530"	"MATCH"	"a7b86c76d359efee2c7eb295aad0a1c6322192ba64dd0db719e6f4dbeb7e7530"	"https://dl.google.com/dl/android/maven2/com/android/tools/build/apkzlib/8.13.0/apkzlib-8.13.0.pom.sha256"	""	""	""	""	""	""	""	""	""	""	""	"DECLARED_RELEASE_CONFIGURATION"
"metadata"	"com.android.tools.build"	"builder"	"8.13.0"	"builder-8.13.0.module"	"8034"	"0fdb20c12f6592d808da6d0075ed34520f61c71936868b4bde39278bb1b7b59d"	"MATCH"	"0fdb20c12f6592d808da6d0075ed34520f61c71936868b4bde39278bb1b7b59d"	"https://dl.google.com/dl/android/maven2/com/android/tools/build/builder/8.13.0/builder-8.13.0.module.sha256"	""	""	""	""	""	""	""	""	""	""	""	"DECLARED_RELEASE_CONFIGURATION"
"metadata"	"com.android.tools.build"	"builder"	"8.13.0"	"builder-8.13.0.pom"	"5320"	"9f24359de3865896adb453928853572f52bfc664f3692df2a487e79f0d5c8a13"	"MATCH"	"9f24359de3865896adb453928853572f52bfc664f3692df2a487e79f0d5c8a13"	"https://dl.google.com/dl/android/maven2/com/android/tools/build/builder/8.13.0/builder-8.13.0.pom.sha256"	""	""	""	""	""	""	""	""	""	""	""	"DECLARED_RELEASE_CONFIGURATION"
"metadata"	"com.android.tools.build"	"builder-model"	"8.13.0"	"builder-model-8.13.0.module"	"4091"	"17ce93ca75630240705eb8334e1e79ef6f63c6c6e7acd5d0a01a5aa16bddffe2"	"MATCH"	"17ce93ca75630240705eb8334e1e79ef6f63c6c6e7acd5d0a01a5aa16bddffe2"	"https://dl.google.com/dl/android/maven2/com/android/tools/build/builder-model/8.13.0/builder-model-8.13.0.module.sha256"	""	""	""	""	""	""	""	""	""	""	""	"DECLARED_RELEASE_CONFIGURATION"
"metadata"	"com.android.tools.build"	"builder-model"	"8.13.0"	"builder-model-8.13.0.pom"	"1841"	"555f48b9a9d0994a80cb5c94590a7da36acb9c5526e76f093a207490a2149255"	"MATCH"	"555f48b9a9d0994a80cb5c94590a7da36acb9c5526e76f093a207490a2149255"	"https://dl.google.com/dl/android/maven2/com/android/tools/build/builder-model/8.13.0/builder-model-8.13.0.pom.sha256"	""	""	""	""	""	""	""	""	""	""	""	"DECLARED_RELEASE_CONFIGURATION"
"metadata"	"com.android.tools.build"	"builder-test-api"	"8.13.0"	"builder-test-api-8.13.0.module"	"4219"	"43ec9b81ed259b500697ecde242ada206d048892d1650f0487d731fce32bcde6"	"MATCH"	"43ec9b81ed259b500697ecde242ada206d048892d1650f0487d731fce32bcde6"	"https://dl.google.com/dl/android/maven2/com/android/tools/build/builder-test-api/8.13.0/builder-test-api-8.13.0.module.sha256"	""	""	""	""	""	""	""	""	""	""	""	"DECLARED_RELEASE_CONFIGURATION"
"metadata"	"com.android.tools.build"	"builder-test-api"	"8.13.0"	"builder-test-api-8.13.0.pom"	"2227"	"675435b6732f4c57b09dc0efe1c4045b9de36055553605afc9ad3af668bf8b32"	"MATCH"	"675435b6732f4c57b09dc0efe1c4045b9de36055553605afc9ad3af668bf8b32"	"https://dl.google.com/dl/android/maven2/com/android/tools/build/builder-test-api/8.13.0/builder-test-api-8.13.0.pom.sha256"	""	""	""	""	""	""	""	""	""	""	""	"DECLARED_RELEASE_CONFIGURATION"
"metadata"	"com.android.tools.build"	"bundletool"	"1.18.1"	"bundletool-1.18.1.pom"	"2673"	"5c4df7b2e31f17f20e4b8dbd62a2b7865a09a49a1fd2931a359fd394ecb9b5a5"	"MATCH"	"5c4df7b2e31f17f20e4b8dbd62a2b7865a09a49a1fd2931a359fd394ecb9b5a5"	"https://dl.google.com/dl/android/maven2/com/android/tools/build/bundletool/1.18.1/bundletool-1.18.1.pom.sha256"	""	""	""	""	""	""	""	""	""	""	""	"DECLARED_RELEASE_CONFIGURATION"
"metadata"	"com.android.tools.build"	"gradle"	"8.13.0"	"gradle-8.13.0.module"	"13567"	"1ffebc2634d322d5ff1646fb54aa9cdaaa00ab5eb3900a193fa561b23e031a77"	"MATCH"	"1ffebc2634d322d5ff1646fb54aa9cdaaa00ab5eb3900a193fa561b23e031a77"	"https://dl.google.com/dl/android/maven2/com/android/tools/build/gradle/8.13.0/gradle-8.13.0.module.sha256"	""	""	""	""	""	""	""	""	""	""	""	"DECLARED_RELEASE_CONFIGURATION"
"metadata"	"com.android.tools.build"	"gradle"	"8.13.0"	"gradle-8.13.0.pom"	"11773"	"ee4182f4b5cb6544f36d23db5d159674ca9ea3db05a8e474295afcfc6cf510da"	"MATCH"	"ee4182f4b5cb6544f36d23db5d159674ca9ea3db05a8e474295afcfc6cf510da"	"https://dl.google.com/dl/android/maven2/com/android/tools/build/gradle/8.13.0/gradle-8.13.0.pom.sha256"	""	""	""	""	""	""	""	""	""	""	""	"DECLARED_RELEASE_CONFIGURATION"
"metadata"	"com.android.tools.build"	"gradle-api"	"8.13.0"	"gradle-api-8.13.0.module"	"4913"	"5cffd4c58b703981d8e32488f854552baf8c8eb71e5e2bfbc734a1f374bdc842"	"MATCH"	"5cffd4c58b703981d8e32488f854552baf8c8eb71e5e2bfbc734a1f374bdc842"	"https://dl.google.com/dl/android/maven2/com/android/tools/build/gradle-api/8.13.0/gradle-api-8.13.0.module.sha256"	""	""	""	""	""	""	""	""	""	""	""	"DECLARED_RELEASE_CONFIGURATION"
"metadata"	"com.android.tools.build"	"gradle-api"	"8.13.0"	"gradle-api-8.13.0.pom"	"2392"	"4bab029e73f2a0e8a038af850886b72d0fa5c6819781d80241a66f4a51be4c5a"	"MATCH"	"4bab029e73f2a0e8a038af850886b72d0fa5c6819781d80241a66f4a51be4c5a"	"https://dl.google.com/dl/android/maven2/com/android/tools/build/gradle-api/8.13.0/gradle-api-8.13.0.pom.sha256"	""	""	""	""	""	""	""	""	""	""	""	"DECLARED_RELEASE_CONFIGURATION"
"metadata"	"com.android.tools.build"	"gradle-common-api"	"8.13.0"	"gradle-common-api-8.13.0.module"	"4731"	"ebc75c5d4d9617b00b29a6b4de9d0b2a6c1f8cdf81f3e65daa02aac1de0a6909"	"MATCH"	"ebc75c5d4d9617b00b29a6b4de9d0b2a6c1f8cdf81f3e65daa02aac1de0a6909"	"https://dl.google.com/dl/android/maven2/com/android/tools/build/gradle-common-api/8.13.0/gradle-common-api-8.13.0.module.sha256"	""	""	""	""	""	""	""	""	""	""	""	"DECLARED_RELEASE_CONFIGURATION"
"metadata"	"com.android.tools.build"	"gradle-common-api"	"8.13.0"	"gradle-common-api-8.13.0.pom"	"2108"	"ef6e93f3eda284f6db6d2228bad7cf09d1907969d6bdf5255c7b763584fdb7a4"	"MATCH"	"ef6e93f3eda284f6db6d2228bad7cf09d1907969d6bdf5255c7b763584fdb7a4"	"https://dl.google.com/dl/android/maven2/com/android/tools/build/gradle-common-api/8.13.0/gradle-common-api-8.13.0.pom.sha256"	""	""	""	""	""	""	""	""	""	""	""	"DECLARED_RELEASE_CONFIGURATION"
"metadata"	"com.android.tools.build"	"gradle-settings-api"	"8.13.0"	"gradle-settings-api-8.13.0.module"	"4357"	"3fc735534221f27aaae9ae418e1b40aed7906a2d97fbb427be0f0db03decfd97"	"MATCH"	"3fc735534221f27aaae9ae418e1b40aed7906a2d97fbb427be0f0db03decfd97"	"https://dl.google.com/dl/android/maven2/com/android/tools/build/gradle-settings-api/8.13.0/gradle-settings-api-8.13.0.module.sha256"	""	""	""	""	""	""	""	""	""	""	""	"DECLARED_RELEASE_CONFIGURATION"
"metadata"	"com.android.tools.build"	"gradle-settings-api"	"8.13.0"	"gradle-settings-api-8.13.0.pom"	"1884"	"c2fbd8b6ef110534f50649f8b330c6d4e97960d8d5b72b7e68908c056d2a5e71"	"MATCH"	"c2fbd8b6ef110534f50649f8b330c6d4e97960d8d5b72b7e68908c056d2a5e71"	"https://dl.google.com/dl/android/maven2/com/android/tools/build/gradle-settings-api/8.13.0/gradle-settings-api-8.13.0.pom.sha256"	""	""	""	""	""	""	""	""	""	""	""	"DECLARED_RELEASE_CONFIGURATION"
"metadata"	"com.android.tools.build"	"manifest-merger"	"31.13.0"	"manifest-merger-31.13.0.module"	"4597"	"f125083b7d344f5ef2480ee0c74a2c8db1687b0cfbb9da9ce664264afefaf879"	"MATCH"	"f125083b7d344f5ef2480ee0c74a2c8db1687b0cfbb9da9ce664264afefaf879"	"https://dl.google.com/dl/android/maven2/com/android/tools/build/manifest-merger/31.13.0/manifest-merger-31.13.0.module.sha256"	""	""	""	""	""	""	""	""	""	""	""	"DECLARED_RELEASE_CONFIGURATION"
"metadata"	"com.android.tools.build"	"manifest-merger"	"31.13.0"	"manifest-merger-31.13.0.pom"	"2386"	"259a57bc8a777d417a258b8ddff084ff9218990e6f7c0e6ea52646b55b7b4e98"	"MATCH"	"259a57bc8a777d417a258b8ddff084ff9218990e6f7c0e6ea52646b55b7b4e98"	"https://dl.google.com/dl/android/maven2/com/android/tools/build/manifest-merger/31.13.0/manifest-merger-31.13.0.pom.sha256"	""	""	""	""	""	""	""	""	""	""	""	"DECLARED_RELEASE_CONFIGURATION"
"metadata"	"com.android.tools.build"	"transform-api"	"2.0.0-deprecated-use-gradle-api"	"transform-api-2.0.0-deprecated-use-gradle-api.pom"	"1108"	"7c62f3856e8abca1d79257925f26c12668693f5d95904056bbac88605cfd8575"	"NO_MATCHING_SIDECAR"	""	""	"https://dl.google.com/dl/android/maven2/com/android/tools/build/transform-api/2.0.0-deprecated-use-gradle-api/transform-api-2.0.0-deprecated-use-gradle-api.pom.sha256 HTTP_404; https://repo.maven.apache.org/maven2/com/android/tools/build/transform-api/2.0.0-deprecated-use-gradle-api/transform-api-2.0.0-deprecated-use-gradle-api.pom.sha256 HTTP_404"	""	""	""	""	""	""	""	""	""	""	"DECLARED_RELEASE_CONFIGURATION"
"metadata"	"com.android.tools.build.jetifier"	"jetifier-core"	"1.0.0-beta10"	"jetifier-core-1.0.0-beta10.module"	"3734"	"f0917589a42d276163f10040ab5842e91883dcbdb1d48bfd1f1fcaa72c1ca7b7"	"MATCH"	"f0917589a42d276163f10040ab5842e91883dcbdb1d48bfd1f1fcaa72c1ca7b7"	"https://dl.google.com/dl/android/maven2/com/android/tools/build/jetifier/jetifier-core/1.0.0-beta10/jetifier-core-1.0.0-beta10.module.sha256"	""	""	""	""	""	""	""	""	""	""	""	"DECLARED_RELEASE_CONFIGURATION"
"metadata"	"com.android.tools.build.jetifier"	"jetifier-core"	"1.0.0-beta10"	"jetifier-core-1.0.0-beta10.pom"	"1943"	"5c9d42e6b7e35d4d8d02e0a322cf26693b3ec3642b107c8f0be5a721d45a0c6d"	"MATCH"	"5c9d42e6b7e35d4d8d02e0a322cf26693b3ec3642b107c8f0be5a721d45a0c6d"	"https://dl.google.com/dl/android/maven2/com/android/tools/build/jetifier/jetifier-core/1.0.0-beta10/jetifier-core-1.0.0-beta10.pom.sha256"	""	""	""	""	""	""	""	""	""	""	""	"DECLARED_RELEASE_CONFIGURATION"
"metadata"	"com.android.tools.build.jetifier"	"jetifier-processor"	"1.0.0-beta10"	"jetifier-processor-1.0.0-beta10.module"	"5041"	"36c25576b19993df360170528cc62b7246c37776d6158154a67cdf8fc2d58e13"	"MATCH"	"36c25576b19993df360170528cc62b7246c37776d6158154a67cdf8fc2d58e13"	"https://dl.google.com/dl/android/maven2/com/android/tools/build/jetifier/jetifier-processor/1.0.0-beta10/jetifier-processor-1.0.0-beta10.module.sha256"	""	""	""	""	""	""	""	""	""	""	""	"DECLARED_RELEASE_CONFIGURATION"
"metadata"	"com.android.tools.build.jetifier"	"jetifier-processor"	"1.0.0-beta10"	"jetifier-processor-1.0.0-beta10.pom"	"2666"	"33b17f396989404a49174748569bc8edf4e39a62a42a35ce93dca5c0e4ba0842"	"MATCH"	"33b17f396989404a49174748569bc8edf4e39a62a42a35ce93dca5c0e4ba0842"	"https://dl.google.com/dl/android/maven2/com/android/tools/build/jetifier/jetifier-processor/1.0.0-beta10/jetifier-processor-1.0.0-beta10.pom.sha256"	""	""	""	""	""	""	""	""	""	""	""	"DECLARED_RELEASE_CONFIGURATION"
"metadata"	"com.android.tools.ddms"	"ddmlib"	"31.13.0"	"ddmlib-31.13.0.pom"	"1639"	"f68d19d3c1de32a0e8fa254de2cf9ec9bf43e681541358d55d12b36b5b115f8d"	"MATCH"	"f68d19d3c1de32a0e8fa254de2cf9ec9bf43e681541358d55d12b36b5b115f8d"	"https://dl.google.com/dl/android/maven2/com/android/tools/ddms/ddmlib/31.13.0/ddmlib-31.13.0.pom.sha256"	""	""	""	""	""	""	""	""	""	""	""	"DECLARED_RELEASE_CONFIGURATION"
"metadata"	"com.android.tools.external.com-intellij"	"intellij-core"	"31.13.0"	"intellij-core-31.13.0.pom"	"919"	"61b004516581715323b4bbb7d74d45ef25bdd55184e875856fd72ece913814a9"	"MATCH"	"61b004516581715323b4bbb7d74d45ef25bdd55184e875856fd72ece913814a9"	"https://dl.google.com/dl/android/maven2/com/android/tools/external/com-intellij/intellij-core/31.13.0/intellij-core-31.13.0.pom.sha256"	""	""	""	""	""	"PUBLISHER_SHA256_MATCH_AFTER_EXACT_GRADLE_FETCH"	"https://dl.google.com/dl/android/maven2/com/android/tools/external/com-intellij/intellij-core/31.13.0/intellij-core-31.13.0.pom"	""	""	""	""	"LINT_RELEASE_TASK_TIME_EXACT_PROVISIONED"
"metadata"	"com.android.tools.external.com-intellij"	"kotlin-compiler"	"31.13.0"	"kotlin-compiler-31.13.0.pom"	"920"	"73e1d5e2129a2c663e98fa0354578ed4dbc4e5ab29d832e4f843ef109e9cae53"	"MATCH"	"73e1d5e2129a2c663e98fa0354578ed4dbc4e5ab29d832e4f843ef109e9cae53"	"https://dl.google.com/dl/android/maven2/com/android/tools/external/com-intellij/kotlin-compiler/31.13.0/kotlin-compiler-31.13.0.pom.sha256"	""	""	""	""	""	"PUBLISHER_SHA256_MATCH_AFTER_EXACT_GRADLE_FETCH"	"https://dl.google.com/dl/android/maven2/com/android/tools/external/com-intellij/kotlin-compiler/31.13.0/kotlin-compiler-31.13.0.pom"	""	""	""	""	"LINT_RELEASE_TASK_TIME_EXACT_PROVISIONED"
"metadata"	"com.android.tools.external.org-jetbrains"	"uast"	"31.13.0"	"uast-31.13.0.pom"	"896"	"f26af59cb7f1555151017a15eda199efa05fa57e05cf0e58ec4315abdf2ee5e0"	"MATCH"	"f26af59cb7f1555151017a15eda199efa05fa57e05cf0e58ec4315abdf2ee5e0"	"https://dl.google.com/dl/android/maven2/com/android/tools/external/org-jetbrains/uast/31.13.0/uast-31.13.0.pom.sha256"	""	""	""	""	""	""	""	""	""	""	""	"LINT_RELEASE_TASK_TIME_OBSERVED_CACHE"
"metadata"	"com.android.tools.layoutlib"	"layoutlib-api"	"31.13.0"	"layoutlib-api-31.13.0.pom"	"1673"	"898fd13752b13d6390cb0983c7bd23f1c8a2c50b7591e0abad14681d09eaffc3"	"MATCH"	"898fd13752b13d6390cb0983c7bd23f1c8a2c50b7591e0abad14681d09eaffc3"	"https://dl.google.com/dl/android/maven2/com/android/tools/layoutlib/layoutlib-api/31.13.0/layoutlib-api-31.13.0.pom.sha256"	""	""	""	""	""	""	""	""	""	""	""	"DECLARED_RELEASE_CONFIGURATION"
"metadata"	"com.android.tools.lint"	"lint"	"31.13.0"	"lint-31.13.0.pom"	"4030"	"7f5ebb35c5d6487c1d753605314fd8c89e83342b098e36946e07d5aa4ba7fc61"	"MATCH"	"7f5ebb35c5d6487c1d753605314fd8c89e83342b098e36946e07d5aa4ba7fc61"	"https://dl.google.com/dl/android/maven2/com/android/tools/lint/lint/31.13.0/lint-31.13.0.pom.sha256"	""	""	""	""	""	""	""	""	""	""	""	"LINT_RELEASE_TASK_TIME_OBSERVED_CACHE"
"metadata"	"com.android.tools.lint"	"lint-api"	"31.13.0"	"lint-api-31.13.0.pom"	"4242"	"635fc52c570c12c4b2b764826fdc34c36eff7abc26e0097a7c805054404a6d5b"	"MATCH"	"635fc52c570c12c4b2b764826fdc34c36eff7abc26e0097a7c805054404a6d5b"	"https://dl.google.com/dl/android/maven2/com/android/tools/lint/lint-api/31.13.0/lint-api-31.13.0.pom.sha256"	""	""	""	""	""	""	""	""	""	""	""	"LINT_RELEASE_TASK_TIME_OBSERVED_CACHE"
"metadata"	"com.android.tools.lint"	"lint-checks"	"31.13.0"	"lint-checks-31.13.0.pom"	"3717"	"0c534723f0f1e9dd3ebd05c52c9daf47016d1b936620bf827ac7c7fbd886af9e"	"MATCH"	"0c534723f0f1e9dd3ebd05c52c9daf47016d1b936620bf827ac7c7fbd886af9e"	"https://dl.google.com/dl/android/maven2/com/android/tools/lint/lint-checks/31.13.0/lint-checks-31.13.0.pom.sha256"	""	""	""	""	""	""	""	""	""	""	""	"LINT_RELEASE_TASK_TIME_OBSERVED_CACHE"
"metadata"	"com.android.tools.lint"	"lint-gradle"	"31.13.0"	"lint-gradle-31.13.0.pom"	"2283"	"c25772c66557c8d97f3afe95add43a50f0e1aa4befe5c6ca7e22b05d1325b2c5"	"MATCH"	"c25772c66557c8d97f3afe95add43a50f0e1aa4befe5c6ca7e22b05d1325b2c5"	"https://dl.google.com/dl/android/maven2/com/android/tools/lint/lint-gradle/31.13.0/lint-gradle-31.13.0.pom.sha256"	""	""	""	""	""	""	""	""	""	""	""	"LINT_RELEASE_TASK_TIME_OBSERVED_CACHE"
"metadata"	"com.android.tools.lint"	"lint-model"	"31.13.0"	"lint-model-31.13.0.pom"	"2189"	"4bb6e67b868b72c25b1614b61d750982e0414cd6716172be3155ad2aa7d6fb80"	"MATCH"	"4bb6e67b868b72c25b1614b61d750982e0414cd6716172be3155ad2aa7d6fb80"	"https://dl.google.com/dl/android/maven2/com/android/tools/lint/lint-model/31.13.0/lint-model-31.13.0.pom.sha256"	""	""	""	""	""	""	""	""	""	""	""	"DECLARED_RELEASE_CONFIGURATION"
"metadata"	"com.android.tools.lint"	"lint-typedef-remover"	"31.13.0"	"lint-typedef-remover-31.13.0.pom"	"1493"	"f97d2b218a1bfa78c8b53c827884efabae3adf8e129791cf7dff2ff4b346f3d9"	"MATCH"	"f97d2b218a1bfa78c8b53c827884efabae3adf8e129791cf7dff2ff4b346f3d9"	"https://dl.google.com/dl/android/maven2/com/android/tools/lint/lint-typedef-remover/31.13.0/lint-typedef-remover-31.13.0.pom.sha256"	""	""	""	""	""	""	""	""	""	""	""	"DECLARED_RELEASE_CONFIGURATION"
"metadata"	"com.android.tools.utp"	"android-device-provider-ddmlib-proto"	"31.13.0"	"android-device-provider-ddmlib-proto-31.13.0.pom"	"1211"	"a90567cc8f6a68af29dce7bcb6458b61486e10d246d784c221df35a87b133f93"	"MATCH"	"a90567cc8f6a68af29dce7bcb6458b61486e10d246d784c221df35a87b133f93"	"https://dl.google.com/dl/android/maven2/com/android/tools/utp/android-device-provider-ddmlib-proto/31.13.0/android-device-provider-ddmlib-proto-31.13.0.pom.sha256"	""	""	""	""	""	""	""	""	""	""	""	"DECLARED_RELEASE_CONFIGURATION"
"metadata"	"com.android.tools.utp"	"android-device-provider-profile-proto"	"31.13.0"	"android-device-provider-profile-proto-31.13.0.pom"	"1214"	"bc4d233e67353d0afed7e88ca8c437e0c6b8f748b7b04456db5002124eaddd16"	"MATCH"	"bc4d233e67353d0afed7e88ca8c437e0c6b8f748b7b04456db5002124eaddd16"	"https://dl.google.com/dl/android/maven2/com/android/tools/utp/android-device-provider-profile-proto/31.13.0/android-device-provider-profile-proto-31.13.0.pom.sha256"	""	""	""	""	""	""	""	""	""	""	""	"DECLARED_RELEASE_CONFIGURATION"
"metadata"	"com.android.tools.utp"	"android-test-plugin-host-additional-test-output-proto"	"31.13.0"	"android-test-plugin-host-additional-test-output-proto-31.13.0.pom"	"1240"	"89b7605d0ecd9d15559a56d037af631f40b24a296b18e2cda9140d188771b588"	"MATCH"	"89b7605d0ecd9d15559a56d037af631f40b24a296b18e2cda9140d188771b588"	"https://dl.google.com/dl/android/maven2/com/android/tools/utp/android-test-plugin-host-additional-test-output-proto/31.13.0/android-test-plugin-host-additional-test-output-proto-31.13.0.pom.sha256"	""	""	""	""	""	""	""	""	""	""	""	"DECLARED_RELEASE_CONFIGURATION"
"metadata"	"com.android.tools.utp"	"android-test-plugin-host-apk-installer-proto"	"31.13.0"	"android-test-plugin-host-apk-installer-proto-31.13.0.pom"	"1204"	"7d8f83513acde16ff5aff48c09d17c87a4bfec9fd9d59b0d188866a0f68699c5"	"MATCH"	"7d8f83513acde16ff5aff48c09d17c87a4bfec9fd9d59b0d188866a0f68699c5"	"https://dl.google.com/dl/android/maven2/com/android/tools/utp/android-test-plugin-host-apk-installer-proto/31.13.0/android-test-plugin-host-apk-installer-proto-31.13.0.pom.sha256"	""	""	""	""	""	""	""	""	""	""	""	"DECLARED_RELEASE_CONFIGURATION"
"metadata"	"com.android.tools.utp"	"android-test-plugin-host-coverage-proto"	"31.13.0"	"android-test-plugin-host-coverage-proto-31.13.0.pom"	"1207"	"fd88cbcc00ad48ad200731b0654449148bf72bece66e912be3631bdd9db29c9b"	"MATCH"	"fd88cbcc00ad48ad200731b0654449148bf72bece66e912be3631bdd9db29c9b"	"https://dl.google.com/dl/android/maven2/com/android/tools/utp/android-test-plugin-host-coverage-proto/31.13.0/android-test-plugin-host-coverage-proto-31.13.0.pom.sha256"	""	""	""	""	""	""	""	""	""	""	""	"DECLARED_RELEASE_CONFIGURATION"
"metadata"	"com.android.tools.utp"	"android-test-plugin-host-emulator-control-proto"	"31.13.0"	"android-test-plugin-host-emulator-control-proto-31.13.0.pom"	"1419"	"51497d3920aa7a7eee7312602853b74771d57f44d6fc0c3f18af0f6868618e00"	"MATCH"	"51497d3920aa7a7eee7312602853b74771d57f44d6fc0c3f18af0f6868618e00"	"https://dl.google.com/dl/android/maven2/com/android/tools/utp/android-test-plugin-host-emulator-control-proto/31.13.0/android-test-plugin-host-emulator-control-proto-31.13.0.pom.sha256"	""	""	""	""	""	""	""	""	""	""	""	"DECLARED_RELEASE_CONFIGURATION"
"metadata"	"com.android.tools.utp"	"android-test-plugin-host-logcat-proto"	"31.13.0"	"android-test-plugin-host-logcat-proto-31.13.0.pom"	"1202"	"2e203c6ade1aa5d87086cb208c2d6b39193d78d81ff80c9a1e17c592b9f651ea"	"MATCH"	"2e203c6ade1aa5d87086cb208c2d6b39193d78d81ff80c9a1e17c592b9f651ea"	"https://dl.google.com/dl/android/maven2/com/android/tools/utp/android-test-plugin-host-logcat-proto/31.13.0/android-test-plugin-host-logcat-proto-31.13.0.pom.sha256"	""	""	""	""	""	""	""	""	""	""	""	"DECLARED_RELEASE_CONFIGURATION"
"metadata"	"com.android.tools.utp"	"android-test-plugin-result-listener-gradle-proto"	"31.13.0"	"android-test-plugin-result-listener-gradle-proto-31.13.0.pom"	"2625"	"41d9b13dd7b1eefd8960bab44b5fd088deef16e78d56be8b95575cf14563ae09"	"MATCH"	"41d9b13dd7b1eefd8960bab44b5fd088deef16e78d56be8b95575cf14563ae09"	"https://dl.google.com/dl/android/maven2/com/android/tools/utp/android-test-plugin-result-listener-gradle-proto/31.13.0/android-test-plugin-result-listener-gradle-proto-31.13.0.pom.sha256"	""	""	""	""	""	""	""	""	""	""	""	"DECLARED_RELEASE_CONFIGURATION"
"metadata"	"com.google.android"	"annotations"	"4.1.1.4"	"annotations-4.1.1.4.pom"	"1842"	"e4bb54753c36a27a0e5d70154a5034fedd8feac4282295034bfd483d6c7aae78"	"NO_MATCHING_SIDECAR"	""	""	"https://repo.maven.apache.org/maven2/com/google/android/annotations/4.1.1.4/annotations-4.1.1.4.pom.sha256 HTTP_404; https://dl.google.com/dl/android/maven2/com/google/android/annotations/4.1.1.4/annotations-4.1.1.4.pom.sha256 HTTP_404"	""	""	""	""	""	""	""	""	""	""	"DECLARED_RELEASE_CONFIGURATION"
"metadata"	"com.google.android.gms"	"play-services-base"	"18.5.0"	"play-services-base-18.5.0.pom"	"1767"	"2570b515c2717af386c890e97f644782e3f86da7b677a4ff1036147e7ea622a4"	"MATCH"	"2570b515c2717af386c890e97f644782e3f86da7b677a4ff1036147e7ea622a4"	"https://dl.google.com/dl/android/maven2/com/google/android/gms/play-services-base/18.5.0/play-services-base-18.5.0.pom.sha256"	""	""	""	""	""	""	""	""	""	""	""	"DECLARED_RELEASE_CONFIGURATION"
"metadata"	"com.google.android.gms"	"play-services-basement"	"18.4.0"	"play-services-basement-18.4.0.pom"	"1336"	"05ca7c0ace0d6260931f97ed32c60ce598071ff560d3fa44f49e6f0695d2b687"	"MATCH"	"05ca7c0ace0d6260931f97ed32c60ce598071ff560d3fa44f49e6f0695d2b687"	"https://dl.google.com/dl/android/maven2/com/google/android/gms/play-services-basement/18.4.0/play-services-basement-18.4.0.pom.sha256"	""	""	""	""	""	""	""	""	""	""	""	"DECLARED_RELEASE_CONFIGURATION"
"metadata"	"com.google.android.gms"	"play-services-location"	"21.3.0"	"play-services-location-21.3.0.pom"	"2045"	"d39695bcf029afb9ace67bf04d03454a0622c956641353fba16064d1fdc7b791"	"MATCH"	"d39695bcf029afb9ace67bf04d03454a0622c956641353fba16064d1fdc7b791"	"https://dl.google.com/dl/android/maven2/com/google/android/gms/play-services-location/21.3.0/play-services-location-21.3.0.pom.sha256"	""	""	""	""	""	""	""	""	""	""	""	"DECLARED_RELEASE_CONFIGURATION"
"metadata"	"com.google.android.gms"	"play-services-tasks"	"18.2.0"	"play-services-tasks-18.2.0.pom"	"952"	"6b99c48a895d155e58abcee66cc22146db83abd5d84caf6c8f7a2aea9b1bcd21"	"MATCH"	"6b99c48a895d155e58abcee66cc22146db83abd5d84caf6c8f7a2aea9b1bcd21"	"https://dl.google.com/dl/android/maven2/com/google/android/gms/play-services-tasks/18.2.0/play-services-tasks-18.2.0.pom.sha256"	""	""	""	""	""	""	""	""	""	""	""	"DECLARED_RELEASE_CONFIGURATION"
"metadata"	"com.google.android.gms"	"strict-version-matcher-plugin"	"1.2.4"	"strict-version-matcher-plugin-1.2.4.module"	"2790"	"5bf4e13eaa96fa8f1e5b1c46e9ea5dbdd38e45653247b449d63be49f567792ac"	"MATCH"	"5bf4e13eaa96fa8f1e5b1c46e9ea5dbdd38e45653247b449d63be49f567792ac"	"https://dl.google.com/dl/android/maven2/com/google/android/gms/strict-version-matcher-plugin/1.2.4/strict-version-matcher-plugin-1.2.4.module.sha256"	""	""	""	""	""	""	""	""	""	""	""	"DECLARED_RELEASE_CONFIGURATION"
"metadata"	"com.google.android.gms"	"strict-version-matcher-plugin"	"1.2.4"	"strict-version-matcher-plugin-1.2.4.pom"	"1653"	"221cbb4cda6aa91073c3bc62df5a0da605c0fe7179a8b74f095582d1c29c94cc"	"MATCH"	"221cbb4cda6aa91073c3bc62df5a0da605c0fe7179a8b74f095582d1c29c94cc"	"https://dl.google.com/dl/android/maven2/com/google/android/gms/strict-version-matcher-plugin/1.2.4/strict-version-matcher-plugin-1.2.4.pom.sha256"	""	""	""	""	""	""	""	""	""	""	""	"DECLARED_RELEASE_CONFIGURATION"
"metadata"	"com.google.android.material"	"material"	"1.13.0"	"material-1.13.0.module"	"8425"	"4c13d5e94f4ab4fa7c35acc5241182bf25985994583cd4d62b5fabbef7bc2772"	"MATCH"	"4c13d5e94f4ab4fa7c35acc5241182bf25985994583cd4d62b5fabbef7bc2772"	"https://dl.google.com/dl/android/maven2/com/google/android/material/material/1.13.0/material-1.13.0.module.sha256"	""	""	""	""	""	""	""	""	""	""	""	"DECLARED_RELEASE_CONFIGURATION"
"metadata"	"com.google.android.material"	"material"	"1.13.0"	"material-1.13.0.pom"	"5660"	"9c1f3c4600295cc5d7f6d6886aea16d497f13f9af4675442ad271e7c2febf772"	"MATCH"	"9c1f3c4600295cc5d7f6d6886aea16d497f13f9af4675442ad271e7c2febf772"	"https://dl.google.com/dl/android/maven2/com/google/android/material/material/1.13.0/material-1.13.0.pom.sha256"	""	""	""	""	""	""	""	""	""	""	""	"DECLARED_RELEASE_CONFIGURATION"
"metadata"	"com.google.api.grpc"	"proto-google-common-protos"	"2.48.0"	"proto-google-common-protos-2.48.0.pom"	"2651"	"45eb927b22685fc11bfab69ce6ad3b439f72d816a3a7de46bd23f4ed19bf89c3"	"NO_MATCHING_SIDECAR"	""	""	"https://repo.maven.apache.org/maven2/com/google/api/grpc/proto-google-common-protos/2.48.0/proto-google-common-protos-2.48.0.pom.sha256 HTTP_404; https://dl.google.com/dl/android/maven2/com/google/api/grpc/proto-google-common-protos/2.48.0/proto-google-common-protos-2.48.0.pom.sha256 HTTP_404"	""	""	""	""	""	""	""	""	""	""	"DECLARED_RELEASE_CONFIGURATION"
"metadata"	"com.google.auto"	"auto-common"	"0.11"	"auto-common-0.11.pom"	"4414"	"dee67bf309da1e0a241430de26bb7e762eff90de0826ff1c705d88208f5e1903"	"NO_MATCHING_SIDECAR"	""	""	"https://repo.maven.apache.org/maven2/com/google/auto/auto-common/0.11/auto-common-0.11.pom.sha256 HTTP_404; https://dl.google.com/dl/android/maven2/com/google/auto/auto-common/0.11/auto-common-0.11.pom.sha256 HTTP_404"	""	""	""	""	""	""	""	""	""	""	"DECLARED_RELEASE_CONFIGURATION"
"metadata"	"com.google.auto.value"	"auto-value-annotations"	"1.6.2"	"auto-value-annotations-1.6.2.pom"	"2505"	"1c76cd462fc96e7aa96dc70ce82f0d54063d6df16db35c9c7d9cc0d1a99d3fff"	"NO_MATCHING_SIDECAR"	""	""	"https://repo.maven.apache.org/maven2/com/google/auto/value/auto-value-annotations/1.6.2/auto-value-annotations-1.6.2.pom.sha256 HTTP_404; https://dl.google.com/dl/android/maven2/com/google/auto/value/auto-value-annotations/1.6.2/auto-value-annotations-1.6.2.pom.sha256 HTTP_404"	""	""	""	""	""	""	""	""	""	""	"DECLARED_RELEASE_CONFIGURATION"
"metadata"	"com.google.auto.value"	"auto-value-annotations"	"1.6.3"	"auto-value-annotations-1.6.3.pom"	"2574"	"e1fc780f7ee025e662b3da72723dbe2ac8dac0a2f8920f265315c4e1be3d765c"	"NO_MATCHING_SIDECAR"	""	""	"https://repo.maven.apache.org/maven2/com/google/auto/value/auto-value-annotations/1.6.3/auto-value-annotations-1.6.3.pom.sha256 HTTP_404; https://dl.google.com/dl/android/maven2/com/google/auto/value/auto-value-annotations/1.6.3/auto-value-annotations-1.6.3.pom.sha256 HTTP_404"	""	""	""	""	""	""	""	""	""	""	"DECLARED_RELEASE_CONFIGURATION"
"metadata"	"com.google.code.findbugs"	"jsr305"	"3.0.2"	"jsr305-3.0.2.pom"	"4286"	"19889dbdf1b254b2601a5ee645b8147a974644882297684c798afe5d63d78dfe"	"NO_MATCHING_SIDECAR"	""	""	"https://repo.maven.apache.org/maven2/com/google/code/findbugs/jsr305/3.0.2/jsr305-3.0.2.pom.sha256 HTTP_404; https://dl.google.com/dl/android/maven2/com/google/code/findbugs/jsr305/3.0.2/jsr305-3.0.2.pom.sha256 HTTP_404"	""	""	""	""	""	""	""	""	""	""	"DECLARED_RELEASE_CONFIGURATION"
"metadata"	"com.google.code.gson"	"gson"	"2.10.1"	"gson-2.10.1.pom"	"9365"	"d2b115634f5c085db4b9c9ffc2658e89e231fdbfbe2242121a1cd95d4d948dd7"	"NO_MATCHING_SIDECAR"	""	""	"https://repo.maven.apache.org/maven2/com/google/code/gson/gson/2.10.1/gson-2.10.1.pom.sha256 HTTP_404; https://dl.google.com/dl/android/maven2/com/google/code/gson/gson/2.10.1/gson-2.10.1.pom.sha256 HTTP_404"	""	""	""	""	""	""	""	""	""	""	"DECLARED_RELEASE_CONFIGURATION"
"metadata"	"com.google.code.gson"	"gson"	"2.11.0"	"gson-2.11.0.pom"	"11821"	"c0e547bea998888e6e25c5886a90e762272bc88b5275343dd2c05ded6ca2e360"	"NO_MATCHING_SIDECAR"	""	""	"https://repo.maven.apache.org/maven2/com/google/code/gson/gson/2.11.0/gson-2.11.0.pom.sha256 HTTP_404; https://dl.google.com/dl/android/maven2/com/google/code/gson/gson/2.11.0/gson-2.11.0.pom.sha256 HTTP_404"	""	""	""	""	""	""	""	""	""	""	"DECLARED_RELEASE_CONFIGURATION"
"metadata"	"com.google.code.gson"	"gson"	"2.13.2"	"gson-2.13.2.pom"	"13490"	"3aa06aa7c0f9af092961a42d09578e4324be146348a0ee6ed47857f7c2677b76"	"MATCH"	"3aa06aa7c0f9af092961a42d09578e4324be146348a0ee6ed47857f7c2677b76"	"https://repo.maven.apache.org/maven2/com/google/code/gson/gson/2.13.2/gson-2.13.2.pom.sha256"	""	""	""	""	""	""	""	""	""	""	""	"DECLARED_RELEASE_CONFIGURATION"
"metadata"	"com.google.code.gson"	"gson"	"2.9.0"	"gson-2.9.0.pom"	"8065"	"7190d0b07f278e9f4c603f44e543940f81cf1a2559f851c6f298c9bb2be2978c"	"NO_MATCHING_SIDECAR"	""	""	"https://repo.maven.apache.org/maven2/com/google/code/gson/gson/2.9.0/gson-2.9.0.pom.sha256 HTTP_404; https://dl.google.com/dl/android/maven2/com/google/code/gson/gson/2.9.0/gson-2.9.0.pom.sha256 HTTP_404"	""	""	""	""	""	""	""	""	""	""	"DECLARED_RELEASE_CONFIGURATION"
"metadata"	"com.google.crypto.tink"	"tink"	"1.7.0"	"tink-1.7.0.pom"	"3336"	"2aee3523715f8f2cd10b2603c8d19e561ac758310b7e2c9853946d2c5e7b4bf7"	"NO_MATCHING_SIDECAR"	""	""	"https://repo.maven.apache.org/maven2/com/google/crypto/tink/tink/1.7.0/tink-1.7.0.pom.sha256 HTTP_404; https://dl.google.com/dl/android/maven2/com/google/crypto/tink/tink/1.7.0/tink-1.7.0.pom.sha256 HTTP_404"	""	""	""	""	""	""	""	""	""	""	"DECLARED_RELEASE_CONFIGURATION"
"metadata"	"com.google.dagger"	"dagger"	"2.28.3"	"dagger-2.28.3.pom"	"2320"	"265ba959a8e13c3a06133f04b539169c1018daffd4d33f53c453ab4cb386f570"	"NO_MATCHING_SIDECAR"	""	""	"https://repo.maven.apache.org/maven2/com/google/dagger/dagger/2.28.3/dagger-2.28.3.pom.sha256 HTTP_404; https://dl.google.com/dl/android/maven2/com/google/dagger/dagger/2.28.3/dagger-2.28.3.pom.sha256 HTTP_404"	""	""	""	""	""	""	""	""	""	""	"DECLARED_RELEASE_CONFIGURATION"
"metadata"	"com.google.devtools.ksp"	"com.google.devtools.ksp.gradle.plugin"	"2.1.0-1.0.29"	"com.google.devtools.ksp.gradle.plugin-2.1.0-1.0.29.pom"	"1334"	"054d154158279087960a76d2c03c54ce9206a32c644756d001c1d4489695cc27"	"MATCH"	"054d154158279087960a76d2c03c54ce9206a32c644756d001c1d4489695cc27"	"https://repo.maven.apache.org/maven2/com/google/devtools/ksp/com.google.devtools.ksp.gradle.plugin/2.1.0-1.0.29/com.google.devtools.ksp.gradle.plugin-2.1.0-1.0.29.pom.sha256"	""	""	""	""	""	""	""	""	""	""	""	"LINT_RELEASE_TASK_TIME_OBSERVED_CACHE"
"metadata"	"com.google.devtools.ksp"	"symbol-processing"	"2.1.0-1.0.29"	"symbol-processing-2.1.0-1.0.29.pom"	"1675"	"50d0a8f7c267afeccc6ac40080a34f151b788b91450302ad2c370038f30ef686"	"MATCH"	"50d0a8f7c267afeccc6ac40080a34f151b788b91450302ad2c370038f30ef686"	"https://repo.maven.apache.org/maven2/com/google/devtools/ksp/symbol-processing/2.1.0-1.0.29/symbol-processing-2.1.0-1.0.29.pom.sha256"	""	""	""	""	""	""	""	""	""	""	""	"DECLARED_RELEASE_CONFIGURATION"
"metadata"	"com.google.devtools.ksp"	"symbol-processing-api"	"1.9.0-1.0.13"	"symbol-processing-api-1.9.0-1.0.13.module"	"2601"	"7bf557c8c69d638cd03eee46df4e0e2a9c6b26851383fa581c541dfd2eabfe1a"	"MATCH"	"7bf557c8c69d638cd03eee46df4e0e2a9c6b26851383fa581c541dfd2eabfe1a"	"https://repo.maven.apache.org/maven2/com/google/devtools/ksp/symbol-processing-api/1.9.0-1.0.13/symbol-processing-api-1.9.0-1.0.13.module.sha256"	""	""	""	""	""	""	""	""	""	""	""	"DECLARED_RELEASE_CONFIGURATION"
"metadata"	"com.google.devtools.ksp"	"symbol-processing-api"	"1.9.0-1.0.13"	"symbol-processing-api-1.9.0-1.0.13.pom"	"1636"	"94d93967f1109b40d183f004491d56ab0326e079b5f96426716f2373e1af917f"	"MATCH"	"94d93967f1109b40d183f004491d56ab0326e079b5f96426716f2373e1af917f"	"https://repo.maven.apache.org/maven2/com/google/devtools/ksp/symbol-processing-api/1.9.0-1.0.13/symbol-processing-api-1.9.0-1.0.13.pom.sha256"	""	""	""	""	""	""	""	""	""	""	""	"DECLARED_RELEASE_CONFIGURATION"
"metadata"	"com.google.devtools.ksp"	"symbol-processing-api"	"2.1.0-1.0.29"	"symbol-processing-api-2.1.0-1.0.29.module"	"2606"	"a7eec572ac92f0a607a54f6ebced75a7c6df2348175170a12b652417ac6b8960"	"MATCH"	"a7eec572ac92f0a607a54f6ebced75a7c6df2348175170a12b652417ac6b8960"	"https://repo.maven.apache.org/maven2/com/google/devtools/ksp/symbol-processing-api/2.1.0-1.0.29/symbol-processing-api-2.1.0-1.0.29.module.sha256"	""	""	""	""	""	""	""	""	""	""	""	"DECLARED_RELEASE_CONFIGURATION"
"metadata"	"com.google.devtools.ksp"	"symbol-processing-api"	"2.1.0-1.0.29"	"symbol-processing-api-2.1.0-1.0.29.pom"	"1637"	"e173fd85f84e01e4c9fdb015376dd10b0608a1c4fc0798b87dfe2c914cdc4c13"	"MATCH"	"e173fd85f84e01e4c9fdb015376dd10b0608a1c4fc0798b87dfe2c914cdc4c13"	"https://repo.maven.apache.org/maven2/com/google/devtools/ksp/symbol-processing-api/2.1.0-1.0.29/symbol-processing-api-2.1.0-1.0.29.pom.sha256"	""	""	""	""	""	""	""	""	""	""	""	"DECLARED_RELEASE_CONFIGURATION"
"metadata"	"com.google.devtools.ksp"	"symbol-processing-cmdline"	"2.1.0-1.0.29"	"symbol-processing-cmdline-2.1.0-1.0.29.pom"	"1705"	"261fd00d9ecba3cd22e59ce01ee748faffb91dac0dbe4f9889f43c61f2cd8a94"	"MATCH"	"261fd00d9ecba3cd22e59ce01ee748faffb91dac0dbe4f9889f43c61f2cd8a94"	"https://repo.maven.apache.org/maven2/com/google/devtools/ksp/symbol-processing-cmdline/2.1.0-1.0.29/symbol-processing-cmdline-2.1.0-1.0.29.pom.sha256"	""	""	""	""	""	""	""	""	""	""	""	"DECLARED_RELEASE_CONFIGURATION"
"metadata"	"com.google.devtools.ksp"	"symbol-processing-common-deps"	"2.1.0-1.0.29"	"symbol-processing-common-deps-2.1.0-1.0.29.module"	"2646"	"6740a5ef6fc6be1eea859bcc13efe97565b509b7d5677bb76404d28b2755af30"	"MATCH"	"6740a5ef6fc6be1eea859bcc13efe97565b509b7d5677bb76404d28b2755af30"	"https://repo.maven.apache.org/maven2/com/google/devtools/ksp/symbol-processing-common-deps/2.1.0-1.0.29/symbol-processing-common-deps-2.1.0-1.0.29.module.sha256"	""	""	""	""	""	""	""	""	""	""	""	"DECLARED_RELEASE_CONFIGURATION"
"metadata"	"com.google.devtools.ksp"	"symbol-processing-common-deps"	"2.1.0-1.0.29"	"symbol-processing-common-deps-2.1.0-1.0.29.pom"	"1662"	"573961a472fdbb21a5708d0bcf96169c2ebe7791d1e4bdb6d2a65c734dc3cdc4"	"MATCH"	"573961a472fdbb21a5708d0bcf96169c2ebe7791d1e4bdb6d2a65c734dc3cdc4"	"https://repo.maven.apache.org/maven2/com/google/devtools/ksp/symbol-processing-common-deps/2.1.0-1.0.29/symbol-processing-common-deps-2.1.0-1.0.29.pom.sha256"	""	""	""	""	""	""	""	""	""	""	""	"DECLARED_RELEASE_CONFIGURATION"
"metadata"	"com.google.devtools.ksp"	"symbol-processing-gradle-plugin"	"2.1.0-1.0.29"	"symbol-processing-gradle-plugin-2.1.0-1.0.29.module"	"2666"	"f46fa4335a8f7ac3c351d8e28f93cd2253071378b81bade36bba113425ff3f47"	"MATCH"	"f46fa4335a8f7ac3c351d8e28f93cd2253071378b81bade36bba113425ff3f47"	"https://repo.maven.apache.org/maven2/com/google/devtools/ksp/symbol-processing-gradle-plugin/2.1.0-1.0.29/symbol-processing-gradle-plugin-2.1.0-1.0.29.module.sha256"	""	""	""	""	""	""	""	""	""	""	""	"DECLARED_RELEASE_CONFIGURATION"
"metadata"	"com.google.devtools.ksp"	"symbol-processing-gradle-plugin"	"2.1.0-1.0.29"	"symbol-processing-gradle-plugin-2.1.0-1.0.29.pom"	"1881"	"78ec625ab077244e2c5d4829f5574e5c60177a9948313924f4d56351814db1e7"	"MATCH"	"78ec625ab077244e2c5d4829f5574e5c60177a9948313924f4d56351814db1e7"	"https://repo.maven.apache.org/maven2/com/google/devtools/ksp/symbol-processing-gradle-plugin/2.1.0-1.0.29/symbol-processing-gradle-plugin-2.1.0-1.0.29.pom.sha256"	""	""	""	""	""	""	""	""	""	""	""	"DECLARED_RELEASE_CONFIGURATION"
"metadata"	"com.google.errorprone"	"error_prone_annotations"	"2.11.0"	"error_prone_annotations-2.11.0.pom"	"2163"	"0261ca01f2d2e9ac2ae2ece75d42c56323b385fb294b6bc943f62ef4e92ddf08"	"NO_MATCHING_SIDECAR"	""	""	"https://repo.maven.apache.org/maven2/com/google/errorprone/error_prone_annotations/2.11.0/error_prone_annotations-2.11.0.pom.sha256 HTTP_404; https://dl.google.com/dl/android/maven2/com/google/errorprone/error_prone_annotations/2.11.0/error_prone_annotations-2.11.0.pom.sha256 HTTP_404"	""	""	""	""	""	""	""	""	""	""	"DECLARED_RELEASE_CONFIGURATION"
"metadata"	"com.google.errorprone"	"error_prone_annotations"	"2.15.0"	"error_prone_annotations-2.15.0.pom"	"2163"	"7bae617e32681ebbb289c203c905f646c2a0397598af786d961a54aaa3d2b1e6"	"NO_MATCHING_SIDECAR"	""	""	"https://repo.maven.apache.org/maven2/com/google/errorprone/error_prone_annotations/2.15.0/error_prone_annotations-2.15.0.pom.sha256 HTTP_404; https://dl.google.com/dl/android/maven2/com/google/errorprone/error_prone_annotations/2.15.0/error_prone_annotations-2.15.0.pom.sha256 HTTP_404"	""	""	""	""	""	""	""	""	""	""	"DECLARED_RELEASE_CONFIGURATION"
"metadata"	"com.google.errorprone"	"error_prone_annotations"	"2.28.0"	"error_prone_annotations-2.28.0.pom"	"4252"	"0ce909f13a568148476e5ee200f380f98c75ba08971aaf15db295eb77598ef3a"	"NO_MATCHING_SIDECAR"	""	""	"https://repo.maven.apache.org/maven2/com/google/errorprone/error_prone_annotations/2.28.0/error_prone_annotations-2.28.0.pom.sha256 HTTP_404; https://dl.google.com/dl/android/maven2/com/google/errorprone/error_prone_annotations/2.28.0/error_prone_annotations-2.28.0.pom.sha256 HTTP_404"	""	""	""	""	""	""	""	""	""	""	"LINT_RELEASE_TASK_TIME_OBSERVED_CACHE"
"metadata"	"com.google.errorprone"	"error_prone_annotations"	"2.30.0"	"error_prone_annotations-2.30.0.pom"	"4252"	"f713849c23b34953e854565dce8aa795cae0c1416611b720c21461322c795f86"	"NO_MATCHING_SIDECAR"	""	""	"https://repo.maven.apache.org/maven2/com/google/errorprone/error_prone_annotations/2.30.0/error_prone_annotations-2.30.0.pom.sha256 HTTP_404; https://dl.google.com/dl/android/maven2/com/google/errorprone/error_prone_annotations/2.30.0/error_prone_annotations-2.30.0.pom.sha256 HTTP_404"	""	""	""	""	""	""	""	""	""	""	"DECLARED_RELEASE_CONFIGURATION"
"metadata"	"com.google.errorprone"	"error_prone_annotations"	"2.41.0"	"error_prone_annotations-2.41.0.pom"	"4252"	"a151df1e2e0b48618d8b06a180748a29b3abb39b1b2396f6a1c879a727488c6e"	"MATCH"	"a151df1e2e0b48618d8b06a180748a29b3abb39b1b2396f6a1c879a727488c6e"	"https://repo.maven.apache.org/maven2/com/google/errorprone/error_prone_annotations/2.41.0/error_prone_annotations-2.41.0.pom.sha256"	""	""	""	""	""	""	""	""	""	""	""	"DECLARED_RELEASE_CONFIGURATION"
"metadata"	"com.google.flatbuffers"	"flatbuffers-java"	"1.12.0"	"flatbuffers-java-1.12.0.pom"	"4568"	"cb226baf546260770f21e8152a6aa88ba15230d739f750df480f2a668d43e0eb"	"NO_MATCHING_SIDECAR"	""	""	"https://repo.maven.apache.org/maven2/com/google/flatbuffers/flatbuffers-java/1.12.0/flatbuffers-java-1.12.0.pom.sha256 HTTP_404; https://dl.google.com/dl/android/maven2/com/google/flatbuffers/flatbuffers-java/1.12.0/flatbuffers-java-1.12.0.pom.sha256 HTTP_404"	""	""	""	""	""	""	""	""	""	""	"DECLARED_RELEASE_CONFIGURATION"
"metadata"	"com.google.gms"	"google-services"	"4.4.4"	"google-services-4.4.4.module"	"4477"	"35eb3f788d6a079134bdaf315d514fd0852b6d360c31b8216b6dd98067b741ed"	"MATCH"	"35eb3f788d6a079134bdaf315d514fd0852b6d360c31b8216b6dd98067b741ed"	"https://dl.google.com/dl/android/maven2/com/google/gms/google-services/4.4.4/google-services-4.4.4.module.sha256"	""	""	""	""	""	""	""	""	""	""	""	"DECLARED_RELEASE_CONFIGURATION"
"metadata"	"com.google.gms"	"google-services"	"4.4.4"	"google-services-4.4.4.pom"	"1535"	"2d83f74b5f51f488a5545313b1b76e25d3610fceb04b10f3b91825d6ddc95bfd"	"MATCH"	"2d83f74b5f51f488a5545313b1b76e25d3610fceb04b10f3b91825d6ddc95bfd"	"https://dl.google.com/dl/android/maven2/com/google/gms/google-services/4.4.4/google-services-4.4.4.pom.sha256"	""	""	""	""	""	""	""	""	""	""	""	"DECLARED_RELEASE_CONFIGURATION"
"metadata"	"com.google.guava"	"failureaccess"	"1.0.1"	"failureaccess-1.0.1.pom"	"2413"	"e96042ce78fecba0da2be964522947c87b40a291b5fd3cd672a434924103c4b9"	"NO_MATCHING_SIDECAR"	""	""	"https://repo.maven.apache.org/maven2/com/google/guava/failureaccess/1.0.1/failureaccess-1.0.1.pom.sha256 HTTP_404; https://dl.google.com/dl/android/maven2/com/google/guava/failureaccess/1.0.1/failureaccess-1.0.1.pom.sha256 HTTP_404"	""	""	""	""	""	""	""	""	""	""	"DECLARED_RELEASE_CONFIGURATION"
"metadata"	"com.google.guava"	"failureaccess"	"1.0.2"	"failureaccess-1.0.2.pom"	"3339"	"19ebc6f4bdb4edbb3d07b6ee994f846b54ef295582a9b5634719ffa9f31d03b2"	"NO_MATCHING_SIDECAR"	""	""	"https://repo.maven.apache.org/maven2/com/google/guava/failureaccess/1.0.2/failureaccess-1.0.2.pom.sha256 HTTP_404; https://dl.google.com/dl/android/maven2/com/google/guava/failureaccess/1.0.2/failureaccess-1.0.2.pom.sha256 HTTP_404"	""	""	""	""	""	""	""	""	""	""	"DECLARED_RELEASE_CONFIGURATION"
"metadata"	"com.google.guava"	"guava"	"31.1-jre"	"guava-31.1-jre.pom"	"10981"	"9193d07bf4f660108d7358e58b27d21b44e34e80d6734e98e21916376f270de2"	"NO_MATCHING_SIDECAR"	""	""	"https://repo.maven.apache.org/maven2/com/google/guava/guava/31.1-jre/guava-31.1-jre.pom.sha256 HTTP_404; https://dl.google.com/dl/android/maven2/com/google/guava/guava/31.1-jre/guava-31.1-jre.pom.sha256 HTTP_404"	""	""	""	""	""	""	""	""	""	""	"DECLARED_RELEASE_CONFIGURATION"
"metadata"	"com.google.guava"	"guava"	"33.3.1-android"	"guava-33.3.1-android.module"	"7867"	"6971614ddeee003e54d2b69c6b0c94ce8a5b5eba980d16455c81df9089a7acb7"	"NO_MATCHING_SIDECAR"	""	""	"https://repo.maven.apache.org/maven2/com/google/guava/guava/33.3.1-android/guava-33.3.1-android.module.sha256 HTTP_404; https://dl.google.com/dl/android/maven2/com/google/guava/guava/33.3.1-android/guava-33.3.1-android.module.sha256 HTTP_404"	""	""	""	""	""	""	""	""	""	""	"DECLARED_RELEASE_CONFIGURATION"
"metadata"	"com.google.guava"	"guava"	"33.3.1-android"	"guava-33.3.1-android.pom"	"9321"	"c728db6f2705ca3ea6a3cf2cf1260dbeff3a4524249a1b1b900edcfe9d72142f"	"NO_MATCHING_SIDECAR"	""	""	"https://repo.maven.apache.org/maven2/com/google/guava/guava/33.3.1-android/guava-33.3.1-android.pom.sha256 HTTP_404; https://dl.google.com/dl/android/maven2/com/google/guava/guava/33.3.1-android/guava-33.3.1-android.pom.sha256 HTTP_404"	""	""	""	""	""	""	""	""	""	""	"DECLARED_RELEASE_CONFIGURATION"
"metadata"	"com.google.guava"	"guava"	"33.3.1-jre"	"guava-33.3.1-jre.module"	"7839"	"41858c84753fd96a6b7c51122fccef39558c91cc08264e08506bcf20e0e63733"	"NO_MATCHING_SIDECAR"	""	""	"https://repo.maven.apache.org/maven2/com/google/guava/guava/33.3.1-jre/guava-33.3.1-jre.module.sha256 HTTP_404; https://dl.google.com/dl/android/maven2/com/google/guava/guava/33.3.1-jre/guava-33.3.1-jre.module.sha256 HTTP_404"	""	""	""	""	""	""	""	""	""	""	"DECLARED_RELEASE_CONFIGURATION"
"metadata"	"com.google.guava"	"guava"	"33.3.1-jre"	"guava-33.3.1-jre.pom"	"9304"	"313b67fc13eb3b0634eda715a1229971f5de9b8188bc280762815b83a275f193"	"NO_MATCHING_SIDECAR"	""	""	"https://repo.maven.apache.org/maven2/com/google/guava/guava/33.3.1-jre/guava-33.3.1-jre.pom.sha256 HTTP_404; https://dl.google.com/dl/android/maven2/com/google/guava/guava/33.3.1-jre/guava-33.3.1-jre.pom.sha256 HTTP_404"	""	""	""	""	""	""	""	""	""	""	"DECLARED_RELEASE_CONFIGURATION"
"metadata"	"com.google.guava"	"listenablefuture"	"1.0"	"listenablefuture-1.0.pom"	"2226"	"53873caf26bc1ed8a567ea6c939ab2aaa3f47a5e32d5cade95ddf5080d23238a"	"NO_MATCHING_SIDECAR"	""	""	"https://repo.maven.apache.org/maven2/com/google/guava/listenablefuture/1.0/listenablefuture-1.0.pom.sha256 HTTP_404; https://dl.google.com/dl/android/maven2/com/google/guava/listenablefuture/1.0/listenablefuture-1.0.pom.sha256 HTTP_404"	""	""	""	""	""	""	""	""	""	""	"DECLARED_RELEASE_CONFIGURATION"
"metadata"	"com.google.guava"	"listenablefuture"	"9999.0-empty-to-avoid-conflict-with-guava"	"listenablefuture-9999.0-empty-to-avoid-conflict-with-guava.pom"	"2278"	"18d4b1db26153d4e55079ce1f76bb1fe05cdb862ef9954a88cbcc4ff38b8679b"	"NO_MATCHING_SIDECAR"	""	""	"https://repo.maven.apache.org/maven2/com/google/guava/listenablefuture/9999.0-empty-to-avoid-conflict-with-guava/listenablefuture-9999.0-empty-to-avoid-conflict-with-guava.pom.sha256 HTTP_404; https://dl.google.com/dl/android/maven2/com/google/guava/listenablefuture/9999.0-empty-to-avoid-conflict-with-guava/listenablefuture-9999.0-empty-to-avoid-conflict-with-guava.pom.sha256 HTTP_404"	""	""	""	""	""	""	""	""	""	""	"DECLARED_RELEASE_CONFIGURATION"
"metadata"	"com.google.j2objc"	"j2objc-annotations"	"1.3"	"j2objc-annotations-1.3.pom"	"2762"	"5faca824ba115bee458730337dfdb2fcea46ba2fd774d4304edbf30fa6a3f055"	"NO_MATCHING_SIDECAR"	""	""	"https://repo.maven.apache.org/maven2/com/google/j2objc/j2objc-annotations/1.3/j2objc-annotations-1.3.pom.sha256 HTTP_404; https://dl.google.com/dl/android/maven2/com/google/j2objc/j2objc-annotations/1.3/j2objc-annotations-1.3.pom.sha256 HTTP_404"	""	""	""	""	""	""	""	""	""	""	"DECLARED_RELEASE_CONFIGURATION"
"metadata"	"com.google.j2objc"	"j2objc-annotations"	"3.0.0"	"j2objc-annotations-3.0.0.pom"	"5057"	"23b3d039e168ad89dd114698e6dd7be383f4a2c577b8877d82c73a6515e74a17"	"NO_MATCHING_SIDECAR"	""	""	"https://repo.maven.apache.org/maven2/com/google/j2objc/j2objc-annotations/3.0.0/j2objc-annotations-3.0.0.pom.sha256 HTTP_404; https://dl.google.com/dl/android/maven2/com/google/j2objc/j2objc-annotations/3.0.0/j2objc-annotations-3.0.0.pom.sha256 HTTP_404"	""	""	""	""	""	""	""	""	""	""	"DECLARED_RELEASE_CONFIGURATION"
"metadata"	"com.google.jimfs"	"jimfs"	"1.1"	"jimfs-1.1.pom"	"4147"	"efa86e5cd922f17b472fdfcae57234d8d4ac3e148b6250737dfce454af7a7a44"	"NO_MATCHING_SIDECAR"	""	""	"https://repo.maven.apache.org/maven2/com/google/jimfs/jimfs/1.1/jimfs-1.1.pom.sha256 HTTP_404; https://dl.google.com/dl/android/maven2/com/google/jimfs/jimfs/1.1/jimfs-1.1.pom.sha256 HTTP_404"	""	""	""	""	""	""	""	""	""	""	"DECLARED_RELEASE_CONFIGURATION"
"metadata"	"com.google.protobuf"	"protobuf-java"	"3.25.5"	"protobuf-java-3.25.5.pom"	"1554"	"e752032157a7a39be9be3786684075452a46cd586b2865abd33e707568a4c8af"	"NO_MATCHING_SIDECAR"	""	""	"https://repo.maven.apache.org/maven2/com/google/protobuf/protobuf-java/3.25.5/protobuf-java-3.25.5.pom.sha256 HTTP_404; https://dl.google.com/dl/android/maven2/com/google/protobuf/protobuf-java/3.25.5/protobuf-java-3.25.5.pom.sha256 HTTP_404"	""	""	""	""	""	""	""	""	""	""	"DECLARED_RELEASE_CONFIGURATION"
"metadata"	"com.google.protobuf"	"protobuf-java-util"	"3.25.5"	"protobuf-java-util-3.25.5.pom"	"2456"	"a09d190eaa6a79616bc5f4b5404e94b0cab559803a98c8a090c4099962f41f92"	"NO_MATCHING_SIDECAR"	""	""	"https://repo.maven.apache.org/maven2/com/google/protobuf/protobuf-java-util/3.25.5/protobuf-java-util-3.25.5.pom.sha256 HTTP_404; https://dl.google.com/dl/android/maven2/com/google/protobuf/protobuf-java-util/3.25.5/protobuf-java-util-3.25.5.pom.sha256 HTTP_404"	""	""	""	""	""	""	""	""	""	""	"DECLARED_RELEASE_CONFIGURATION"
"metadata"	"com.google.testing.platform"	"core-proto"	"0.0.9-alpha03"	"core-proto-0.0.9-alpha03.pom"	"1246"	"3bb45280df1dd1c96b9a01724a614566b7d60d33453fcd52c2c741f9999c3a4e"	"MATCH"	"3bb45280df1dd1c96b9a01724a614566b7d60d33453fcd52c2c741f9999c3a4e"	"https://dl.google.com/dl/android/maven2/com/google/testing/platform/core-proto/0.0.9-alpha03/core-proto-0.0.9-alpha03.pom.sha256"	"https://repo.maven.apache.org/maven2/com/google/testing/platform/core-proto/0.0.9-alpha03/core-proto-0.0.9-alpha03.pom.sha256 HTTP_404"	""	""	""	""	""	""	""	""	""	""	"DECLARED_RELEASE_CONFIGURATION"
"metadata"	"com.googlecode.juniversalchardet"	"juniversalchardet"	"1.0.3"	"juniversalchardet-1.0.3.pom"	"1463"	"7846399b35c7cd642a9b3a000c3e2d62d04eb37a4547b6933cc8b18bcc2f086b"	"NO_MATCHING_SIDECAR"	""	""	"https://repo.maven.apache.org/maven2/com/googlecode/juniversalchardet/juniversalchardet/1.0.3/juniversalchardet-1.0.3.pom.sha256 HTTP_404; https://dl.google.com/dl/android/maven2/com/googlecode/juniversalchardet/juniversalchardet/1.0.3/juniversalchardet-1.0.3.pom.sha256 HTTP_404"	""	""	""	""	""	""	""	""	""	""	"DECLARED_RELEASE_CONFIGURATION"
"metadata"	"com.intellij"	"annotations"	"12.0"	"annotations-12.0.pom"	"1571"	"faf82de0dc02e0c0ae327cd653f37255496b2e53fce280b3ab4cb34553a89086"	"NO_MATCHING_SIDECAR"	""	""	"https://repo.maven.apache.org/maven2/com/intellij/annotations/12.0/annotations-12.0.pom.sha256 HTTP_404; https://dl.google.com/dl/android/maven2/com/intellij/annotations/12.0/annotations-12.0.pom.sha256 HTTP_404"	""	""	""	""	""	""	""	""	""	""	"DECLARED_RELEASE_CONFIGURATION"
"metadata"	"com.squareup"	"javapoet"	"1.10.0"	"javapoet-1.10.0.pom"	"4848"	"1690340a222279f2cbadf373e88826fa20f7f3cc3ec0252f36818fed32701ab1"	"NO_MATCHING_SIDECAR"	""	""	"https://repo.maven.apache.org/maven2/com/squareup/javapoet/1.10.0/javapoet-1.10.0.pom.sha256 HTTP_404; https://dl.google.com/dl/android/maven2/com/squareup/javapoet/1.10.0/javapoet-1.10.0.pom.sha256 HTTP_404"	""	""	""	""	""	""	""	""	""	""	"DECLARED_RELEASE_CONFIGURATION"
"metadata"	"com.squareup"	"javapoet"	"1.13.0"	"javapoet-1.13.0.pom"	"4849"	"54a34fa8502a46bc90efdb49262600591fa80bf9a34f5a4c798311aec16ca977"	"NO_MATCHING_SIDECAR"	""	""	"https://repo.maven.apache.org/maven2/com/squareup/javapoet/1.13.0/javapoet-1.13.0.pom.sha256 HTTP_404; https://dl.google.com/dl/android/maven2/com/squareup/javapoet/1.13.0/javapoet-1.13.0.pom.sha256 HTTP_404"	""	""	""	""	""	""	""	""	""	""	"DECLARED_RELEASE_CONFIGURATION"
"metadata"	"com.squareup"	"javawriter"	"2.5.0"	"javawriter-2.5.0.pom"	"2881"	"e1abd7f1116cf5e0c59947693e2189208ec94296b2a3394c959e3511d399a7b0"	"NO_MATCHING_SIDECAR"	""	""	"https://repo.maven.apache.org/maven2/com/squareup/javawriter/2.5.0/javawriter-2.5.0.pom.sha256 HTTP_404; https://dl.google.com/dl/android/maven2/com/squareup/javawriter/2.5.0/javawriter-2.5.0.pom.sha256 HTTP_404"	""	""	""	""	""	""	""	""	""	""	"DECLARED_RELEASE_CONFIGURATION"
"metadata"	"com.squareup"	"kotlinpoet"	"1.14.2"	"kotlinpoet-1.14.2.module"	"2689"	"4eaf793bea0717db41a4b16a53d34fea2ed2c8c78d3625772c979d431a112e59"	"MATCH"	"4eaf793bea0717db41a4b16a53d34fea2ed2c8c78d3625772c979d431a112e59"	"https://repo.maven.apache.org/maven2/com/squareup/kotlinpoet/1.14.2/kotlinpoet-1.14.2.module.sha256"	""	""	""	""	""	""	""	""	""	""	""	"DECLARED_RELEASE_CONFIGURATION"
"metadata"	"com.squareup"	"kotlinpoet"	"1.14.2"	"kotlinpoet-1.14.2.pom"	"1915"	"e578c1775c44ea9701eb076529bc6f7cc076884b4636353334898c840936c707"	"MATCH"	"e578c1775c44ea9701eb076529bc6f7cc076884b4636353334898c840936c707"	"https://repo.maven.apache.org/maven2/com/squareup/kotlinpoet/1.14.2/kotlinpoet-1.14.2.pom.sha256"	""	""	""	""	""	""	""	""	""	""	""	"DECLARED_RELEASE_CONFIGURATION"
"metadata"	"com.squareup"	"kotlinpoet-javapoet"	"1.14.2"	"kotlinpoet-javapoet-1.14.2.module"	"3190"	"013acffeeee7c5b2edc73cd8a393a8d2bddcfde4ccd4b23d32f1de12c3df9372"	"MATCH"	"013acffeeee7c5b2edc73cd8a393a8d2bddcfde4ccd4b23d32f1de12c3df9372"	"https://repo.maven.apache.org/maven2/com/squareup/kotlinpoet-javapoet/1.14.2/kotlinpoet-javapoet-1.14.2.module.sha256"	""	""	""	""	""	""	""	""	""	""	""	"DECLARED_RELEASE_CONFIGURATION"
"metadata"	"com.squareup"	"kotlinpoet-javapoet"	"1.14.2"	"kotlinpoet-javapoet-1.14.2.pom"	"2082"	"807ec27b3033c5b12549cb3e69400c774d8da0625cfd225bf5f0bc297e9455c8"	"MATCH"	"807ec27b3033c5b12549cb3e69400c774d8da0625cfd225bf5f0bc297e9455c8"	"https://repo.maven.apache.org/maven2/com/squareup/kotlinpoet-javapoet/1.14.2/kotlinpoet-javapoet-1.14.2.pom.sha256"	""	""	""	""	""	""	""	""	""	""	""	"DECLARED_RELEASE_CONFIGURATION"
"metadata"	"com.squareup.okhttp3"	"okhttp"	"4.12.0"	"okhttp-4.12.0.module"	"4378"	"607e220ff8215b929d829bbf54f332894f1459b4d795979aeafcbcc1cea54cf3"	"MATCH"	"607e220ff8215b929d829bbf54f332894f1459b4d795979aeafcbcc1cea54cf3"	"https://repo.maven.apache.org/maven2/com/squareup/okhttp3/okhttp/4.12.0/okhttp-4.12.0.module.sha256"	""	""	""	""	""	""	""	""	""	""	""	"DECLARED_RELEASE_CONFIGURATION"
"metadata"	"com.squareup.okhttp3"	"okhttp"	"4.12.0"	"okhttp-4.12.0.pom"	"1816"	"7c737040a9419522e7c50cc027416a70fe7c7629e52b219935ade6b4119c7d38"	"MATCH"	"7c737040a9419522e7c50cc027416a70fe7c7629e52b219935ade6b4119c7d38"	"https://repo.maven.apache.org/maven2/com/squareup/okhttp3/okhttp/4.12.0/okhttp-4.12.0.pom.sha256"	""	""	""	""	""	""	""	""	""	""	""	"DECLARED_RELEASE_CONFIGURATION"
"metadata"	"com.squareup.okio"	"okio"	"3.6.0"	"okio-3.6.0.module"	"33584"	"6a47ac50364e6598459401fb86f9b6cfcdf637b9b3a3045b1cc33cbf4c408218"	"MATCH"	"6a47ac50364e6598459401fb86f9b6cfcdf637b9b3a3045b1cc33cbf4c408218"	"https://repo.maven.apache.org/maven2/com/squareup/okio/okio/3.6.0/okio-3.6.0.module.sha256"	""	""	""	""	""	""	""	""	""	""	""	"LINT_RELEASE_TASK_TIME_OBSERVED_CACHE"
"metadata"	"com.squareup.okio"	"okio"	"3.6.0"	"okio-3.6.0.pom"	"1685"	"aeb3b70a24c103ed0c54541f35f5c511d27ce60cae376a596d7d653697f8cc95"	"MATCH"	"aeb3b70a24c103ed0c54541f35f5c511d27ce60cae376a596d7d653697f8cc95"	"https://repo.maven.apache.org/maven2/com/squareup/okio/okio/3.6.0/okio-3.6.0.pom.sha256"	""	""	""	""	""	""	""	""	""	""	""	"LINT_RELEASE_TASK_TIME_OBSERVED_CACHE"
"metadata"	"com.squareup.okio"	"okio-jvm"	"3.6.0"	"okio-jvm-3.6.0.module"	"3535"	"b1c2199e1c0cc969ef61cbbe4af2ecaf9b06411bdde01cbaf6fc9134dfe04e8a"	"MATCH"	"b1c2199e1c0cc969ef61cbbe4af2ecaf9b06411bdde01cbaf6fc9134dfe04e8a"	"https://repo.maven.apache.org/maven2/com/squareup/okio/okio-jvm/3.6.0/okio-jvm-3.6.0.module.sha256"	""	""	""	""	""	""	""	""	""	""	""	"DECLARED_RELEASE_CONFIGURATION"
"metadata"	"com.squareup.okio"	"okio-jvm"	"3.6.0"	"okio-jvm-3.6.0.pom"	"1897"	"61b4d7c515a0894ffad925fd7052620c1425a86433fd35113b5fab0de890a57f"	"MATCH"	"61b4d7c515a0894ffad925fd7052620c1425a86433fd35113b5fab0de890a57f"	"https://repo.maven.apache.org/maven2/com/squareup/okio/okio-jvm/3.6.0/okio-jvm-3.6.0.pom.sha256"	""	""	""	""	""	""	""	""	""	""	""	"DECLARED_RELEASE_CONFIGURATION"
"metadata"	"com.sun.activation"	"javax.activation"	"1.2.0"	"javax.activation-1.2.0.pom"	"6515"	"f879b6e945854c6900b0dbee1c8384d7ab3de7e157fd7ac84937405c416d2a5e"	"NO_MATCHING_SIDECAR"	""	""	"https://repo.maven.apache.org/maven2/com/sun/activation/javax.activation/1.2.0/javax.activation-1.2.0.pom.sha256 HTTP_404; https://dl.google.com/dl/android/maven2/com/sun/activation/javax.activation/1.2.0/javax.activation-1.2.0.pom.sha256 HTTP_404"	""	""	""	""	""	""	""	""	""	""	"DECLARED_RELEASE_CONFIGURATION"
"metadata"	"com.sun.istack"	"istack-commons-runtime"	"3.0.8"	"istack-commons-runtime-3.0.8.pom"	"3555"	"c2e014d34cb84ed287d064986c45c305a4124228a7337eccf6c421d14d708f1c"	"NO_MATCHING_SIDECAR"	""	""	"https://repo.maven.apache.org/maven2/com/sun/istack/istack-commons-runtime/3.0.8/istack-commons-runtime-3.0.8.pom.sha256 HTTP_404; https://dl.google.com/dl/android/maven2/com/sun/istack/istack-commons-runtime/3.0.8/istack-commons-runtime-3.0.8.pom.sha256 HTTP_404"	""	""	""	""	""	""	""	""	""	""	"DECLARED_RELEASE_CONFIGURATION"
"metadata"	"com.sun.xml.fastinfoset"	"FastInfoset"	"1.2.16"	"FastInfoset-1.2.16.pom"	"5262"	"e147d258ab6e6691f70599a952400e6e6c7558f8c9c028dbe1be23178308e830"	"NO_MATCHING_SIDECAR"	""	""	"https://repo.maven.apache.org/maven2/com/sun/xml/fastinfoset/FastInfoset/1.2.16/FastInfoset-1.2.16.pom.sha256 HTTP_404; https://dl.google.com/dl/android/maven2/com/sun/xml/fastinfoset/FastInfoset/1.2.16/FastInfoset-1.2.16.pom.sha256 HTTP_404"	""	""	""	""	""	""	""	""	""	""	"DECLARED_RELEASE_CONFIGURATION"
"metadata"	"commons-codec"	"commons-codec"	"1.10"	"commons-codec-1.10.pom"	"11609"	"bdb8db7012d112a6e3ea8fdb7c510b300d99eff0819d27dddba9c43397ea4cfb"	"NO_MATCHING_SIDECAR"	""	""	"https://repo.maven.apache.org/maven2/commons-codec/commons-codec/1.10/commons-codec-1.10.pom.sha256 HTTP_404; https://dl.google.com/dl/android/maven2/commons-codec/commons-codec/1.10/commons-codec-1.10.pom.sha256 HTTP_404"	""	""	""	""	""	""	""	""	""	""	"LINT_RELEASE_TASK_TIME_OBSERVED_CACHE"
"metadata"	"commons-codec"	"commons-codec"	"1.11"	"commons-codec-1.11.pom"	"13966"	"c1e7140d1dea8fdf3528bc1e3c5444ac0b541297311f45f9806c213ec3ee9a10"	"NO_MATCHING_SIDECAR"	""	""	"https://repo.maven.apache.org/maven2/commons-codec/commons-codec/1.11/commons-codec-1.11.pom.sha256 HTTP_404; https://dl.google.com/dl/android/maven2/commons-codec/commons-codec/1.11/commons-codec-1.11.pom.sha256 HTTP_404"	""	""	""	""	""	""	""	""	""	""	"DECLARED_RELEASE_CONFIGURATION"
"metadata"	"commons-codec"	"commons-codec"	"1.15"	"commons-codec-1.15.pom"	"15443"	"c86ee198a35a3715487860f419cbf642e7e4d9e8714777947dbe6a4e3a20ab58"	"NO_MATCHING_SIDECAR"	""	""	"https://repo.maven.apache.org/maven2/commons-codec/commons-codec/1.15/commons-codec-1.15.pom.sha256 HTTP_404; https://dl.google.com/dl/android/maven2/commons-codec/commons-codec/1.15/commons-codec-1.15.pom.sha256 HTTP_404"	""	""	""	""	""	""	""	""	""	""	"DECLARED_RELEASE_CONFIGURATION"
"metadata"	"commons-io"	"commons-io"	"2.16.1"	"commons-io-2.16.1.pom"	"19623"	"5777d292251c7895c04a4c57015683ec3b353a12486c9b3e7178e9b0b3c38fff"	"NO_MATCHING_SIDECAR"	""	""	"https://repo.maven.apache.org/maven2/commons-io/commons-io/2.16.1/commons-io-2.16.1.pom.sha256 HTTP_404; https://dl.google.com/dl/android/maven2/commons-io/commons-io/2.16.1/commons-io-2.16.1.pom.sha256 HTTP_404"	""	""	""	""	""	""	""	""	""	""	"DECLARED_RELEASE_CONFIGURATION"
"metadata"	"commons-logging"	"commons-logging"	"1.2"	"commons-logging-1.2.pom"	"19206"	"c91ab5aa570d86f6fd07cc158ec6bc2c50080402972ee9179fe24100739fbb20"	"NO_MATCHING_SIDECAR"	""	""	"https://repo.maven.apache.org/maven2/commons-logging/commons-logging/1.2/commons-logging-1.2.pom.sha256 HTTP_404; https://dl.google.com/dl/android/maven2/commons-logging/commons-logging/1.2/commons-logging-1.2.pom.sha256 HTTP_404"	""	""	""	""	""	""	""	""	""	""	"DECLARED_RELEASE_CONFIGURATION"
"metadata"	"io.grpc"	"grpc-api"	"1.69.1"	"grpc-api-1.69.1.pom"	"1799"	"beaf2e475d5c45d0634d4d324bf84db2a8d6a92922971e6f7dc27e851c42907f"	"MATCH"	"beaf2e475d5c45d0634d4d324bf84db2a8d6a92922971e6f7dc27e851c42907f"	"https://repo.maven.apache.org/maven2/io/grpc/grpc-api/1.69.1/grpc-api-1.69.1.pom.sha256"	""	""	""	""	""	""	""	""	""	""	""	"DECLARED_RELEASE_CONFIGURATION"
"metadata"	"io.grpc"	"grpc-context"	"1.69.1"	"grpc-context-1.69.1.pom"	"1871"	"6de29bceab25a1bd0be11eea8468d0e3f1c0c476d0a533215b4fde1c8284b570"	"MATCH"	"6de29bceab25a1bd0be11eea8468d0e3f1c0c476d0a533215b4fde1c8284b570"	"https://repo.maven.apache.org/maven2/io/grpc/grpc-context/1.69.1/grpc-context-1.69.1.pom.sha256"	""	""	""	""	""	""	""	""	""	""	""	"DECLARED_RELEASE_CONFIGURATION"
"metadata"	"io.grpc"	"grpc-core"	"1.69.1"	"grpc-core-1.69.1.pom"	"2695"	"968098f4a8451bbcd3d7b88c6a8ab5b7a74ef80dfdee7a6052f352fff783b2c5"	"MATCH"	"968098f4a8451bbcd3d7b88c6a8ab5b7a74ef80dfdee7a6052f352fff783b2c5"	"https://repo.maven.apache.org/maven2/io/grpc/grpc-core/1.69.1/grpc-core-1.69.1.pom.sha256"	""	""	""	""	""	""	""	""	""	""	""	"DECLARED_RELEASE_CONFIGURATION"
"metadata"	"io.grpc"	"grpc-inprocess"	"1.69.1"	"grpc-inprocess-1.69.1.pom"	"1775"	"febb30a5cf238237d075a3923e893992183daf171a1eb434acf132114a5f7f8a"	"MATCH"	"febb30a5cf238237d075a3923e893992183daf171a1eb434acf132114a5f7f8a"	"https://repo.maven.apache.org/maven2/io/grpc/grpc-inprocess/1.69.1/grpc-inprocess-1.69.1.pom.sha256"	""	""	""	""	""	""	""	""	""	""	""	"DECLARED_RELEASE_CONFIGURATION"
"metadata"	"io.grpc"	"grpc-netty"	"1.69.1"	"grpc-netty-1.69.1.pom"	"2885"	"8f06650cc91428cc513111bfebbeabf79994185d72444b02e5dfaca38be43714"	"MATCH"	"8f06650cc91428cc513111bfebbeabf79994185d72444b02e5dfaca38be43714"	"https://repo.maven.apache.org/maven2/io/grpc/grpc-netty/1.69.1/grpc-netty-1.69.1.pom.sha256"	""	""	""	""	""	""	""	""	""	""	""	"DECLARED_RELEASE_CONFIGURATION"
"metadata"	"io.grpc"	"grpc-protobuf"	"1.69.1"	"grpc-protobuf-1.69.1.pom"	"2701"	"bf4ca76d2ace44d9694714fbcf3fd729c98ef2e5863ab920a483c052a22f4423"	"MATCH"	"bf4ca76d2ace44d9694714fbcf3fd729c98ef2e5863ab920a483c052a22f4423"	"https://repo.maven.apache.org/maven2/io/grpc/grpc-protobuf/1.69.1/grpc-protobuf-1.69.1.pom.sha256"	""	""	""	""	""	""	""	""	""	""	""	"DECLARED_RELEASE_CONFIGURATION"
"metadata"	"io.grpc"	"grpc-protobuf-lite"	"1.69.1"	"grpc-protobuf-lite-1.69.1.pom"	"1990"	"263f1f844d756c15db5fab8869965e33722b3f4fe907fe1c885a90e046461731"	"MATCH"	"263f1f844d756c15db5fab8869965e33722b3f4fe907fe1c885a90e046461731"	"https://repo.maven.apache.org/maven2/io/grpc/grpc-protobuf-lite/1.69.1/grpc-protobuf-lite-1.69.1.pom.sha256"	""	""	""	""	""	""	""	""	""	""	""	"DECLARED_RELEASE_CONFIGURATION"
"metadata"	"io.grpc"	"grpc-stub"	"1.69.1"	"grpc-stub-1.69.1.pom"	"1788"	"f5ad8157ec40d8a2347632965d6a03d18a48ad4625f32eb64b37a7a470ce53bb"	"MATCH"	"f5ad8157ec40d8a2347632965d6a03d18a48ad4625f32eb64b37a7a470ce53bb"	"https://repo.maven.apache.org/maven2/io/grpc/grpc-stub/1.69.1/grpc-stub-1.69.1.pom.sha256"	""	""	""	""	""	""	""	""	""	""	""	"DECLARED_RELEASE_CONFIGURATION"
"metadata"	"io.grpc"	"grpc-util"	"1.69.1"	"grpc-util-1.69.1.pom"	"1955"	"d20d3468cb74d56be55ed3d46f63ca38ee4bca0918d9aad7277a448f6e07a5b4"	"MATCH"	"d20d3468cb74d56be55ed3d46f63ca38ee4bca0918d9aad7277a448f6e07a5b4"	"https://repo.maven.apache.org/maven2/io/grpc/grpc-util/1.69.1/grpc-util-1.69.1.pom.sha256"	""	""	""	""	""	""	""	""	""	""	""	"DECLARED_RELEASE_CONFIGURATION"
"metadata"	"io.ionic.libs"	"ioncamera-android"	"1.0.2"	"ioncamera-android-1.0.2.module"	"4957"	"bd1b3d7cce6b2cd10cfaadf5bafeb97579a2423e0d1007b6b93be1af8c19a23a"	"MATCH"	"bd1b3d7cce6b2cd10cfaadf5bafeb97579a2423e0d1007b6b93be1af8c19a23a"	"https://repo.maven.apache.org/maven2/io/ionic/libs/ioncamera-android/1.0.2/ioncamera-android-1.0.2.module.sha256"	""	""	""	""	""	""	""	""	""	""	""	"DECLARED_RELEASE_CONFIGURATION"
"metadata"	"io.ionic.libs"	"ioncamera-android"	"1.0.2"	"ioncamera-android-1.0.2.pom"	"3758"	"5c1bc27a7c7442ba6ebdb731f88f2a74ed620d7c9847a357c26389800e63a958"	"MATCH"	"5c1bc27a7c7442ba6ebdb731f88f2a74ed620d7c9847a357c26389800e63a958"	"https://repo.maven.apache.org/maven2/io/ionic/libs/ioncamera-android/1.0.2/ioncamera-android-1.0.2.pom.sha256"	""	""	""	""	""	""	""	""	""	""	""	"DECLARED_RELEASE_CONFIGURATION"
"metadata"	"io.ionic.libs"	"ionfilesystem-android"	"1.1.0"	"ionfilesystem-android-1.1.0.module"	"3000"	"b70a7f3c265169a4c06acedc10065f01e8dfe5bdc697bc2f085e1706f939a57b"	"MATCH"	"b70a7f3c265169a4c06acedc10065f01e8dfe5bdc697bc2f085e1706f939a57b"	"https://repo.maven.apache.org/maven2/io/ionic/libs/ionfilesystem-android/1.1.0/ionfilesystem-android-1.1.0.module.sha256"	""	""	""	""	""	""	""	""	""	""	""	"DECLARED_RELEASE_CONFIGURATION"
"metadata"	"io.ionic.libs"	"ionfilesystem-android"	"1.1.0"	"ionfilesystem-android-1.1.0.pom"	"2510"	"5fc8a9c96e200e19673596aba8c66e7e1bdaa217146a3c04eae75e154b844ecb"	"MATCH"	"5fc8a9c96e200e19673596aba8c66e7e1bdaa217146a3c04eae75e154b844ecb"	"https://repo.maven.apache.org/maven2/io/ionic/libs/ionfilesystem-android/1.1.0/ionfilesystem-android-1.1.0.pom.sha256"	""	""	""	""	""	""	""	""	""	""	""	"DECLARED_RELEASE_CONFIGURATION"
"metadata"	"io.ionic.libs"	"iongeolocation-android"	"2.2.2"	"iongeolocation-android-2.2.2.module"	"3710"	"c784661c566a590dbf8212bd5eea1b5786508871f5aa83803392d98d669a6529"	"MATCH"	"c784661c566a590dbf8212bd5eea1b5786508871f5aa83803392d98d669a6529"	"https://repo.maven.apache.org/maven2/io/ionic/libs/iongeolocation-android/2.2.2/iongeolocation-android-2.2.2.module.sha256"	""	""	""	""	""	""	""	""	""	""	""	"DECLARED_RELEASE_CONFIGURATION"
"metadata"	"io.ionic.libs"	"iongeolocation-android"	"2.2.2"	"iongeolocation-android-2.2.2.pom"	"3303"	"dfc3277142f34455f9064dea1f70db767b1042670ef49fe01a86ce321c6dd6f3"	"MATCH"	"dfc3277142f34455f9064dea1f70db767b1042670ef49fe01a86ce321c6dd6f3"	"https://repo.maven.apache.org/maven2/io/ionic/libs/iongeolocation-android/2.2.2/iongeolocation-android-2.2.2.pom.sha256"	""	""	""	""	""	""	""	""	""	""	""	"DECLARED_RELEASE_CONFIGURATION"
"metadata"	"io.netty"	"netty-buffer"	"4.1.110.Final"	"netty-buffer-4.1.110.Final.pom"	"1581"	"710ac19cc01cd80df6be9a3faad3c222b4a1a32f4b55137be07b6099d5da3562"	"NO_MATCHING_SIDECAR"	""	""	"https://repo.maven.apache.org/maven2/io/netty/netty-buffer/4.1.110.Final/netty-buffer-4.1.110.Final.pom.sha256 HTTP_404; https://dl.google.com/dl/android/maven2/io/netty/netty-buffer/4.1.110.Final/netty-buffer-4.1.110.Final.pom.sha256 HTTP_404"	""	""	""	""	""	""	""	""	""	""	"DECLARED_RELEASE_CONFIGURATION"
"metadata"	"io.netty"	"netty-codec"	"4.1.110.Final"	"netty-codec-4.1.110.Final.pom"	"5473"	"a806bb536bb323665baff7cd1223f2b272a2d4717ab4f9b12361086daae5df3e"	"NO_MATCHING_SIDECAR"	""	""	"https://repo.maven.apache.org/maven2/io/netty/netty-codec/4.1.110.Final/netty-codec-4.1.110.Final.pom.sha256 HTTP_404; https://dl.google.com/dl/android/maven2/io/netty/netty-codec/4.1.110.Final/netty-codec-4.1.110.Final.pom.sha256 HTTP_404"	""	""	""	""	""	""	""	""	""	""	"DECLARED_RELEASE_CONFIGURATION"
"metadata"	"io.netty"	"netty-codec-http"	"4.1.110.Final"	"netty-codec-http-4.1.110.Final.pom"	"4365"	"51ae990af14a321db6d3d6884b917b7d4363eb60dddc0f1493b18021a142e7ad"	"NO_MATCHING_SIDECAR"	""	""	"https://repo.maven.apache.org/maven2/io/netty/netty-codec-http/4.1.110.Final/netty-codec-http-4.1.110.Final.pom.sha256 HTTP_404; https://dl.google.com/dl/android/maven2/io/netty/netty-codec-http/4.1.110.Final/netty-codec-http-4.1.110.Final.pom.sha256 HTTP_404"	""	""	""	""	""	""	""	""	""	""	"DECLARED_RELEASE_CONFIGURATION"
"metadata"	"io.netty"	"netty-codec-http2"	"4.1.110.Final"	"netty-codec-http2-4.1.110.Final.pom"	"5159"	"29d2f6c26c3cca9fe8393671707fe8ef9c3e31020a2dfe06b82c426499c25837"	"NO_MATCHING_SIDECAR"	""	""	"https://repo.maven.apache.org/maven2/io/netty/netty-codec-http2/4.1.110.Final/netty-codec-http2-4.1.110.Final.pom.sha256 HTTP_404; https://dl.google.com/dl/android/maven2/io/netty/netty-codec-http2/4.1.110.Final/netty-codec-http2-4.1.110.Final.pom.sha256 HTTP_404"	""	""	""	""	""	""	""	""	""	""	"DECLARED_RELEASE_CONFIGURATION"
"metadata"	"io.netty"	"netty-codec-socks"	"4.1.110.Final"	"netty-codec-socks-4.1.110.Final.pom"	"2538"	"ffe57b316191dd4f96bee66c5709c13cbdb4ecab085c010c8db0c6aa809abf6c"	"NO_MATCHING_SIDECAR"	""	""	"https://repo.maven.apache.org/maven2/io/netty/netty-codec-socks/4.1.110.Final/netty-codec-socks-4.1.110.Final.pom.sha256 HTTP_404; https://dl.google.com/dl/android/maven2/io/netty/netty-codec-socks/4.1.110.Final/netty-codec-socks-4.1.110.Final.pom.sha256 HTTP_404"	""	""	""	""	""	""	""	""	""	""	"DECLARED_RELEASE_CONFIGURATION"
"metadata"	"io.netty"	"netty-common"	"4.1.110.Final"	"netty-common-4.1.110.Final.pom"	"11792"	"7d417f5335304dae1ea08a06586038c83fe8ad84c1d35baa15ed11921cef7920"	"NO_MATCHING_SIDECAR"	""	""	"https://repo.maven.apache.org/maven2/io/netty/netty-common/4.1.110.Final/netty-common-4.1.110.Final.pom.sha256 HTTP_404; https://dl.google.com/dl/android/maven2/io/netty/netty-common/4.1.110.Final/netty-common-4.1.110.Final.pom.sha256 HTTP_404"	""	""	""	""	""	""	""	""	""	""	"DECLARED_RELEASE_CONFIGURATION"
"metadata"	"io.netty"	"netty-handler"	"4.1.110.Final"	"netty-handler-4.1.110.Final.pom"	"4621"	"4d43c13d14f5635a2f8b0d5094d7a31c509ee0f52c724eba0ef30cffe3ea1555"	"NO_MATCHING_SIDECAR"	""	""	"https://repo.maven.apache.org/maven2/io/netty/netty-handler/4.1.110.Final/netty-handler-4.1.110.Final.pom.sha256 HTTP_404; https://dl.google.com/dl/android/maven2/io/netty/netty-handler/4.1.110.Final/netty-handler-4.1.110.Final.pom.sha256 HTTP_404"	""	""	""	""	""	""	""	""	""	""	"DECLARED_RELEASE_CONFIGURATION"
"metadata"	"io.netty"	"netty-handler-proxy"	"4.1.110.Final"	"netty-handler-proxy-4.1.110.Final.pom"	"3551"	"c613cb4e7e06f42efa31db8d8b2a339ed8bf41f00c46d38d0909a4c06c656dcf"	"NO_MATCHING_SIDECAR"	""	""	"https://repo.maven.apache.org/maven2/io/netty/netty-handler-proxy/4.1.110.Final/netty-handler-proxy-4.1.110.Final.pom.sha256 HTTP_404; https://dl.google.com/dl/android/maven2/io/netty/netty-handler-proxy/4.1.110.Final/netty-handler-proxy-4.1.110.Final.pom.sha256 HTTP_404"	""	""	""	""	""	""	""	""	""	""	"DECLARED_RELEASE_CONFIGURATION"
"metadata"	"io.netty"	"netty-resolver"	"4.1.110.Final"	"netty-resolver-4.1.110.Final.pom"	"1588"	"655f34192e8c7618b3c5a79e488e4daa35def41b0d16d45fa36523c3b4c9f641"	"NO_MATCHING_SIDECAR"	""	""	"https://repo.maven.apache.org/maven2/io/netty/netty-resolver/4.1.110.Final/netty-resolver-4.1.110.Final.pom.sha256 HTTP_404; https://dl.google.com/dl/android/maven2/io/netty/netty-resolver/4.1.110.Final/netty-resolver-4.1.110.Final.pom.sha256 HTTP_404"	""	""	""	""	""	""	""	""	""	""	"DECLARED_RELEASE_CONFIGURATION"
"metadata"	"io.netty"	"netty-transport"	"4.1.110.Final"	"netty-transport-4.1.110.Final.pom"	"2164"	"30f5da0e7646f1840d632f88615c8b9d8205499d68559b9c4547b3b04a0683cd"	"NO_MATCHING_SIDECAR"	""	""	"https://repo.maven.apache.org/maven2/io/netty/netty-transport/4.1.110.Final/netty-transport-4.1.110.Final.pom.sha256 HTTP_404; https://dl.google.com/dl/android/maven2/io/netty/netty-transport/4.1.110.Final/netty-transport-4.1.110.Final.pom.sha256 HTTP_404"	""	""	""	""	""	""	""	""	""	""	"DECLARED_RELEASE_CONFIGURATION"
"metadata"	"io.netty"	"netty-transport-native-unix-common"	"4.1.110.Final"	"netty-transport-native-unix-common-4.1.110.Final.pom"	"33099"	"ea18ce04c9a97ac0c51f4e397b185229fd95997e90b11339adcf7c51946d53d8"	"NO_MATCHING_SIDECAR"	""	""	"https://repo.maven.apache.org/maven2/io/netty/netty-transport-native-unix-common/4.1.110.Final/netty-transport-native-unix-common-4.1.110.Final.pom.sha256 HTTP_404; https://dl.google.com/dl/android/maven2/io/netty/netty-transport-native-unix-common/4.1.110.Final/netty-transport-native-unix-common-4.1.110.Final.pom.sha256 HTTP_404"	""	""	""	""	""	""	""	""	""	""	"DECLARED_RELEASE_CONFIGURATION"
"metadata"	"io.perfmark"	"perfmark-api"	"0.27.0"	"perfmark-api-0.27.0.module"	"1896"	"9f6c4e6a62b8defd14173acdb7db293d086353b224923eef6293f58161893cca"	"MATCH"	"9f6c4e6a62b8defd14173acdb7db293d086353b224923eef6293f58161893cca"	"https://repo.maven.apache.org/maven2/io/perfmark/perfmark-api/0.27.0/perfmark-api-0.27.0.module.sha256"	""	""	""	""	""	""	""	""	""	""	""	"DECLARED_RELEASE_CONFIGURATION"
"metadata"	"io.perfmark"	"perfmark-api"	"0.27.0"	"perfmark-api-0.27.0.pom"	"1485"	"22c175c2c1823667630c84e73225767f5970492d8e6cbffb81a6575dba472d26"	"MATCH"	"22c175c2c1823667630c84e73225767f5970492d8e6cbffb81a6575dba472d26"	"https://repo.maven.apache.org/maven2/io/perfmark/perfmark-api/0.27.0/perfmark-api-0.27.0.pom.sha256"	""	""	""	""	""	""	""	""	""	""	""	"DECLARED_RELEASE_CONFIGURATION"
"metadata"	"jakarta.activation"	"jakarta.activation-api"	"1.2.1"	"jakarta.activation-api-1.2.1.pom"	"4572"	"42585cb07dda7f23aa04eb5e0940061944a246a67ad3d16942fbe569ff03cd31"	"NO_MATCHING_SIDECAR"	""	""	"https://repo.maven.apache.org/maven2/jakarta/activation/jakarta.activation-api/1.2.1/jakarta.activation-api-1.2.1.pom.sha256 HTTP_404; https://dl.google.com/dl/android/maven2/jakarta/activation/jakarta.activation-api/1.2.1/jakarta.activation-api-1.2.1.pom.sha256 HTTP_404"	""	""	""	""	""	""	""	""	""	""	"DECLARED_RELEASE_CONFIGURATION"
"metadata"	"jakarta.xml.bind"	"jakarta.xml.bind-api"	"2.3.2"	"jakarta.xml.bind-api-2.3.2.pom"	"15997"	"b537b388dbab4cc0690b9d2fb0c74124d672531734567acf6e53130eab131ad6"	"NO_MATCHING_SIDECAR"	""	""	"https://repo.maven.apache.org/maven2/jakarta/xml/bind/jakarta.xml.bind-api/2.3.2/jakarta.xml.bind-api-2.3.2.pom.sha256 HTTP_404; https://dl.google.com/dl/android/maven2/jakarta/xml/bind/jakarta.xml.bind-api/2.3.2/jakarta.xml.bind-api-2.3.2.pom.sha256 HTTP_404"	""	""	""	""	""	""	""	""	""	""	"DECLARED_RELEASE_CONFIGURATION"
"metadata"	"javax.annotation"	"javax.annotation-api"	"1.3.2"	"javax.annotation-api-1.3.2.pom"	"14478"	"46a4a251ca406e78e4853d7a2bae83282844a4992851439ee9a1f23716f06b97"	"NO_MATCHING_SIDECAR"	""	""	"https://repo.maven.apache.org/maven2/javax/annotation/javax.annotation-api/1.3.2/javax.annotation-api-1.3.2.pom.sha256 HTTP_404; https://dl.google.com/dl/android/maven2/javax/annotation/javax.annotation-api/1.3.2/javax.annotation-api-1.3.2.pom.sha256 HTTP_404"	""	""	""	""	""	""	""	""	""	""	"DECLARED_RELEASE_CONFIGURATION"
"metadata"	"javax.inject"	"javax.inject"	"1"	"javax.inject-1.pom"	"612"	"943e12b100627804638fa285805a0ab788a680266531e650921ebfe4621a8bfa"	"NO_MATCHING_SIDECAR"	""	""	"https://repo.maven.apache.org/maven2/javax/inject/javax.inject/1/javax.inject-1.pom.sha256 HTTP_404; https://dl.google.com/dl/android/maven2/javax/inject/javax.inject/1/javax.inject-1.pom.sha256 HTTP_404"	""	""	""	""	""	""	""	""	""	""	"DECLARED_RELEASE_CONFIGURATION"
"metadata"	"junit"	"junit"	"4.13.2"	"junit-4.13.2.pom"	"27018"	"569b6977ee4603c965c1c46c3058fa6e969291b0160eb6964dd092cd89eadd94"	"NO_MATCHING_SIDECAR"	""	""	"https://repo.maven.apache.org/maven2/junit/junit/4.13.2/junit-4.13.2.pom.sha256 HTTP_404; https://dl.google.com/dl/android/maven2/junit/junit/4.13.2/junit-4.13.2.pom.sha256 HTTP_404"	""	""	""	""	""	""	""	""	""	""	"DECLARED_RELEASE_CONFIGURATION"
"metadata"	"net.java.dev.jna"	"jna"	"5.6.0"	"jna-5.6.0.pom"	"1580"	"5fe81b0255978f24616d37b10608b79498a5f3073e1d9b2038d8736a831f2608"	"NO_MATCHING_SIDECAR"	""	""	"https://repo.maven.apache.org/maven2/net/java/dev/jna/jna/5.6.0/jna-5.6.0.pom.sha256 HTTP_404; https://dl.google.com/dl/android/maven2/net/java/dev/jna/jna/5.6.0/jna-5.6.0.pom.sha256 HTTP_404"	""	""	""	""	""	""	""	""	""	""	"DECLARED_RELEASE_CONFIGURATION"
"metadata"	"net.java.dev.jna"	"jna-platform"	"5.6.0"	"jna-platform-5.6.0.pom"	"1800"	"1beb35cb4184e6c906a7e32eaebd852dd3da0a263962e99134ab945832394e28"	"NO_MATCHING_SIDECAR"	""	""	"https://repo.maven.apache.org/maven2/net/java/dev/jna/jna-platform/5.6.0/jna-platform-5.6.0.pom.sha256 HTTP_404; https://dl.google.com/dl/android/maven2/net/java/dev/jna/jna-platform/5.6.0/jna-platform-5.6.0.pom.sha256 HTTP_404"	""	""	""	""	""	""	""	""	""	""	"DECLARED_RELEASE_CONFIGURATION"
"metadata"	"net.sf.jopt-simple"	"jopt-simple"	"4.9"	"jopt-simple-4.9.pom"	"13963"	"7af7e2d8b24b4798f04c2b7da24c9fbd1b7557b4e017c2054481565916079092"	"NO_MATCHING_SIDECAR"	""	""	"https://repo.maven.apache.org/maven2/net/sf/jopt-simple/jopt-simple/4.9/jopt-simple-4.9.pom.sha256 HTTP_404; https://dl.google.com/dl/android/maven2/net/sf/jopt-simple/jopt-simple/4.9/jopt-simple-4.9.pom.sha256 HTTP_404"	""	""	""	""	""	""	""	""	""	""	"DECLARED_RELEASE_CONFIGURATION"
"metadata"	"net.sf.kxml"	"kxml2"	"2.3.0"	"kxml2-2.3.0.pom"	"1490"	"31ce606f4e9518936299bb0d27c978fa61e185fd1de7c9874fe959a53e34a685"	"NO_MATCHING_SIDECAR"	""	""	"https://repo.maven.apache.org/maven2/net/sf/kxml/kxml2/2.3.0/kxml2-2.3.0.pom.sha256 HTTP_404; https://dl.google.com/dl/android/maven2/net/sf/kxml/kxml2/2.3.0/kxml2-2.3.0.pom.sha256 HTTP_404"	""	""	""	""	""	""	""	""	""	""	"DECLARED_RELEASE_CONFIGURATION"
"metadata"	"org.apache.commons"	"commons-compress"	"1.21"	"commons-compress-1.21.pom"	"19684"	"675bb023c9beedde3232949979b9742a5fea946280a55a1b462d4ca7801088cd"	"MATCH"	"675bb023c9beedde3232949979b9742a5fea946280a55a1b462d4ca7801088cd"	"https://repo.maven.apache.org/maven2/org/apache/commons/commons-compress/1.21/commons-compress-1.21.pom.sha256"	""	""	""	""	""	""	""	""	""	""	""	"DECLARED_RELEASE_CONFIGURATION"
"metadata"	"org.apache.cordova"	"framework"	"14.0.1"	"framework-14.0.1.module"	"3387"	"85e890c40e920522adeedfc2ea14677ebec60963bce1b87dbaf210b488de70d6"	"MATCH"	"85e890c40e920522adeedfc2ea14677ebec60963bce1b87dbaf210b488de70d6"	"https://repo.maven.apache.org/maven2/org/apache/cordova/framework/14.0.1/framework-14.0.1.module.sha256"	""	""	""	""	""	""	""	""	""	""	""	"DECLARED_RELEASE_CONFIGURATION"
"metadata"	"org.apache.cordova"	"framework"	"14.0.1"	"framework-14.0.1.pom"	"2186"	"42e80ef61dfa52af19d8ec9296d20b13759fc2a72021866e4f74e05c894bde20"	"MATCH"	"42e80ef61dfa52af19d8ec9296d20b13759fc2a72021866e4f74e05c894bde20"	"https://repo.maven.apache.org/maven2/org/apache/cordova/framework/14.0.1/framework-14.0.1.pom.sha256"	""	""	""	""	""	""	""	""	""	""	""	"DECLARED_RELEASE_CONFIGURATION"
"metadata"	"org.apache.httpcomponents"	"httpclient"	"4.5.14"	"httpclient-4.5.14.pom"	"6623"	"f18355af4cf80a8a4ef04ebd742a47e90a7eaf080c725b2095dbc4fc5dbdefb7"	"NO_MATCHING_SIDECAR"	""	""	"https://repo.maven.apache.org/maven2/org/apache/httpcomponents/httpclient/4.5.14/httpclient-4.5.14.pom.sha256 HTTP_404; https://dl.google.com/dl/android/maven2/org/apache/httpcomponents/httpclient/4.5.14/httpclient-4.5.14.pom.sha256 HTTP_404"	""	""	""	""	""	""	""	""	""	""	"DECLARED_RELEASE_CONFIGURATION"
"metadata"	"org.apache.httpcomponents"	"httpclient"	"4.5.6"	"httpclient-4.5.6.pom"	"6639"	"7efc1241e73e7fbb268bfd33242d11ebd3ca07061d7d85f2962dc32a0f0b8855"	"NO_MATCHING_SIDECAR"	""	""	"https://repo.maven.apache.org/maven2/org/apache/httpcomponents/httpclient/4.5.6/httpclient-4.5.6.pom.sha256 HTTP_404; https://dl.google.com/dl/android/maven2/org/apache/httpcomponents/httpclient/4.5.6/httpclient-4.5.6.pom.sha256 HTTP_404"	""	""	""	""	""	""	""	""	""	""	"LINT_RELEASE_TASK_TIME_OBSERVED_CACHE"
"metadata"	"org.apache.httpcomponents"	"httpcore"	"4.4.16"	"httpcore-4.4.16.pom"	"4967"	"3cbad849b35dacfe6cec31adada2c623c026c3261141b0d26eec7e399c6cd7fa"	"NO_MATCHING_SIDECAR"	""	""	"https://repo.maven.apache.org/maven2/org/apache/httpcomponents/httpcore/4.4.16/httpcore-4.4.16.pom.sha256 HTTP_404; https://dl.google.com/dl/android/maven2/org/apache/httpcomponents/httpcore/4.4.16/httpcore-4.4.16.pom.sha256 HTTP_404"	""	""	""	""	""	""	""	""	""	""	"DECLARED_RELEASE_CONFIGURATION"
"metadata"	"org.apache.httpcomponents"	"httpmime"	"4.5.6"	"httpmime-4.5.6.pom"	"5236"	"dfbfd6ffe2a784ca9817c46365aa7f8a578320b805bde39d6f55a0b09d8aa8ca"	"NO_MATCHING_SIDECAR"	""	""	"https://repo.maven.apache.org/maven2/org/apache/httpcomponents/httpmime/4.5.6/httpmime-4.5.6.pom.sha256 HTTP_404; https://dl.google.com/dl/android/maven2/org/apache/httpcomponents/httpmime/4.5.6/httpmime-4.5.6.pom.sha256 HTTP_404"	""	""	""	""	""	""	""	""	""	""	"DECLARED_RELEASE_CONFIGURATION"
"metadata"	"org.bitbucket.b_c"	"jose4j"	"0.9.5"	"jose4j-0.9.5.pom"	"8856"	"bad024180a1b469cbd94e5f2db12841bcac5443d9545607f673cfde677c1d872"	"NO_MATCHING_SIDECAR"	""	""	"https://repo.maven.apache.org/maven2/org/bitbucket/b_c/jose4j/0.9.5/jose4j-0.9.5.pom.sha256 HTTP_404; https://dl.google.com/dl/android/maven2/org/bitbucket/b_c/jose4j/0.9.5/jose4j-0.9.5.pom.sha256 HTTP_404"	""	""	""	""	""	""	""	""	""	""	"DECLARED_RELEASE_CONFIGURATION"
"metadata"	"org.bouncycastle"	"bcpkix-jdk18on"	"1.79"	"bcpkix-jdk18on-1.79.pom"	"1641"	"35e49f4134de2ac326c3a50a25762cbb4db56f3802fa3f730cc85b653ad0987b"	"MATCH"	"35e49f4134de2ac326c3a50a25762cbb4db56f3802fa3f730cc85b653ad0987b"	"https://repo.maven.apache.org/maven2/org/bouncycastle/bcpkix-jdk18on/1.79/bcpkix-jdk18on-1.79.pom.sha256"	""	""	""	""	""	""	""	""	""	""	""	"DECLARED_RELEASE_CONFIGURATION"
"metadata"	"org.bouncycastle"	"bcprov-jdk18on"	"1.79"	"bcprov-jdk18on-1.79.pom"	"1141"	"d8f1a06b149d746e9d98de54e2f7aa9b2eb613fb35ca67d8ae396ceaac661ee4"	"MATCH"	"d8f1a06b149d746e9d98de54e2f7aa9b2eb613fb35ca67d8ae396ceaac661ee4"	"https://repo.maven.apache.org/maven2/org/bouncycastle/bcprov-jdk18on/1.79/bcprov-jdk18on-1.79.pom.sha256"	""	""	""	""	""	""	""	""	""	""	""	"DECLARED_RELEASE_CONFIGURATION"
"metadata"	"org.bouncycastle"	"bcutil-jdk18on"	"1.79"	"bcutil-jdk18on-1.79.pom"	"1320"	"e24c1fb4cf1605405a6988e9e4d6e4b2e1f4393fc73a89a9452ae625ee311d02"	"MATCH"	"e24c1fb4cf1605405a6988e9e4d6e4b2e1f4393fc73a89a9452ae625ee311d02"	"https://repo.maven.apache.org/maven2/org/bouncycastle/bcutil-jdk18on/1.79/bcutil-jdk18on-1.79.pom.sha256"	""	""	""	""	""	""	""	""	""	""	""	"DECLARED_RELEASE_CONFIGURATION"
"metadata"	"org.checkerframework"	"checker-qual"	"3.12.0"	"checker-qual-3.12.0.module"	"3546"	"d047949c1b81091c2c3913771fac2f32a2fa549ba3d5d548cc8c0b6dfa493777"	"MATCH"	"d047949c1b81091c2c3913771fac2f32a2fa549ba3d5d548cc8c0b6dfa493777"	"https://repo.maven.apache.org/maven2/org/checkerframework/checker-qual/3.12.0/checker-qual-3.12.0.module.sha256"	""	""	""	""	""	""	""	""	""	""	""	"DECLARED_RELEASE_CONFIGURATION"
"metadata"	"org.checkerframework"	"checker-qual"	"3.12.0"	"checker-qual-3.12.0.pom"	"2092"	"775b7ae36e62820b3b86dc1aa39af37c0ac4b85ff48f7fe485a922a2790f46b9"	"MATCH"	"775b7ae36e62820b3b86dc1aa39af37c0ac4b85ff48f7fe485a922a2790f46b9"	"https://repo.maven.apache.org/maven2/org/checkerframework/checker-qual/3.12.0/checker-qual-3.12.0.pom.sha256"	""	""	""	""	""	""	""	""	""	""	""	"DECLARED_RELEASE_CONFIGURATION"
"metadata"	"org.checkerframework"	"checker-qual"	"3.43.0"	"checker-qual-3.43.0.module"	"3498"	"f8163327245ab8625532948c72a930548cd97f34d6c3fe860fa6aec5a34d79b4"	"MATCH"	"f8163327245ab8625532948c72a930548cd97f34d6c3fe860fa6aec5a34d79b4"	"https://repo.maven.apache.org/maven2/org/checkerframework/checker-qual/3.43.0/checker-qual-3.43.0.module.sha256"	""	""	""	""	""	""	""	""	""	""	""	"DECLARED_RELEASE_CONFIGURATION"
"metadata"	"org.checkerframework"	"checker-qual"	"3.43.0"	"checker-qual-3.43.0.pom"	"2096"	"9313bf53b3efd8aaca266eea8b96e307976b65c0b16510cc6f02319fbaebed43"	"MATCH"	"9313bf53b3efd8aaca266eea8b96e307976b65c0b16510cc6f02319fbaebed43"	"https://repo.maven.apache.org/maven2/org/checkerframework/checker-qual/3.43.0/checker-qual-3.43.0.pom.sha256"	""	""	""	""	""	""	""	""	""	""	""	"DECLARED_RELEASE_CONFIGURATION"
"metadata"	"org.codehaus.groovy"	"groovy"	"3.0.22"	"groovy-3.0.22.pom"	"23680"	"51b731e5cff121efd6d320f4a801cd616869c5bed4e9c0e353b29060b1d2355f"	"MATCH"	"51b731e5cff121efd6d320f4a801cd616869c5bed4e9c0e353b29060b1d2355f"	"https://repo.maven.apache.org/maven2/org/codehaus/groovy/groovy/3.0.22/groovy-3.0.22.pom.sha256"	""	""	""	""	""	""	""	""	""	""	""	"LINT_RELEASE_TASK_TIME_OBSERVED_CACHE"
"metadata"	"org.codehaus.mojo"	"animal-sniffer-annotations"	"1.24"	"animal-sniffer-annotations-1.24.pom"	"1656"	"88484f60a6ad4238a97febacf2b333e9e08c178b8f180a05a3edbff4a38a836e"	"NO_MATCHING_SIDECAR"	""	""	"https://repo.maven.apache.org/maven2/org/codehaus/mojo/animal-sniffer-annotations/1.24/animal-sniffer-annotations-1.24.pom.sha256 HTTP_404; https://dl.google.com/dl/android/maven2/org/codehaus/mojo/animal-sniffer-annotations/1.24/animal-sniffer-annotations-1.24.pom.sha256 HTTP_404"	""	""	""	""	""	""	""	""	""	""	"DECLARED_RELEASE_CONFIGURATION"
"metadata"	"org.glassfish.jaxb"	"jaxb-runtime"	"2.3.2"	"jaxb-runtime-2.3.2.pom"	"5573"	"9448a5ad7fa68a6083dfbe4f42c8c83e082b9202a105401fc68e944c26548b34"	"NO_MATCHING_SIDECAR"	""	""	"https://repo.maven.apache.org/maven2/org/glassfish/jaxb/jaxb-runtime/2.3.2/jaxb-runtime-2.3.2.pom.sha256 HTTP_404; https://dl.google.com/dl/android/maven2/org/glassfish/jaxb/jaxb-runtime/2.3.2/jaxb-runtime-2.3.2.pom.sha256 HTTP_404"	""	""	""	""	""	""	""	""	""	""	"DECLARED_RELEASE_CONFIGURATION"
"metadata"	"org.glassfish.jaxb"	"txw2"	"2.3.2"	"txw2-2.3.2.pom"	"2766"	"a79dd002fb038183ff286a2635be2e68c103b87e0e64717d8d44bfd017fd33ea"	"NO_MATCHING_SIDECAR"	""	""	"https://repo.maven.apache.org/maven2/org/glassfish/jaxb/txw2/2.3.2/txw2-2.3.2.pom.sha256 HTTP_404; https://dl.google.com/dl/android/maven2/org/glassfish/jaxb/txw2/2.3.2/txw2-2.3.2.pom.sha256 HTTP_404"	""	""	""	""	""	""	""	""	""	""	"DECLARED_RELEASE_CONFIGURATION"
"metadata"	"org.hamcrest"	"hamcrest-core"	"1.3"	"hamcrest-core-1.3.pom"	"766"	"fde386a7905173a1b103de6ab820727584b50d0e32282e2797787c20a64ffa93"	"NO_MATCHING_SIDECAR"	""	""	"https://repo.maven.apache.org/maven2/org/hamcrest/hamcrest-core/1.3/hamcrest-core-1.3.pom.sha256 HTTP_404; https://dl.google.com/dl/android/maven2/org/hamcrest/hamcrest-core/1.3/hamcrest-core-1.3.pom.sha256 HTTP_404"	""	""	""	""	""	""	""	""	""	""	"DECLARED_RELEASE_CONFIGURATION"
"metadata"	"org.jdom"	"jdom2"	"2.0.6"	"jdom2-2.0.6.pom"	"4598"	"47b23a79fe336b741b82434c6e049d68165256e405e75c10921fd72fa8a65d8d"	"NO_MATCHING_SIDECAR"	""	""	"https://repo.maven.apache.org/maven2/org/jdom/jdom2/2.0.6/jdom2-2.0.6.pom.sha256 HTTP_404; https://dl.google.com/dl/android/maven2/org/jdom/jdom2/2.0.6/jdom2-2.0.6.pom.sha256 HTTP_404"	""	""	""	""	""	""	""	""	""	""	"DECLARED_RELEASE_CONFIGURATION"
"metadata"	"org.jetbrains"	"annotations"	"13.0"	"annotations-13.0.pom"	"4930"	"965aeb2bedff369819bdde1bf7a0b3b89b8247dd69c88b86375d76163bb8c397"	"NO_MATCHING_SIDECAR"	""	""	"https://repo.maven.apache.org/maven2/org/jetbrains/annotations/13.0/annotations-13.0.pom.sha256 HTTP_404; https://dl.google.com/dl/android/maven2/org/jetbrains/annotations/13.0/annotations-13.0.pom.sha256 HTTP_404"	""	""	""	""	""	""	""	""	""	""	"DECLARED_RELEASE_CONFIGURATION"
"metadata"	"org.jetbrains"	"annotations"	"23.0.0"	"annotations-23.0.0.pom"	"1354"	"c9490f655132328df2cfbcfdf743f53fc3916d6c1d10437175a6ca6e3a67771c"	"NO_MATCHING_SIDECAR"	""	""	"https://repo.maven.apache.org/maven2/org/jetbrains/annotations/23.0.0/annotations-23.0.0.pom.sha256 HTTP_404; https://dl.google.com/dl/android/maven2/org/jetbrains/annotations/23.0.0/annotations-23.0.0.pom.sha256 HTTP_404"	""	""	""	""	""	""	""	""	""	""	"DECLARED_RELEASE_CONFIGURATION"
"metadata"	"org.jetbrains.intellij.deps"	"trove4j"	"1.0.20200330"	"trove4j-1.0.20200330.pom"	"1322"	"87721cbaa65a3c97d8b1ba9d207840f164c9fe38759fc9ea10ffe26565f8d3e9"	"NO_MATCHING_SIDECAR"	""	""	"https://repo.maven.apache.org/maven2/org/jetbrains/intellij/deps/trove4j/1.0.20200330/trove4j-1.0.20200330.pom.sha256 HTTP_404; https://dl.google.com/dl/android/maven2/org/jetbrains/intellij/deps/trove4j/1.0.20200330/trove4j-1.0.20200330.pom.sha256 HTTP_404"	""	""	""	""	""	""	""	""	""	""	"DECLARED_RELEASE_CONFIGURATION"
"metadata"	"org.jetbrains.kotlin"	"abi-tools-api"	"2.2.20"	"abi-tools-api-2.2.20.pom"	"1110"	"1ce2fb35ccd83fcbc90ae5c598dfdbb22952d08547804944a5b21f2c46cac0bd"	"NO_MATCHING_SIDECAR"	""	""	"https://repo.maven.apache.org/maven2/org/jetbrains/kotlin/abi-tools-api/2.2.20/abi-tools-api-2.2.20.pom.sha256 HTTP_404; https://dl.google.com/dl/android/maven2/org/jetbrains/kotlin/abi-tools-api/2.2.20/abi-tools-api-2.2.20.pom.sha256 HTTP_404"	""	""	""	""	""	""	""	""	""	""	"DECLARED_RELEASE_CONFIGURATION"
"metadata"	"org.jetbrains.kotlin"	"fus-statistics-gradle-plugin"	"2.2.20"	"fus-statistics-gradle-plugin-2.2.20.module"	"59676"	"9fe6955b37fe290b651625cf9c681e6ba20a8f12c4658cce5026e593505a3129"	"NO_MATCHING_SIDECAR"	""	""	"https://repo.maven.apache.org/maven2/org/jetbrains/kotlin/fus-statistics-gradle-plugin/2.2.20/fus-statistics-gradle-plugin-2.2.20.module.sha256 HTTP_404; https://dl.google.com/dl/android/maven2/org/jetbrains/kotlin/fus-statistics-gradle-plugin/2.2.20/fus-statistics-gradle-plugin-2.2.20.module.sha256 HTTP_404"	""	""	""	""	""	""	""	""	""	""	"DECLARED_RELEASE_CONFIGURATION"
"metadata"	"org.jetbrains.kotlin"	"fus-statistics-gradle-plugin"	"2.2.20"	"fus-statistics-gradle-plugin-2.2.20.pom"	"2650"	"3fa826462cbd846d180202f22c5193418cb9cda9f695c9941235a9b1b5c141d9"	"NO_MATCHING_SIDECAR"	""	""	"https://repo.maven.apache.org/maven2/org/jetbrains/kotlin/fus-statistics-gradle-plugin/2.2.20/fus-statistics-gradle-plugin-2.2.20.pom.sha256 HTTP_404; https://dl.google.com/dl/android/maven2/org/jetbrains/kotlin/fus-statistics-gradle-plugin/2.2.20/fus-statistics-gradle-plugin-2.2.20.pom.sha256 HTTP_404"	""	""	""	""	""	""	""	""	""	""	"DECLARED_RELEASE_CONFIGURATION"
"metadata"	"org.jetbrains.kotlin"	"kotlin-bom"	"1.8.22"	"kotlin-bom-1.8.22.pom"	"9338"	"c8d794eb761888d34369e677de8eaba0b01f9e8a756cfbff53215ccfa5c58c3f"	"NO_MATCHING_SIDECAR"	""	""	"https://repo.maven.apache.org/maven2/org/jetbrains/kotlin/kotlin-bom/1.8.22/kotlin-bom-1.8.22.pom.sha256 HTTP_404; https://dl.google.com/dl/android/maven2/org/jetbrains/kotlin/kotlin-bom/1.8.22/kotlin-bom-1.8.22.pom.sha256 ERROR_URLError"	""	""	""	""	""	""	""	""	""	""	"LINT_RELEASE_TASK_TIME_OBSERVED_CACHE"
"metadata"	"org.jetbrains.kotlin"	"kotlin-build-common"	"2.1.0"	"kotlin-build-common-2.1.0.pom"	"1148"	"0e35c2444d46014dfade076016b787c9d533f9858109df1e4ce67ced4d1a96c3"	"NO_MATCHING_SIDECAR"	""	""	"https://repo.maven.apache.org/maven2/org/jetbrains/kotlin/kotlin-build-common/2.1.0/kotlin-build-common-2.1.0.pom.sha256 HTTP_404; https://dl.google.com/dl/android/maven2/org/jetbrains/kotlin/kotlin-build-common/2.1.0/kotlin-build-common-2.1.0.pom.sha256 HTTP_404"	""	""	""	""	""	""	""	""	""	""	"DECLARED_RELEASE_CONFIGURATION"
"metadata"	"org.jetbrains.kotlin"	"kotlin-build-statistics"	"2.1.0"	"kotlin-build-statistics-2.1.0.pom"	"1570"	"2c8c6ac4cf534eacaba9ff5ed3fa45d8029d3a31b211e9e002dfce79fc7a21ca"	"NO_MATCHING_SIDECAR"	""	""	"https://repo.maven.apache.org/maven2/org/jetbrains/kotlin/kotlin-build-statistics/2.1.0/kotlin-build-statistics-2.1.0.pom.sha256 HTTP_404; https://dl.google.com/dl/android/maven2/org/jetbrains/kotlin/kotlin-build-statistics/2.1.0/kotlin-build-statistics-2.1.0.pom.sha256 HTTP_404"	""	""	""	""	""	""	""	""	""	""	"DECLARED_RELEASE_CONFIGURATION"
"metadata"	"org.jetbrains.kotlin"	"kotlin-build-statistics"	"2.2.20"	"kotlin-build-statistics-2.2.20.pom"	"1552"	"b5d5364f57d21ff14182205e8b695fd6864d9d8aa5780a6edc4209584047c115"	"NO_MATCHING_SIDECAR"	""	""	"https://repo.maven.apache.org/maven2/org/jetbrains/kotlin/kotlin-build-statistics/2.2.20/kotlin-build-statistics-2.2.20.pom.sha256 HTTP_404; https://dl.google.com/dl/android/maven2/org/jetbrains/kotlin/kotlin-build-statistics/2.2.20/kotlin-build-statistics-2.2.20.pom.sha256 HTTP_404"	""	""	""	""	""	""	""	""	""	""	"DECLARED_RELEASE_CONFIGURATION"
"metadata"	"org.jetbrains.kotlin"	"kotlin-build-tools-api"	"2.1.0"	"kotlin-build-tools-api-2.1.0.pom"	"1157"	"e3cfc8da8ddf3bbd3f0ca07183a51feb4893e8bcb8fee801f4b8ce05ef9443a9"	"NO_MATCHING_SIDECAR"	""	""	"https://repo.maven.apache.org/maven2/org/jetbrains/kotlin/kotlin-build-tools-api/2.1.0/kotlin-build-tools-api-2.1.0.pom.sha256 HTTP_404; https://dl.google.com/dl/android/maven2/org/jetbrains/kotlin/kotlin-build-tools-api/2.1.0/kotlin-build-tools-api-2.1.0.pom.sha256 HTTP_404"	""	""	""	""	""	""	""	""	""	""	"DECLARED_RELEASE_CONFIGURATION"
"metadata"	"org.jetbrains.kotlin"	"kotlin-build-tools-api"	"2.2.20"	"kotlin-build-tools-api-2.2.20.pom"	"1137"	"02d47d4877ec324b496d93133245cd4d348b652303cf27efa63e38af2fb3cf2a"	"NO_MATCHING_SIDECAR"	""	""	"https://repo.maven.apache.org/maven2/org/jetbrains/kotlin/kotlin-build-tools-api/2.2.20/kotlin-build-tools-api-2.2.20.pom.sha256 HTTP_404; https://dl.google.com/dl/android/maven2/org/jetbrains/kotlin/kotlin-build-tools-api/2.2.20/kotlin-build-tools-api-2.2.20.pom.sha256 HTTP_404"	""	""	""	""	""	""	""	""	""	""	"DECLARED_RELEASE_CONFIGURATION"
"metadata"	"org.jetbrains.kotlin"	"kotlin-build-tools-impl"	"2.1.0"	"kotlin-build-tools-impl-2.1.0.pom"	"2393"	"58ee953420c53e1ea3ab896aaef9964960b444ca8e0a07f76e951e05c62102f9"	"NO_MATCHING_SIDECAR"	""	""	"https://repo.maven.apache.org/maven2/org/jetbrains/kotlin/kotlin-build-tools-impl/2.1.0/kotlin-build-tools-impl-2.1.0.pom.sha256 HTTP_404; https://dl.google.com/dl/android/maven2/org/jetbrains/kotlin/kotlin-build-tools-impl/2.1.0/kotlin-build-tools-impl-2.1.0.pom.sha256 HTTP_404"	""	""	""	""	""	""	""	""	""	""	"DECLARED_RELEASE_CONFIGURATION"
"metadata"	"org.jetbrains.kotlin"	"kotlin-compiler-embeddable"	"2.1.0"	"kotlin-compiler-embeddable-2.1.0.pom"	"2662"	"0044fa45046fba7ca808d98f9895f25b16510edb53c1e282107db006d126d67f"	"NO_MATCHING_SIDECAR"	""	""	"https://repo.maven.apache.org/maven2/org/jetbrains/kotlin/kotlin-compiler-embeddable/2.1.0/kotlin-compiler-embeddable-2.1.0.pom.sha256 HTTP_404; https://dl.google.com/dl/android/maven2/org/jetbrains/kotlin/kotlin-compiler-embeddable/2.1.0/kotlin-compiler-embeddable-2.1.0.pom.sha256 HTTP_404"	""	""	""	""	""	""	""	""	""	""	"DECLARED_RELEASE_CONFIGURATION"
"metadata"	"org.jetbrains.kotlin"	"kotlin-compiler-runner"	"2.1.0"	"kotlin-compiler-runner-2.1.0.pom"	"2134"	"13ad1bfcea4778db8336d30bd8edf02239354475f2c4d3289ddffb5a183205d5"	"NO_MATCHING_SIDECAR"	""	""	"https://repo.maven.apache.org/maven2/org/jetbrains/kotlin/kotlin-compiler-runner/2.1.0/kotlin-compiler-runner-2.1.0.pom.sha256 HTTP_404; https://dl.google.com/dl/android/maven2/org/jetbrains/kotlin/kotlin-compiler-runner/2.1.0/kotlin-compiler-runner-2.1.0.pom.sha256 HTTP_404"	""	""	""	""	""	""	""	""	""	""	"DECLARED_RELEASE_CONFIGURATION"
"metadata"	"org.jetbrains.kotlin"	"kotlin-compiler-runner"	"2.2.20"	"kotlin-compiler-runner-2.2.20.pom"	"1924"	"91bb15248f4ea944b6330f3103f1eb545d13bdd8ad4aec437b747a586e7b17a9"	"NO_MATCHING_SIDECAR"	""	""	"https://repo.maven.apache.org/maven2/org/jetbrains/kotlin/kotlin-compiler-runner/2.2.20/kotlin-compiler-runner-2.2.20.pom.sha256 HTTP_404; https://dl.google.com/dl/android/maven2/org/jetbrains/kotlin/kotlin-compiler-runner/2.2.20/kotlin-compiler-runner-2.2.20.pom.sha256 HTTP_404"	""	""	""	""	""	""	""	""	""	""	"DECLARED_RELEASE_CONFIGURATION"
"metadata"	"org.jetbrains.kotlin"	"kotlin-daemon-client"	"2.1.0"	"kotlin-daemon-client-2.1.0.pom"	"1372"	"43aebe513576d51f48129cd85c860d0813de6a1cc7591aca7c28e5432cf8df1b"	"NO_MATCHING_SIDECAR"	""	""	"https://repo.maven.apache.org/maven2/org/jetbrains/kotlin/kotlin-daemon-client/2.1.0/kotlin-daemon-client-2.1.0.pom.sha256 HTTP_404; https://dl.google.com/dl/android/maven2/org/jetbrains/kotlin/kotlin-daemon-client/2.1.0/kotlin-daemon-client-2.1.0.pom.sha256 HTTP_404"	""	""	""	""	""	""	""	""	""	""	"DECLARED_RELEASE_CONFIGURATION"
"metadata"	"org.jetbrains.kotlin"	"kotlin-daemon-client"	"2.2.20"	"kotlin-daemon-client-2.2.20.pom"	"1353"	"8a136d0f13eb983a6be34ff1e163c9ce79855e4ba2174f45cb42aaa67553f754"	"NO_MATCHING_SIDECAR"	""	""	"https://repo.maven.apache.org/maven2/org/jetbrains/kotlin/kotlin-daemon-client/2.2.20/kotlin-daemon-client-2.2.20.pom.sha256 HTTP_404; https://dl.google.com/dl/android/maven2/org/jetbrains/kotlin/kotlin-daemon-client/2.2.20/kotlin-daemon-client-2.2.20.pom.sha256 HTTP_404"	""	""	""	""	""	""	""	""	""	""	"DECLARED_RELEASE_CONFIGURATION"
"metadata"	"org.jetbrains.kotlin"	"kotlin-daemon-embeddable"	"2.1.0"	"kotlin-daemon-embeddable-2.1.0.pom"	"1193"	"c85b7aec38f0a3e53cd221265d08233d9ab1f0600902b7d3d74754def84abf18"	"NO_MATCHING_SIDECAR"	""	""	"https://repo.maven.apache.org/maven2/org/jetbrains/kotlin/kotlin-daemon-embeddable/2.1.0/kotlin-daemon-embeddable-2.1.0.pom.sha256 HTTP_404; https://dl.google.com/dl/android/maven2/org/jetbrains/kotlin/kotlin-daemon-embeddable/2.1.0/kotlin-daemon-embeddable-2.1.0.pom.sha256 HTTP_404"	""	""	""	""	""	""	""	""	""	""	"DECLARED_RELEASE_CONFIGURATION"
"metadata"	"org.jetbrains.kotlin"	"kotlin-gradle-plugin"	"2.1.0"	"kotlin-gradle-plugin-2.1.0.module"	"80167"	"0a846b51225d2a0443f005316cbb1318591f5855ae6e955f7860c25bee9d2b17"	"NO_MATCHING_SIDECAR"	""	""	"https://repo.maven.apache.org/maven2/org/jetbrains/kotlin/kotlin-gradle-plugin/2.1.0/kotlin-gradle-plugin-2.1.0.module.sha256 HTTP_404; https://dl.google.com/dl/android/maven2/org/jetbrains/kotlin/kotlin-gradle-plugin/2.1.0/kotlin-gradle-plugin-2.1.0.module.sha256 HTTP_404"	""	""	""	""	""	""	""	""	""	""	"DECLARED_RELEASE_CONFIGURATION"
"metadata"	"org.jetbrains.kotlin"	"kotlin-gradle-plugin"	"2.1.0"	"kotlin-gradle-plugin-2.1.0.pom"	"10992"	"ebbd7cb6a5606a2eef9f2b47b4c1d4c974b44900153a7c9db37f838bcfb541cf"	"NO_MATCHING_SIDECAR"	""	""	"https://repo.maven.apache.org/maven2/org/jetbrains/kotlin/kotlin-gradle-plugin/2.1.0/kotlin-gradle-plugin-2.1.0.pom.sha256 HTTP_404; https://dl.google.com/dl/android/maven2/org/jetbrains/kotlin/kotlin-gradle-plugin/2.1.0/kotlin-gradle-plugin-2.1.0.pom.sha256 HTTP_404"	""	""	""	""	""	""	""	""	""	""	"DECLARED_RELEASE_CONFIGURATION"
"metadata"	"org.jetbrains.kotlin"	"kotlin-gradle-plugin"	"2.2.20"	"kotlin-gradle-plugin-2.2.20.module"	"169250"	"dc24bfa47e0442283290e21f069a056141d1f088d6cb9ecaa2eaace1b47b6b8c"	"NO_MATCHING_SIDECAR"	""	""	"https://repo.maven.apache.org/maven2/org/jetbrains/kotlin/kotlin-gradle-plugin/2.2.20/kotlin-gradle-plugin-2.2.20.module.sha256 HTTP_404; https://dl.google.com/dl/android/maven2/org/jetbrains/kotlin/kotlin-gradle-plugin/2.2.20/kotlin-gradle-plugin-2.2.20.module.sha256 HTTP_404"	""	""	""	""	""	""	""	""	""	""	"DECLARED_RELEASE_CONFIGURATION"
"metadata"	"org.jetbrains.kotlin"	"kotlin-gradle-plugin"	"2.2.20"	"kotlin-gradle-plugin-2.2.20.pom"	"13034"	"b9c3fd2ebd5484d60c5fe0db7aa10878303eeddfc93f942f735c07ba998187cc"	"NO_MATCHING_SIDECAR"	""	""	"https://repo.maven.apache.org/maven2/org/jetbrains/kotlin/kotlin-gradle-plugin/2.2.20/kotlin-gradle-plugin-2.2.20.pom.sha256 HTTP_404; https://dl.google.com/dl/android/maven2/org/jetbrains/kotlin/kotlin-gradle-plugin/2.2.20/kotlin-gradle-plugin-2.2.20.pom.sha256 HTTP_404"	""	""	""	""	""	""	""	""	""	""	"DECLARED_RELEASE_CONFIGURATION"
"metadata"	"org.jetbrains.kotlin"	"kotlin-gradle-plugin-annotations"	"2.1.0"	"kotlin-gradle-plugin-annotations-2.1.0.pom"	"1511"	"6c1ca8596963f1cd12951aee50e34c47b3c0a58893d20f138240f5786c68e4bf"	"NO_MATCHING_SIDECAR"	""	""	"https://repo.maven.apache.org/maven2/org/jetbrains/kotlin/kotlin-gradle-plugin-annotations/2.1.0/kotlin-gradle-plugin-annotations-2.1.0.pom.sha256 HTTP_404; https://dl.google.com/dl/android/maven2/org/jetbrains/kotlin/kotlin-gradle-plugin-annotations/2.1.0/kotlin-gradle-plugin-annotations-2.1.0.pom.sha256 HTTP_404"	""	""	""	""	""	""	""	""	""	""	"DECLARED_RELEASE_CONFIGURATION"
"metadata"	"org.jetbrains.kotlin"	"kotlin-gradle-plugin-annotations"	"2.2.20"	"kotlin-gradle-plugin-annotations-2.2.20.pom"	"1492"	"b1b6e011792d7ca92fecafbffac4a508f76f039c9f7ae8a323d189288825f4fe"	"NO_MATCHING_SIDECAR"	""	""	"https://repo.maven.apache.org/maven2/org/jetbrains/kotlin/kotlin-gradle-plugin-annotations/2.2.20/kotlin-gradle-plugin-annotations-2.2.20.pom.sha256 HTTP_404; https://dl.google.com/dl/android/maven2/org/jetbrains/kotlin/kotlin-gradle-plugin-annotations/2.2.20/kotlin-gradle-plugin-annotations-2.2.20.pom.sha256 HTTP_404"	""	""	""	""	""	""	""	""	""	""	"DECLARED_RELEASE_CONFIGURATION"
"metadata"	"org.jetbrains.kotlin"	"kotlin-gradle-plugin-api"	"2.1.0"	"kotlin-gradle-plugin-api-2.1.0.module"	"70994"	"9ad196cf9a5c7d8840ad974d697a3af94990ecf16df681e755a90bf42a3ea410"	"NO_MATCHING_SIDECAR"	""	""	"https://repo.maven.apache.org/maven2/org/jetbrains/kotlin/kotlin-gradle-plugin-api/2.1.0/kotlin-gradle-plugin-api-2.1.0.module.sha256 HTTP_404; https://dl.google.com/dl/android/maven2/org/jetbrains/kotlin/kotlin-gradle-plugin-api/2.1.0/kotlin-gradle-plugin-api-2.1.0.module.sha256 HTTP_404"	""	""	""	""	""	""	""	""	""	""	"DECLARED_RELEASE_CONFIGURATION"
"metadata"	"org.jetbrains.kotlin"	"kotlin-gradle-plugin-api"	"2.1.0"	"kotlin-gradle-plugin-api-2.1.0.pom"	"6426"	"0ff4073f1b65757a6a5b5cdcd8991b7b1f1b222bb0b9ee24771c022f97e59a31"	"NO_MATCHING_SIDECAR"	""	""	"https://repo.maven.apache.org/maven2/org/jetbrains/kotlin/kotlin-gradle-plugin-api/2.1.0/kotlin-gradle-plugin-api-2.1.0.pom.sha256 HTTP_404; https://dl.google.com/dl/android/maven2/org/jetbrains/kotlin/kotlin-gradle-plugin-api/2.1.0/kotlin-gradle-plugin-api-2.1.0.pom.sha256 HTTP_404"	""	""	""	""	""	""	""	""	""	""	"DECLARED_RELEASE_CONFIGURATION"
"metadata"	"org.jetbrains.kotlin"	"kotlin-gradle-plugin-api"	"2.2.20"	"kotlin-gradle-plugin-api-2.2.20.module"	"128566"	"4fcbf1fc7e54cebfe90b9a5e0fb46962fed5c22d37239da235f5e2dfbc6d5288"	"NO_MATCHING_SIDECAR"	""	""	"https://repo.maven.apache.org/maven2/org/jetbrains/kotlin/kotlin-gradle-plugin-api/2.2.20/kotlin-gradle-plugin-api-2.2.20.module.sha256 HTTP_404; https://dl.google.com/dl/android/maven2/org/jetbrains/kotlin/kotlin-gradle-plugin-api/2.2.20/kotlin-gradle-plugin-api-2.2.20.module.sha256 HTTP_404"	""	""	""	""	""	""	""	""	""	""	"DECLARED_RELEASE_CONFIGURATION"
"metadata"	"org.jetbrains.kotlin"	"kotlin-gradle-plugin-api"	"2.2.20"	"kotlin-gradle-plugin-api-2.2.20.pom"	"6411"	"0b913da0d2188420263a904bb40a640fdb35a535a72f0582fe59641e3a0c4a2e"	"NO_MATCHING_SIDECAR"	""	""	"https://repo.maven.apache.org/maven2/org/jetbrains/kotlin/kotlin-gradle-plugin-api/2.2.20/kotlin-gradle-plugin-api-2.2.20.pom.sha256 HTTP_404; https://dl.google.com/dl/android/maven2/org/jetbrains/kotlin/kotlin-gradle-plugin-api/2.2.20/kotlin-gradle-plugin-api-2.2.20.pom.sha256 HTTP_404"	""	""	""	""	""	""	""	""	""	""	"DECLARED_RELEASE_CONFIGURATION"
"metadata"	"org.jetbrains.kotlin"	"kotlin-gradle-plugin-idea"	"2.1.0"	"kotlin-gradle-plugin-idea-2.1.0.module"	"7358"	"cb206888b337cc56acba00bded11942b03b463333fedf25cccd741ef73a8c3e9"	"NO_MATCHING_SIDECAR"	""	""	"https://repo.maven.apache.org/maven2/org/jetbrains/kotlin/kotlin-gradle-plugin-idea/2.1.0/kotlin-gradle-plugin-idea-2.1.0.module.sha256 HTTP_404; https://dl.google.com/dl/android/maven2/org/jetbrains/kotlin/kotlin-gradle-plugin-idea/2.1.0/kotlin-gradle-plugin-idea-2.1.0.module.sha256 HTTP_404"	""	""	""	""	""	""	""	""	""	""	"DECLARED_RELEASE_CONFIGURATION"
"metadata"	"org.jetbrains.kotlin"	"kotlin-gradle-plugin-idea"	"2.1.0"	"kotlin-gradle-plugin-idea-2.1.0.pom"	"2407"	"ee121baa3419b63d5f01f2872e6f6b793d0076b391b74f8011dab796d60a0361"	"NO_MATCHING_SIDECAR"	""	""	"https://repo.maven.apache.org/maven2/org/jetbrains/kotlin/kotlin-gradle-plugin-idea/2.1.0/kotlin-gradle-plugin-idea-2.1.0.pom.sha256 HTTP_404; https://dl.google.com/dl/android/maven2/org/jetbrains/kotlin/kotlin-gradle-plugin-idea/2.1.0/kotlin-gradle-plugin-idea-2.1.0.pom.sha256 HTTP_404"	""	""	""	""	""	""	""	""	""	""	"DECLARED_RELEASE_CONFIGURATION"
"metadata"	"org.jetbrains.kotlin"	"kotlin-gradle-plugin-idea"	"2.2.20"	"kotlin-gradle-plugin-idea-2.2.20.module"	"7383"	"fc85bb29496cc3f5f90c78c7a277a3930ef1160f0843f8aed647b74c67a3b494"	"NO_MATCHING_SIDECAR"	""	""	"https://repo.maven.apache.org/maven2/org/jetbrains/kotlin/kotlin-gradle-plugin-idea/2.2.20/kotlin-gradle-plugin-idea-2.2.20.module.sha256 HTTP_404; https://dl.google.com/dl/android/maven2/org/jetbrains/kotlin/kotlin-gradle-plugin-idea/2.2.20/kotlin-gradle-plugin-idea-2.2.20.module.sha256 HTTP_404"	""	""	""	""	""	""	""	""	""	""	"DECLARED_RELEASE_CONFIGURATION"
"metadata"	"org.jetbrains.kotlin"	"kotlin-gradle-plugin-idea"	"2.2.20"	"kotlin-gradle-plugin-idea-2.2.20.pom"	"2391"	"36442325445f17bac21f5386bb4938f83e772b834e586053d4145b1a75d9e285"	"NO_MATCHING_SIDECAR"	""	""	"https://repo.maven.apache.org/maven2/org/jetbrains/kotlin/kotlin-gradle-plugin-idea/2.2.20/kotlin-gradle-plugin-idea-2.2.20.pom.sha256 HTTP_404; https://dl.google.com/dl/android/maven2/org/jetbrains/kotlin/kotlin-gradle-plugin-idea/2.2.20/kotlin-gradle-plugin-idea-2.2.20.pom.sha256 HTTP_404"	""	""	""	""	""	""	""	""	""	""	"DECLARED_RELEASE_CONFIGURATION"
"metadata"	"org.jetbrains.kotlin"	"kotlin-gradle-plugin-idea-proto"	"2.1.0"	"kotlin-gradle-plugin-idea-proto-2.1.0.pom"	"1417"	"0ec74e3cc7c7a20ca4d8860f9d2cd965670ec419b389ead09d712c81d1bc6047"	"NO_MATCHING_SIDECAR"	""	""	"https://repo.maven.apache.org/maven2/org/jetbrains/kotlin/kotlin-gradle-plugin-idea-proto/2.1.0/kotlin-gradle-plugin-idea-proto-2.1.0.pom.sha256 HTTP_404; https://dl.google.com/dl/android/maven2/org/jetbrains/kotlin/kotlin-gradle-plugin-idea-proto/2.1.0/kotlin-gradle-plugin-idea-proto-2.1.0.pom.sha256 HTTP_404"	""	""	""	""	""	""	""	""	""	""	"DECLARED_RELEASE_CONFIGURATION"
"metadata"	"org.jetbrains.kotlin"	"kotlin-gradle-plugin-idea-proto"	"2.2.20"	"kotlin-gradle-plugin-idea-proto-2.2.20.pom"	"1398"	"c51ba149c7f29359d25a4ed1212e28b6934e1a4756f552c0007bf1144d289c1d"	"NO_MATCHING_SIDECAR"	""	""	"https://repo.maven.apache.org/maven2/org/jetbrains/kotlin/kotlin-gradle-plugin-idea-proto/2.2.20/kotlin-gradle-plugin-idea-proto-2.2.20.pom.sha256 HTTP_404; https://dl.google.com/dl/android/maven2/org/jetbrains/kotlin/kotlin-gradle-plugin-idea-proto/2.2.20/kotlin-gradle-plugin-idea-proto-2.2.20.pom.sha256 HTTP_404"	""	""	""	""	""	""	""	""	""	""	"DECLARED_RELEASE_CONFIGURATION"
"metadata"	"org.jetbrains.kotlin"	"kotlin-gradle-plugin-model"	"2.1.0"	"kotlin-gradle-plugin-model-2.1.0.module"	"34765"	"fdb78fa159a111bf9cd0c08023b728c77aebddcb95cfdc505f926a9218adc6a1"	"NO_MATCHING_SIDECAR"	""	""	"https://repo.maven.apache.org/maven2/org/jetbrains/kotlin/kotlin-gradle-plugin-model/2.1.0/kotlin-gradle-plugin-model-2.1.0.module.sha256 HTTP_404; https://dl.google.com/dl/android/maven2/org/jetbrains/kotlin/kotlin-gradle-plugin-model/2.1.0/kotlin-gradle-plugin-model-2.1.0.module.sha256 HTTP_404"	""	""	""	""	""	""	""	""	""	""	"DECLARED_RELEASE_CONFIGURATION"
"metadata"	"org.jetbrains.kotlin"	"kotlin-gradle-plugin-model"	"2.1.0"	"kotlin-gradle-plugin-model-2.1.0.pom"	"2987"	"7b3f0b73daeee310b734a7a2b1b0e2212a0d4684ca0d5f24cccc81db8b50c875"	"NO_MATCHING_SIDECAR"	""	""	"https://repo.maven.apache.org/maven2/org/jetbrains/kotlin/kotlin-gradle-plugin-model/2.1.0/kotlin-gradle-plugin-model-2.1.0.pom.sha256 HTTP_404; https://dl.google.com/dl/android/maven2/org/jetbrains/kotlin/kotlin-gradle-plugin-model/2.1.0/kotlin-gradle-plugin-model-2.1.0.pom.sha256 HTTP_404"	""	""	""	""	""	""	""	""	""	""	"DECLARED_RELEASE_CONFIGURATION"
"metadata"	"org.jetbrains.kotlin"	"kotlin-gradle-plugin-model"	"2.2.20"	"kotlin-gradle-plugin-model-2.2.20.module"	"61883"	"11974a54f48e0825e977130bf6ef6ac99a7fdb5eb2af9de265af624c763683e5"	"NO_MATCHING_SIDECAR"	""	""	"https://repo.maven.apache.org/maven2/org/jetbrains/kotlin/kotlin-gradle-plugin-model/2.2.20/kotlin-gradle-plugin-model-2.2.20.module.sha256 HTTP_404; https://dl.google.com/dl/android/maven2/org/jetbrains/kotlin/kotlin-gradle-plugin-model/2.2.20/kotlin-gradle-plugin-model-2.2.20.module.sha256 HTTP_404"	""	""	""	""	""	""	""	""	""	""	"DECLARED_RELEASE_CONFIGURATION"
"metadata"	"org.jetbrains.kotlin"	"kotlin-gradle-plugin-model"	"2.2.20"	"kotlin-gradle-plugin-model-2.2.20.pom"	"2969"	"dee0e307ba6e6f51903c7e433de852675d1e30e7f22cf2465b1825552651edfb"	"NO_MATCHING_SIDECAR"	""	""	"https://repo.maven.apache.org/maven2/org/jetbrains/kotlin/kotlin-gradle-plugin-model/2.2.20/kotlin-gradle-plugin-model-2.2.20.pom.sha256 HTTP_404; https://dl.google.com/dl/android/maven2/org/jetbrains/kotlin/kotlin-gradle-plugin-model/2.2.20/kotlin-gradle-plugin-model-2.2.20.pom.sha256 HTTP_404"	""	""	""	""	""	""	""	""	""	""	"DECLARED_RELEASE_CONFIGURATION"
"metadata"	"org.jetbrains.kotlin"	"kotlin-gradle-plugins-bom"	"2.1.0"	"kotlin-gradle-plugins-bom-2.1.0.module"	"5947"	"a81bd9adbd3ba75a05a6c3a3ed846e0c92a5a7ac4ce8363cf604b4f2c8a7b75c"	"NO_MATCHING_SIDECAR"	""	""	"https://repo.maven.apache.org/maven2/org/jetbrains/kotlin/kotlin-gradle-plugins-bom/2.1.0/kotlin-gradle-plugins-bom-2.1.0.module.sha256 HTTP_404; https://dl.google.com/dl/android/maven2/org/jetbrains/kotlin/kotlin-gradle-plugins-bom/2.1.0/kotlin-gradle-plugins-bom-2.1.0.module.sha256 HTTP_404"	""	""	""	""	""	""	""	""	""	""	"LINT_RELEASE_TASK_TIME_OBSERVED_CACHE"
"metadata"	"org.jetbrains.kotlin"	"kotlin-gradle-plugins-bom"	"2.1.0"	"kotlin-gradle-plugins-bom-2.1.0.pom"	"4253"	"9216b199d987cab680450aac715caa57571f8a67800e36e37026f8f453c1feb1"	"NO_MATCHING_SIDECAR"	""	""	"https://repo.maven.apache.org/maven2/org/jetbrains/kotlin/kotlin-gradle-plugins-bom/2.1.0/kotlin-gradle-plugins-bom-2.1.0.pom.sha256 HTTP_404; https://dl.google.com/dl/android/maven2/org/jetbrains/kotlin/kotlin-gradle-plugins-bom/2.1.0/kotlin-gradle-plugins-bom-2.1.0.pom.sha256 HTTP_404"	""	""	""	""	""	""	""	""	""	""	"LINT_RELEASE_TASK_TIME_OBSERVED_CACHE"
"metadata"	"org.jetbrains.kotlin"	"kotlin-gradle-plugins-bom"	"2.2.20"	"kotlin-gradle-plugins-bom-2.2.20.module"	"7063"	"3fbb4575ae37c4a776aeb86d8ff93c6aa11b0cf2da75749c5320e25850b0229e"	"NO_MATCHING_SIDECAR"	""	""	"https://repo.maven.apache.org/maven2/org/jetbrains/kotlin/kotlin-gradle-plugins-bom/2.2.20/kotlin-gradle-plugins-bom-2.2.20.module.sha256 HTTP_404; https://dl.google.com/dl/android/maven2/org/jetbrains/kotlin/kotlin-gradle-plugins-bom/2.2.20/kotlin-gradle-plugins-bom-2.2.20.module.sha256 HTTP_404"	""	""	""	""	""	""	""	""	""	""	"LINT_RELEASE_TASK_TIME_OBSERVED_CACHE"
"metadata"	"org.jetbrains.kotlin"	"kotlin-gradle-plugins-bom"	"2.2.20"	"kotlin-gradle-plugins-bom-2.2.20.pom"	"4787"	"3c6d469e915fbb3096ac4cb8c2f46c79d027c3c590e658a10688a1571eb578d8"	"NO_MATCHING_SIDECAR"	""	""	"https://repo.maven.apache.org/maven2/org/jetbrains/kotlin/kotlin-gradle-plugins-bom/2.2.20/kotlin-gradle-plugins-bom-2.2.20.pom.sha256 HTTP_404; https://dl.google.com/dl/android/maven2/org/jetbrains/kotlin/kotlin-gradle-plugins-bom/2.2.20/kotlin-gradle-plugins-bom-2.2.20.pom.sha256 HTTP_404"	""	""	""	""	""	""	""	""	""	""	"LINT_RELEASE_TASK_TIME_OBSERVED_CACHE"
"metadata"	"org.jetbrains.kotlin"	"kotlin-klib-commonizer-api"	"2.1.0"	"kotlin-klib-commonizer-api-2.1.0.pom"	"1590"	"6ee261b9393ccd649ef39efea73bef2e98e46caed5622008dedd769e4cd877eb"	"NO_MATCHING_SIDECAR"	""	""	"https://repo.maven.apache.org/maven2/org/jetbrains/kotlin/kotlin-klib-commonizer-api/2.1.0/kotlin-klib-commonizer-api-2.1.0.pom.sha256 HTTP_404; https://dl.google.com/dl/android/maven2/org/jetbrains/kotlin/kotlin-klib-commonizer-api/2.1.0/kotlin-klib-commonizer-api-2.1.0.pom.sha256 HTTP_404"	""	""	""	""	""	""	""	""	""	""	"DECLARED_RELEASE_CONFIGURATION"
"metadata"	"org.jetbrains.kotlin"	"kotlin-klib-commonizer-api"	"2.2.20"	"kotlin-klib-commonizer-api-2.2.20.pom"	"1572"	"0b3009b49426bfa177aad94b48109b8ca54c724ea2e6c506826a3a95cf5910e1"	"NO_MATCHING_SIDECAR"	""	""	"https://repo.maven.apache.org/maven2/org/jetbrains/kotlin/kotlin-klib-commonizer-api/2.2.20/kotlin-klib-commonizer-api-2.2.20.pom.sha256 HTTP_404; https://dl.google.com/dl/android/maven2/org/jetbrains/kotlin/kotlin-klib-commonizer-api/2.2.20/kotlin-klib-commonizer-api-2.2.20.pom.sha256 HTTP_404"	""	""	""	""	""	""	""	""	""	""	"DECLARED_RELEASE_CONFIGURATION"
"metadata"	"org.jetbrains.kotlin"	"kotlin-native-utils"	"2.1.0"	"kotlin-native-utils-2.1.0.pom"	"1883"	"e8d410f736cfaca2fb277b98e4a2796f0e544e1e096a004385c7befce531ee01"	"NO_MATCHING_SIDECAR"	""	""	"https://repo.maven.apache.org/maven2/org/jetbrains/kotlin/kotlin-native-utils/2.1.0/kotlin-native-utils-2.1.0.pom.sha256 HTTP_404; https://dl.google.com/dl/android/maven2/org/jetbrains/kotlin/kotlin-native-utils/2.1.0/kotlin-native-utils-2.1.0.pom.sha256 HTTP_404"	""	""	""	""	""	""	""	""	""	""	"DECLARED_RELEASE_CONFIGURATION"
"metadata"	"org.jetbrains.kotlin"	"kotlin-native-utils"	"2.2.20"	"kotlin-native-utils-2.2.20.pom"	"1866"	"53efbee05a7122189060f5ee5eca687639ceafe29f5e5996de9862a29c672725"	"NO_MATCHING_SIDECAR"	""	""	"https://repo.maven.apache.org/maven2/org/jetbrains/kotlin/kotlin-native-utils/2.2.20/kotlin-native-utils-2.2.20.pom.sha256 HTTP_404; https://dl.google.com/dl/android/maven2/org/jetbrains/kotlin/kotlin-native-utils/2.2.20/kotlin-native-utils-2.2.20.pom.sha256 HTTP_404"	""	""	""	""	""	""	""	""	""	""	"DECLARED_RELEASE_CONFIGURATION"
"metadata"	"org.jetbrains.kotlin"	"kotlin-reflect"	"1.6.10"	"kotlin-reflect-1.6.10.pom"	"1375"	"57905524274a00ae028aaccc27283f6bc5925a934a046c1cc5d06c8ee4d6d5a9"	"NO_MATCHING_SIDECAR"	""	""	"https://repo.maven.apache.org/maven2/org/jetbrains/kotlin/kotlin-reflect/1.6.10/kotlin-reflect-1.6.10.pom.sha256 HTTP_404; https://dl.google.com/dl/android/maven2/org/jetbrains/kotlin/kotlin-reflect/1.6.10/kotlin-reflect-1.6.10.pom.sha256 HTTP_404"	""	""	""	""	""	""	""	""	""	""	"DECLARED_RELEASE_CONFIGURATION"
"metadata"	"org.jetbrains.kotlin"	"kotlin-reflect"	"1.8.21"	"kotlin-reflect-1.8.21.pom"	"1376"	"39d78db33222cdbb32b618c7c5223d4457cc19742856d116a85090e4a96f623a"	"NO_MATCHING_SIDECAR"	""	""	"https://repo.maven.apache.org/maven2/org/jetbrains/kotlin/kotlin-reflect/1.8.21/kotlin-reflect-1.8.21.pom.sha256 HTTP_404; https://dl.google.com/dl/android/maven2/org/jetbrains/kotlin/kotlin-reflect/1.8.21/kotlin-reflect-1.8.21.pom.sha256 HTTP_404"	""	""	""	""	""	""	""	""	""	""	"DECLARED_RELEASE_CONFIGURATION"
"metadata"	"org.jetbrains.kotlin"	"kotlin-reflect"	"2.2.0"	"kotlin-reflect-2.2.0.pom"	"1370"	"deed831efcb663e4cf3d5121e5ae796f201e37b813d2c7d607b5f1f8a86fe52e"	"NO_MATCHING_SIDECAR"	""	""	"https://repo.maven.apache.org/maven2/org/jetbrains/kotlin/kotlin-reflect/2.2.0/kotlin-reflect-2.2.0.pom.sha256 HTTP_404; https://dl.google.com/dl/android/maven2/org/jetbrains/kotlin/kotlin-reflect/2.2.0/kotlin-reflect-2.2.0.pom.sha256 HTTP_404"	""	""	""	""	""	""	""	""	""	""	"DECLARED_RELEASE_CONFIGURATION"
"metadata"	"org.jetbrains.kotlin"	"kotlin-script-runtime"	"2.1.0"	"kotlin-script-runtime-2.1.0.pom"	"1154"	"f3332fc0f5e962f6aefe0a2c08d3c4d7ab35b13a05dac84c4bc6914e26ed27cd"	"NO_MATCHING_SIDECAR"	""	""	"https://repo.maven.apache.org/maven2/org/jetbrains/kotlin/kotlin-script-runtime/2.1.0/kotlin-script-runtime-2.1.0.pom.sha256 HTTP_404; https://dl.google.com/dl/android/maven2/org/jetbrains/kotlin/kotlin-script-runtime/2.1.0/kotlin-script-runtime-2.1.0.pom.sha256 HTTP_404"	""	""	""	""	""	""	""	""	""	""	"DECLARED_RELEASE_CONFIGURATION"
"metadata"	"org.jetbrains.kotlin"	"kotlin-scripting-common"	"2.1.0"	"kotlin-scripting-common-2.1.0.pom"	"1381"	"ab2b23f0cb72ec042c2b808fb18985a7ebe75a65aaa00527969e94325c6c006b"	"NO_MATCHING_SIDECAR"	""	""	"https://repo.maven.apache.org/maven2/org/jetbrains/kotlin/kotlin-scripting-common/2.1.0/kotlin-scripting-common-2.1.0.pom.sha256 HTTP_404; https://dl.google.com/dl/android/maven2/org/jetbrains/kotlin/kotlin-scripting-common/2.1.0/kotlin-scripting-common-2.1.0.pom.sha256 HTTP_404"	""	""	""	""	""	""	""	""	""	""	"DECLARED_RELEASE_CONFIGURATION"
"metadata"	"org.jetbrains.kotlin"	"kotlin-scripting-compiler-embeddable"	"2.1.0"	"kotlin-scripting-compiler-embeddable-2.1.0.pom"	"1658"	"cbfaecdb0693983ab5b6aeab5e70813969f99a239c731c46f8f7404c055d7227"	"NO_MATCHING_SIDECAR"	""	""	"https://repo.maven.apache.org/maven2/org/jetbrains/kotlin/kotlin-scripting-compiler-embeddable/2.1.0/kotlin-scripting-compiler-embeddable-2.1.0.pom.sha256 HTTP_404; https://dl.google.com/dl/android/maven2/org/jetbrains/kotlin/kotlin-scripting-compiler-embeddable/2.1.0/kotlin-scripting-compiler-embeddable-2.1.0.pom.sha256 HTTP_404"	""	""	""	""	""	""	""	""	""	""	"DECLARED_RELEASE_CONFIGURATION"
"metadata"	"org.jetbrains.kotlin"	"kotlin-scripting-compiler-impl-embeddable"	"2.1.0"	"kotlin-scripting-compiler-impl-embeddable-2.1.0.pom"	"1855"	"8b549ab2aadab49d369bfe8f1806f71ff98ffafa1570672ad8f7a8b01b236c7b"	"NO_MATCHING_SIDECAR"	""	""	"https://repo.maven.apache.org/maven2/org/jetbrains/kotlin/kotlin-scripting-compiler-impl-embeddable/2.1.0/kotlin-scripting-compiler-impl-embeddable-2.1.0.pom.sha256 HTTP_404; https://dl.google.com/dl/android/maven2/org/jetbrains/kotlin/kotlin-scripting-compiler-impl-embeddable/2.1.0/kotlin-scripting-compiler-impl-embeddable-2.1.0.pom.sha256 HTTP_404"	""	""	""	""	""	""	""	""	""	""	"DECLARED_RELEASE_CONFIGURATION"
"metadata"	"org.jetbrains.kotlin"	"kotlin-scripting-jvm"	"2.1.0"	"kotlin-scripting-jvm-2.1.0.pom"	"1762"	"f0dd3c1c8a8b1dc258b566668a2dbd777ed9ad48ccafa60ec1752480b54d347a"	"NO_MATCHING_SIDECAR"	""	""	"https://repo.maven.apache.org/maven2/org/jetbrains/kotlin/kotlin-scripting-jvm/2.1.0/kotlin-scripting-jvm-2.1.0.pom.sha256 HTTP_404; https://dl.google.com/dl/android/maven2/org/jetbrains/kotlin/kotlin-scripting-jvm/2.1.0/kotlin-scripting-jvm-2.1.0.pom.sha256 HTTP_404"	""	""	""	""	""	""	""	""	""	""	"DECLARED_RELEASE_CONFIGURATION"
"metadata"	"org.jetbrains.kotlin"	"kotlin-stdlib"	"2.1.0"	"kotlin-stdlib-2.1.0.module"	"12387"	"dcfbc8e8bf32cd67a7efadd91d31152bce9870911d6ec50878f4fdb6e03e70e2"	"NO_MATCHING_SIDECAR"	""	""	"https://repo.maven.apache.org/maven2/org/jetbrains/kotlin/kotlin-stdlib/2.1.0/kotlin-stdlib-2.1.0.module.sha256 HTTP_404; https://dl.google.com/dl/android/maven2/org/jetbrains/kotlin/kotlin-stdlib/2.1.0/kotlin-stdlib-2.1.0.module.sha256 HTTP_404"	""	""	""	""	""	""	""	""	""	""	"DECLARED_RELEASE_CONFIGURATION"
"metadata"	"org.jetbrains.kotlin"	"kotlin-stdlib"	"2.1.0"	"kotlin-stdlib-2.1.0.pom"	"2320"	"134e48c17796c1c1027ecbe6c9f1c75c792f535987ab89e1e1dda43f8c366f5e"	"NO_MATCHING_SIDECAR"	""	""	"https://repo.maven.apache.org/maven2/org/jetbrains/kotlin/kotlin-stdlib/2.1.0/kotlin-stdlib-2.1.0.pom.sha256 HTTP_404; https://dl.google.com/dl/android/maven2/org/jetbrains/kotlin/kotlin-stdlib/2.1.0/kotlin-stdlib-2.1.0.pom.sha256 HTTP_404"	""	""	""	""	""	""	""	""	""	""	"DECLARED_RELEASE_CONFIGURATION"
"metadata"	"org.jetbrains.kotlin"	"kotlin-stdlib"	"2.2.0"	"kotlin-stdlib-2.2.0.module"	"12388"	"a5b98fdcd9db017d542e197225dcee18d658a56de1db2cc41e13196d6b1769a4"	"NO_MATCHING_SIDECAR"	""	""	"https://repo.maven.apache.org/maven2/org/jetbrains/kotlin/kotlin-stdlib/2.2.0/kotlin-stdlib-2.2.0.module.sha256 HTTP_404; https://dl.google.com/dl/android/maven2/org/jetbrains/kotlin/kotlin-stdlib/2.2.0/kotlin-stdlib-2.2.0.module.sha256 HTTP_404"	""	""	""	""	""	""	""	""	""	""	"DECLARED_RELEASE_CONFIGURATION"
"metadata"	"org.jetbrains.kotlin"	"kotlin-stdlib"	"2.2.0"	"kotlin-stdlib-2.2.0.pom"	"2320"	"8c3c821007c13411558739b9f3d5382eb81551db3895cffb89561e56c0f4dc16"	"NO_MATCHING_SIDECAR"	""	""	"https://repo.maven.apache.org/maven2/org/jetbrains/kotlin/kotlin-stdlib/2.2.0/kotlin-stdlib-2.2.0.pom.sha256 HTTP_404; https://dl.google.com/dl/android/maven2/org/jetbrains/kotlin/kotlin-stdlib/2.2.0/kotlin-stdlib-2.2.0.pom.sha256 HTTP_404"	""	""	""	""	""	""	""	""	""	""	"DECLARED_RELEASE_CONFIGURATION"
"metadata"	"org.jetbrains.kotlin"	"kotlin-stdlib-common"	"2.1.0"	"kotlin-stdlib-common-2.1.0.module"	"622"	"2b9a5ae785f8513a93f8cec3f6e5e07f8b1766f8497b3a487f3441a251d67563"	"NO_MATCHING_SIDECAR"	""	""	"https://repo.maven.apache.org/maven2/org/jetbrains/kotlin/kotlin-stdlib-common/2.1.0/kotlin-stdlib-common-2.1.0.module.sha256 HTTP_404; https://dl.google.com/dl/android/maven2/org/jetbrains/kotlin/kotlin-stdlib-common/2.1.0/kotlin-stdlib-common-2.1.0.module.sha256 HTTP_404"	""	""	""	""	""	""	""	""	""	""	"LINT_RELEASE_TASK_TIME_OBSERVED_CACHE"
"metadata"	"org.jetbrains.kotlin"	"kotlin-stdlib-common"	"2.1.0"	"kotlin-stdlib-common-2.1.0.pom"	"1840"	"4a9da7a9e5295bd542d5863cae035f7af9ca101f225c4a0891c3d2df8dc2a80d"	"NO_MATCHING_SIDECAR"	""	""	"https://repo.maven.apache.org/maven2/org/jetbrains/kotlin/kotlin-stdlib-common/2.1.0/kotlin-stdlib-common-2.1.0.pom.sha256 HTTP_404; https://dl.google.com/dl/android/maven2/org/jetbrains/kotlin/kotlin-stdlib-common/2.1.0/kotlin-stdlib-common-2.1.0.pom.sha256 HTTP_404"	""	""	""	""	""	""	""	""	""	""	"LINT_RELEASE_TASK_TIME_OBSERVED_CACHE"
"metadata"	"org.jetbrains.kotlin"	"kotlin-stdlib-jdk7"	"2.1.0"	"kotlin-stdlib-jdk7-2.1.0.pom"	"1387"	"06fbc14ecb14a0af47b5a3f8d34763f4933d5cba5a3d245045bfe2f2bdb91b1e"	"NO_MATCHING_SIDECAR"	""	""	"https://repo.maven.apache.org/maven2/org/jetbrains/kotlin/kotlin-stdlib-jdk7/2.1.0/kotlin-stdlib-jdk7-2.1.0.pom.sha256 HTTP_404; https://dl.google.com/dl/android/maven2/org/jetbrains/kotlin/kotlin-stdlib-jdk7/2.1.0/kotlin-stdlib-jdk7-2.1.0.pom.sha256 HTTP_404"	""	""	""	""	""	""	""	""	""	""	"DECLARED_RELEASE_CONFIGURATION"
"metadata"	"org.jetbrains.kotlin"	"kotlin-stdlib-jdk7"	"2.2.0"	"kotlin-stdlib-jdk7-2.2.0.pom"	"1387"	"95c2189c35ef7bfc48951c32ad70847b21f3809d26f5d0a76e23570879988c30"	"NO_MATCHING_SIDECAR"	""	""	"https://repo.maven.apache.org/maven2/org/jetbrains/kotlin/kotlin-stdlib-jdk7/2.2.0/kotlin-stdlib-jdk7-2.2.0.pom.sha256 HTTP_404; https://dl.google.com/dl/android/maven2/org/jetbrains/kotlin/kotlin-stdlib-jdk7/2.2.0/kotlin-stdlib-jdk7-2.2.0.pom.sha256 HTTP_404"	""	""	""	""	""	""	""	""	""	""	"DECLARED_RELEASE_CONFIGURATION"
"metadata"	"org.jetbrains.kotlin"	"kotlin-stdlib-jdk8"	"2.1.0"	"kotlin-stdlib-jdk8-2.1.0.pom"	"1578"	"e762b8c45690ae8a6a35df584f54be9c9da65885e61a905426aeafca5937e1ce"	"NO_MATCHING_SIDECAR"	""	""	"https://repo.maven.apache.org/maven2/org/jetbrains/kotlin/kotlin-stdlib-jdk8/2.1.0/kotlin-stdlib-jdk8-2.1.0.pom.sha256 HTTP_404; https://dl.google.com/dl/android/maven2/org/jetbrains/kotlin/kotlin-stdlib-jdk8/2.1.0/kotlin-stdlib-jdk8-2.1.0.pom.sha256 HTTP_404"	""	""	""	""	""	""	""	""	""	""	"DECLARED_RELEASE_CONFIGURATION"
"metadata"	"org.jetbrains.kotlin"	"kotlin-stdlib-jdk8"	"2.2.0"	"kotlin-stdlib-jdk8-2.2.0.pom"	"1578"	"234d06fdbdc29dcbc07447e28c4a26abab9599d5c3daa3d92a34e6aedea236a6"	"NO_MATCHING_SIDECAR"	""	""	"https://repo.maven.apache.org/maven2/org/jetbrains/kotlin/kotlin-stdlib-jdk8/2.2.0/kotlin-stdlib-jdk8-2.2.0.pom.sha256 HTTP_404; https://dl.google.com/dl/android/maven2/org/jetbrains/kotlin/kotlin-stdlib-jdk8/2.2.0/kotlin-stdlib-jdk8-2.2.0.pom.sha256 HTTP_404"	""	""	""	""	""	""	""	""	""	""	"DECLARED_RELEASE_CONFIGURATION"
"metadata"	"org.jetbrains.kotlin"	"kotlin-tooling-core"	"2.1.0"	"kotlin-tooling-core-2.1.0.pom"	"1148"	"a5a4e9f54a413cdb2c1d140c349b559f684b0da8b0216a0a5645206f3fc581af"	"NO_MATCHING_SIDECAR"	""	""	"https://repo.maven.apache.org/maven2/org/jetbrains/kotlin/kotlin-tooling-core/2.1.0/kotlin-tooling-core-2.1.0.pom.sha256 HTTP_404; https://dl.google.com/dl/android/maven2/org/jetbrains/kotlin/kotlin-tooling-core/2.1.0/kotlin-tooling-core-2.1.0.pom.sha256 HTTP_404"	""	""	""	""	""	""	""	""	""	""	"DECLARED_RELEASE_CONFIGURATION"
"metadata"	"org.jetbrains.kotlin"	"kotlin-tooling-core"	"2.2.20"	"kotlin-tooling-core-2.2.20.pom"	"1128"	"8ef7a9d9062ce7dc3fc655715dd028a9944b7849613e011847c5d6b3b9928171"	"NO_MATCHING_SIDECAR"	""	""	"https://repo.maven.apache.org/maven2/org/jetbrains/kotlin/kotlin-tooling-core/2.2.20/kotlin-tooling-core-2.2.20.pom.sha256 HTTP_404; https://dl.google.com/dl/android/maven2/org/jetbrains/kotlin/kotlin-tooling-core/2.2.20/kotlin-tooling-core-2.2.20.pom.sha256 HTTP_404"	""	""	""	""	""	""	""	""	""	""	"DECLARED_RELEASE_CONFIGURATION"
"metadata"	"org.jetbrains.kotlin"	"kotlin-util-io"	"2.1.0"	"kotlin-util-io-2.1.0.pom"	"1354"	"ec557203d9248a3701e1665a256cf1e91691733d95fdf2f18f39e8a8ec93c7a1"	"NO_MATCHING_SIDECAR"	""	""	"https://repo.maven.apache.org/maven2/org/jetbrains/kotlin/kotlin-util-io/2.1.0/kotlin-util-io-2.1.0.pom.sha256 HTTP_404; https://dl.google.com/dl/android/maven2/org/jetbrains/kotlin/kotlin-util-io/2.1.0/kotlin-util-io-2.1.0.pom.sha256 HTTP_404"	""	""	""	""	""	""	""	""	""	""	"DECLARED_RELEASE_CONFIGURATION"
"metadata"	"org.jetbrains.kotlin"	"kotlin-util-io"	"2.2.20"	"kotlin-util-io-2.2.20.pom"	"1335"	"c6a5d01848cd040cfc8f7bae6232d792d705c293a2da7266ae626ccdb35d6a03"	"NO_MATCHING_SIDECAR"	""	""	"https://repo.maven.apache.org/maven2/org/jetbrains/kotlin/kotlin-util-io/2.2.20/kotlin-util-io-2.2.20.pom.sha256 HTTP_404; https://dl.google.com/dl/android/maven2/org/jetbrains/kotlin/kotlin-util-io/2.2.20/kotlin-util-io-2.2.20.pom.sha256 HTTP_404"	""	""	""	""	""	""	""	""	""	""	"DECLARED_RELEASE_CONFIGURATION"
"metadata"	"org.jetbrains.kotlin"	"kotlin-util-klib"	"2.1.0"	"kotlin-util-klib-2.1.0.pom"	"1560"	"9ebfbbc73137f4d19883df909255adbfc6d13d8fa7ec9ef47066a3b688c96cdc"	"NO_MATCHING_SIDECAR"	""	""	"https://repo.maven.apache.org/maven2/org/jetbrains/kotlin/kotlin-util-klib/2.1.0/kotlin-util-klib-2.1.0.pom.sha256 HTTP_404; https://dl.google.com/dl/android/maven2/org/jetbrains/kotlin/kotlin-util-klib/2.1.0/kotlin-util-klib-2.1.0.pom.sha256 HTTP_404"	""	""	""	""	""	""	""	""	""	""	"DECLARED_RELEASE_CONFIGURATION"
"metadata"	"org.jetbrains.kotlin"	"kotlin-util-klib"	"2.2.20"	"kotlin-util-klib-2.2.20.pom"	"1542"	"da6c22477aaf42dda16d859adae9e3ed8abc921ccba7ff516134cc8bd359aa92"	"NO_MATCHING_SIDECAR"	""	""	"https://repo.maven.apache.org/maven2/org/jetbrains/kotlin/kotlin-util-klib/2.2.20/kotlin-util-klib-2.2.20.pom.sha256 HTTP_404; https://dl.google.com/dl/android/maven2/org/jetbrains/kotlin/kotlin-util-klib/2.2.20/kotlin-util-klib-2.2.20.pom.sha256 HTTP_404"	""	""	""	""	""	""	""	""	""	""	"DECLARED_RELEASE_CONFIGURATION"
"metadata"	"org.jetbrains.kotlin"	"kotlin-util-klib-metadata"	"2.1.0"	"kotlin-util-klib-metadata-2.1.0.pom"	"1776"	"e329322576dc1ca8cbe20a3afe4fd1f5724da3b95349b5538cd03b184ff971c2"	"NO_MATCHING_SIDECAR"	""	""	"https://repo.maven.apache.org/maven2/org/jetbrains/kotlin/kotlin-util-klib-metadata/2.1.0/kotlin-util-klib-metadata-2.1.0.pom.sha256 HTTP_404; https://dl.google.com/dl/android/maven2/org/jetbrains/kotlin/kotlin-util-klib-metadata/2.1.0/kotlin-util-klib-metadata-2.1.0.pom.sha256 HTTP_404"	""	""	""	""	""	""	""	""	""	""	"DECLARED_RELEASE_CONFIGURATION"
"metadata"	"org.jetbrains.kotlin"	"kotlin-util-klib-metadata"	"2.2.20"	"kotlin-util-klib-metadata-2.2.20.pom"	"1759"	"bed0065122065fae77dbc0c46ffc4146a685cbb18b8a3029abd5da3bfaa11027"	"NO_MATCHING_SIDECAR"	""	""	"https://repo.maven.apache.org/maven2/org/jetbrains/kotlin/kotlin-util-klib-metadata/2.2.20/kotlin-util-klib-metadata-2.2.20.pom.sha256 HTTP_404; https://dl.google.com/dl/android/maven2/org/jetbrains/kotlin/kotlin-util-klib-metadata/2.2.20/kotlin-util-klib-metadata-2.2.20.pom.sha256 HTTP_404"	""	""	""	""	""	""	""	""	""	""	"DECLARED_RELEASE_CONFIGURATION"
"metadata"	"org.jetbrains.kotlinx"	"kotlinx-coroutines-android"	"1.10.2"	"kotlinx-coroutines-android-1.10.2.module"	"4383"	"092fe38103eec62e94540ca0cd61039ef8f7d8e46694ec033be1f63f0ea2013d"	"MATCH"	"092fe38103eec62e94540ca0cd61039ef8f7d8e46694ec033be1f63f0ea2013d"	"https://repo.maven.apache.org/maven2/org/jetbrains/kotlinx/kotlinx-coroutines-android/1.10.2/kotlinx-coroutines-android-1.10.2.module.sha256"	""	""	""	""	""	""	""	""	""	""	""	"DECLARED_RELEASE_CONFIGURATION"
"metadata"	"org.jetbrains.kotlinx"	"kotlinx-coroutines-android"	"1.10.2"	"kotlinx-coroutines-android-1.10.2.pom"	"2193"	"b92d3672e7f9e8f4c4e2ab187c3e31fecc506496396f4a5f27ee1c957a42b319"	"MATCH"	"b92d3672e7f9e8f4c4e2ab187c3e31fecc506496396f4a5f27ee1c957a42b319"	"https://repo.maven.apache.org/maven2/org/jetbrains/kotlinx/kotlinx-coroutines-android/1.10.2/kotlinx-coroutines-android-1.10.2.pom.sha256"	""	""	""	""	""	""	""	""	""	""	""	"DECLARED_RELEASE_CONFIGURATION"
"metadata"	"org.jetbrains.kotlinx"	"kotlinx-coroutines-android"	"1.6.4"	"kotlinx-coroutines-android-1.6.4.module"	"3567"	"68516559e6f84a621b9783cd892a64630ccd7875843588ddb3f0501425e33f15"	"MATCH"	"68516559e6f84a621b9783cd892a64630ccd7875843588ddb3f0501425e33f15"	"https://repo.maven.apache.org/maven2/org/jetbrains/kotlinx/kotlinx-coroutines-android/1.6.4/kotlinx-coroutines-android-1.6.4.module.sha256"	""	""	""	""	""	""	""	""	""	""	""	"DECLARED_RELEASE_CONFIGURATION"
"metadata"	"org.jetbrains.kotlinx"	"kotlinx-coroutines-android"	"1.6.4"	"kotlinx-coroutines-android-1.6.4.pom"	"2226"	"49f7e32474d64396ece2c014dbdc2204d665cfa8fd73e69a6a1b3fab138198b7"	"MATCH"	"49f7e32474d64396ece2c014dbdc2204d665cfa8fd73e69a6a1b3fab138198b7"	"https://repo.maven.apache.org/maven2/org/jetbrains/kotlinx/kotlinx-coroutines-android/1.6.4/kotlinx-coroutines-android-1.6.4.pom.sha256"	""	""	""	""	""	""	""	""	""	""	""	"DECLARED_RELEASE_CONFIGURATION"
"metadata"	"org.jetbrains.kotlinx"	"kotlinx-coroutines-android"	"1.8.1"	"kotlinx-coroutines-android-1.8.1.module"	"3555"	"f00af0920cb7dc4611205ff592eec5aa0071bc959b3797026abfe43cf14bfad4"	"MATCH"	"f00af0920cb7dc4611205ff592eec5aa0071bc959b3797026abfe43cf14bfad4"	"https://repo.maven.apache.org/maven2/org/jetbrains/kotlinx/kotlinx-coroutines-android/1.8.1/kotlinx-coroutines-android-1.8.1.module.sha256"	""	""	""	""	""	""	""	""	""	""	""	"DECLARED_RELEASE_CONFIGURATION"
"metadata"	"org.jetbrains.kotlinx"	"kotlinx-coroutines-android"	"1.8.1"	"kotlinx-coroutines-android-1.8.1.pom"	"2221"	"88e8c7ede4d29b8027a2da6ea9e3ce550c556a4213633f8f6de28bb9fb201c90"	"MATCH"	"88e8c7ede4d29b8027a2da6ea9e3ce550c556a4213633f8f6de28bb9fb201c90"	"https://repo.maven.apache.org/maven2/org/jetbrains/kotlinx/kotlinx-coroutines-android/1.8.1/kotlinx-coroutines-android-1.8.1.pom.sha256"	""	""	""	""	""	""	""	""	""	""	""	"DECLARED_RELEASE_CONFIGURATION"
"metadata"	"org.jetbrains.kotlinx"	"kotlinx-coroutines-bom"	"1.10.2"	"kotlinx-coroutines-bom-1.10.2.pom"	"4279"	"faf0c6538e53ddc0499a63664d8e763c216580b2e18e722ccbdf1b431a6afe26"	"MATCH"	"faf0c6538e53ddc0499a63664d8e763c216580b2e18e722ccbdf1b431a6afe26"	"https://repo.maven.apache.org/maven2/org/jetbrains/kotlinx/kotlinx-coroutines-bom/1.10.2/kotlinx-coroutines-bom-1.10.2.pom.sha256"	""	""	""	""	""	""	""	""	""	""	""	"LINT_RELEASE_TASK_TIME_OBSERVED_CACHE"
"metadata"	"org.jetbrains.kotlinx"	"kotlinx-coroutines-bom"	"1.6.4"	"kotlinx-coroutines-bom-1.6.4.pom"	"4291"	"ab2614855fba66aa8a42514dbe3d5a884315ffe1ed63f5932e710a8006245ce1"	"MATCH"	"ab2614855fba66aa8a42514dbe3d5a884315ffe1ed63f5932e710a8006245ce1"	"https://repo.maven.apache.org/maven2/org/jetbrains/kotlinx/kotlinx-coroutines-bom/1.6.4/kotlinx-coroutines-bom-1.6.4.pom.sha256"	""	""	""	""	""	""	""	""	""	""	""	"LINT_RELEASE_TASK_TIME_OBSERVED_CACHE"
"metadata"	"org.jetbrains.kotlinx"	"kotlinx-coroutines-bom"	"1.8.1"	"kotlinx-coroutines-bom-1.8.1.pom"	"4291"	"563e4aa29fa8fe09a6e1746d0a5b51308f7c7dedc468dc5a0ca810a485877030"	"MATCH"	"563e4aa29fa8fe09a6e1746d0a5b51308f7c7dedc468dc5a0ca810a485877030"	"https://repo.maven.apache.org/maven2/org/jetbrains/kotlinx/kotlinx-coroutines-bom/1.8.1/kotlinx-coroutines-bom-1.8.1.pom.sha256"	""	""	""	""	""	""	""	""	""	""	""	"LINT_RELEASE_TASK_TIME_OBSERVED_CACHE"
"metadata"	"org.jetbrains.kotlinx"	"kotlinx-coroutines-bom"	"1.9.0"	"kotlinx-coroutines-bom-1.9.0.pom"	"4291"	"bea5511e9001f2c593ab5080df131b219ab5e2085cc5979ce583eacd4946fd78"	"NO_MATCHING_SIDECAR"	""	""	"https://repo.maven.apache.org/maven2/org/jetbrains/kotlinx/kotlinx-coroutines-bom/1.9.0/kotlinx-coroutines-bom-1.9.0.pom.sha256 ERROR_URLError; https://dl.google.com/dl/android/maven2/org/jetbrains/kotlinx/kotlinx-coroutines-bom/1.9.0/kotlinx-coroutines-bom-1.9.0.pom.sha256 HTTP_404"	""	""	""	""	""	""	""	""	""	""	"LINT_RELEASE_TASK_TIME_OBSERVED_CACHE"
"metadata"	"org.jetbrains.kotlinx"	"kotlinx-coroutines-core"	"1.10.2"	"kotlinx-coroutines-core-1.10.2.module"	"47149"	"8fe254177e711a7cd18a3c06d8242fce945f41c2cca13dc19b33ae42a5435016"	"MATCH"	"8fe254177e711a7cd18a3c06d8242fce945f41c2cca13dc19b33ae42a5435016"	"https://repo.maven.apache.org/maven2/org/jetbrains/kotlinx/kotlinx-coroutines-core/1.10.2/kotlinx-coroutines-core-1.10.2.module.sha256"	""	""	""	""	""	""	""	""	""	""	""	"LINT_RELEASE_TASK_TIME_OBSERVED_CACHE"
"metadata"	"org.jetbrains.kotlinx"	"kotlinx-coroutines-core"	"1.10.2"	"kotlinx-coroutines-core-1.10.2.pom"	"2030"	"519da5400096f3462a4dae80783ad050413d4bc81ec7ae53fae76aef0ccbed4c"	"MATCH"	"519da5400096f3462a4dae80783ad050413d4bc81ec7ae53fae76aef0ccbed4c"	"https://repo.maven.apache.org/maven2/org/jetbrains/kotlinx/kotlinx-coroutines-core/1.10.2/kotlinx-coroutines-core-1.10.2.pom.sha256"	""	""	""	""	""	""	""	""	""	""	""	"LINT_RELEASE_TASK_TIME_OBSERVED_CACHE"
"metadata"	"org.jetbrains.kotlinx"	"kotlinx-coroutines-core"	"1.6.4"	"kotlinx-coroutines-core-1.6.4.module"	"22845"	"a6eed4a1835588e7c84fcd7b0475fce9a7b3444c870ebc797b88ba64ccf4576b"	"MATCH"	"a6eed4a1835588e7c84fcd7b0475fce9a7b3444c870ebc797b88ba64ccf4576b"	"https://repo.maven.apache.org/maven2/org/jetbrains/kotlinx/kotlinx-coroutines-core/1.6.4/kotlinx-coroutines-core-1.6.4.module.sha256"	""	""	""	""	""	""	""	""	""	""	""	"LINT_RELEASE_TASK_TIME_OBSERVED_CACHE"
"metadata"	"org.jetbrains.kotlinx"	"kotlinx-coroutines-core"	"1.6.4"	"kotlinx-coroutines-core-1.6.4.pom"	"2057"	"136b4edb87a47e15251f0842f3189fa31979eb4ab51acfb4239b4bf8d16d4588"	"MATCH"	"136b4edb87a47e15251f0842f3189fa31979eb4ab51acfb4239b4bf8d16d4588"	"https://repo.maven.apache.org/maven2/org/jetbrains/kotlinx/kotlinx-coroutines-core/1.6.4/kotlinx-coroutines-core-1.6.4.pom.sha256"	""	""	""	""	""	""	""	""	""	""	""	"LINT_RELEASE_TASK_TIME_OBSERVED_CACHE"
"metadata"	"org.jetbrains.kotlinx"	"kotlinx-coroutines-core"	"1.8.1"	"kotlinx-coroutines-core-1.8.1.module"	"40513"	"08cbaf3325b54e0f8ef8da85e4eb596f7d946f843e5d1600385463f3268a4ef0"	"MATCH"	"08cbaf3325b54e0f8ef8da85e4eb596f7d946f843e5d1600385463f3268a4ef0"	"https://repo.maven.apache.org/maven2/org/jetbrains/kotlinx/kotlinx-coroutines-core/1.8.1/kotlinx-coroutines-core-1.8.1.module.sha256"	""	""	""	""	""	""	""	""	""	""	""	"LINT_RELEASE_TASK_TIME_OBSERVED_CACHE"
"metadata"	"org.jetbrains.kotlinx"	"kotlinx-coroutines-core"	"1.8.1"	"kotlinx-coroutines-core-1.8.1.pom"	"2057"	"f88918dbfa8787c4d171ab02553a14ad1def8aa9b0c5c2c20cc99455d3241e22"	"MATCH"	"f88918dbfa8787c4d171ab02553a14ad1def8aa9b0c5c2c20cc99455d3241e22"	"https://repo.maven.apache.org/maven2/org/jetbrains/kotlinx/kotlinx-coroutines-core/1.8.1/kotlinx-coroutines-core-1.8.1.pom.sha256"	""	""	""	""	""	""	""	""	""	""	""	"LINT_RELEASE_TASK_TIME_OBSERVED_CACHE"
"metadata"	"org.jetbrains.kotlinx"	"kotlinx-coroutines-core"	"1.9.0"	"kotlinx-coroutines-core-1.9.0.module"	"45570"	"ad534034a953b4e12cbeeb874c66adf8b1ca14df15fe0d2e6547aa34e86dfeca"	"MATCH"	"ad534034a953b4e12cbeeb874c66adf8b1ca14df15fe0d2e6547aa34e86dfeca"	"https://repo.maven.apache.org/maven2/org/jetbrains/kotlinx/kotlinx-coroutines-core/1.9.0/kotlinx-coroutines-core-1.9.0.module.sha256"	""	""	""	""	""	""	""	""	""	""	""	"LINT_RELEASE_TASK_TIME_OBSERVED_CACHE"
"metadata"	"org.jetbrains.kotlinx"	"kotlinx-coroutines-core"	"1.9.0"	"kotlinx-coroutines-core-1.9.0.pom"	"2057"	"770f2793d05e2b027b9c799938ec1d2d4ef141ce5819c780c32c3995cadb0a47"	"MATCH"	"770f2793d05e2b027b9c799938ec1d2d4ef141ce5819c780c32c3995cadb0a47"	"https://repo.maven.apache.org/maven2/org/jetbrains/kotlinx/kotlinx-coroutines-core/1.9.0/kotlinx-coroutines-core-1.9.0.pom.sha256"	""	""	""	""	""	""	""	""	""	""	""	"LINT_RELEASE_TASK_TIME_OBSERVED_CACHE"
"metadata"	"org.jetbrains.kotlinx"	"kotlinx-coroutines-core-jvm"	"1.10.2"	"kotlinx-coroutines-core-jvm-1.10.2.module"	"4450"	"e9e4a74b4dbfe0f5ebeed88d49f3546c3ec3089419b20e5250403135c2c64c53"	"MATCH"	"e9e4a74b4dbfe0f5ebeed88d49f3546c3ec3089419b20e5250403135c2c64c53"	"https://repo.maven.apache.org/maven2/org/jetbrains/kotlinx/kotlinx-coroutines-core-jvm/1.10.2/kotlinx-coroutines-core-jvm-1.10.2.module.sha256"	""	""	""	""	""	""	""	""	""	""	""	"DECLARED_RELEASE_CONFIGURATION"
"metadata"	"org.jetbrains.kotlinx"	"kotlinx-coroutines-core-jvm"	"1.10.2"	"kotlinx-coroutines-core-jvm-1.10.2.pom"	"2167"	"658f576b96c832e7382406adb197d64d8e2e97de10e96dfa3700decfa2a60def"	"MATCH"	"658f576b96c832e7382406adb197d64d8e2e97de10e96dfa3700decfa2a60def"	"https://repo.maven.apache.org/maven2/org/jetbrains/kotlinx/kotlinx-coroutines-core-jvm/1.10.2/kotlinx-coroutines-core-jvm-1.10.2.pom.sha256"	""	""	""	""	""	""	""	""	""	""	""	"DECLARED_RELEASE_CONFIGURATION"
"metadata"	"org.jetbrains.kotlinx"	"kotlinx-coroutines-core-jvm"	"1.6.4"	"kotlinx-coroutines-core-jvm-1.6.4.module"	"3389"	"0d94c8a41483e7c2707ebd693e1b1357a84152998ce85550ebbc54ca4321a3a7"	"MATCH"	"0d94c8a41483e7c2707ebd693e1b1357a84152998ce85550ebbc54ca4321a3a7"	"https://repo.maven.apache.org/maven2/org/jetbrains/kotlinx/kotlinx-coroutines-core-jvm/1.6.4/kotlinx-coroutines-core-jvm-1.6.4.module.sha256"	""	""	""	""	""	""	""	""	""	""	""	"DECLARED_RELEASE_CONFIGURATION"
"metadata"	"org.jetbrains.kotlinx"	"kotlinx-coroutines-core-jvm"	"1.6.4"	"kotlinx-coroutines-core-jvm-1.6.4.pom"	"2217"	"09d960f85922903c2e52e126b17e9fa5020b425c469ec61944b3c01835547224"	"MATCH"	"09d960f85922903c2e52e126b17e9fa5020b425c469ec61944b3c01835547224"	"https://repo.maven.apache.org/maven2/org/jetbrains/kotlinx/kotlinx-coroutines-core-jvm/1.6.4/kotlinx-coroutines-core-jvm-1.6.4.pom.sha256"	""	""	""	""	""	""	""	""	""	""	""	"DECLARED_RELEASE_CONFIGURATION"
"metadata"	"org.jetbrains.kotlinx"	"kotlinx-coroutines-core-jvm"	"1.8.1"	"kotlinx-coroutines-core-jvm-1.8.1.module"	"4278"	"09b81c9d11c2deebf133ad87b707927c1f04099cb611ef008c7725b3eb308329"	"MATCH"	"09b81c9d11c2deebf133ad87b707927c1f04099cb611ef008c7725b3eb308329"	"https://repo.maven.apache.org/maven2/org/jetbrains/kotlinx/kotlinx-coroutines-core-jvm/1.8.1/kotlinx-coroutines-core-jvm-1.8.1.module.sha256"	""	""	""	""	""	""	""	""	""	""	""	"DECLARED_RELEASE_CONFIGURATION"
"metadata"	"org.jetbrains.kotlinx"	"kotlinx-coroutines-core-jvm"	"1.8.1"	"kotlinx-coroutines-core-jvm-1.8.1.pom"	"2196"	"47c6a50b14151e8faf7f350a95235c37d12abc38bfb055b668974293172daf2c"	"MATCH"	"47c6a50b14151e8faf7f350a95235c37d12abc38bfb055b668974293172daf2c"	"https://repo.maven.apache.org/maven2/org/jetbrains/kotlinx/kotlinx-coroutines-core-jvm/1.8.1/kotlinx-coroutines-core-jvm-1.8.1.pom.sha256"	""	""	""	""	""	""	""	""	""	""	""	"DECLARED_RELEASE_CONFIGURATION"
"metadata"	"org.jetbrains.kotlinx"	"kotlinx-coroutines-core-jvm"	"1.9.0"	"kotlinx-coroutines-core-jvm-1.9.0.module"	"4438"	"b321a899e40d3ce345707aa2cfda9983ad0dcc69fea74a9b8bf906a16c1cf8a9"	"MATCH"	"b321a899e40d3ce345707aa2cfda9983ad0dcc69fea74a9b8bf906a16c1cf8a9"	"https://repo.maven.apache.org/maven2/org/jetbrains/kotlinx/kotlinx-coroutines-core-jvm/1.9.0/kotlinx-coroutines-core-jvm-1.9.0.module.sha256"	""	""	""	""	""	""	""	""	""	""	""	"DECLARED_RELEASE_CONFIGURATION"
"metadata"	"org.jetbrains.kotlinx"	"kotlinx-coroutines-core-jvm"	"1.9.0"	"kotlinx-coroutines-core-jvm-1.9.0.pom"	"2195"	"19c4889941b3aa098bd57cc64f02f9adacc654d571a12a956de4b5bb148c6499"	"MATCH"	"19c4889941b3aa098bd57cc64f02f9adacc654d571a12a956de4b5bb148c6499"	"https://repo.maven.apache.org/maven2/org/jetbrains/kotlinx/kotlinx-coroutines-core-jvm/1.9.0/kotlinx-coroutines-core-jvm-1.9.0.pom.sha256"	""	""	""	""	""	""	""	""	""	""	""	"DECLARED_RELEASE_CONFIGURATION"
"metadata"	"org.jetbrains.kotlinx"	"kotlinx-coroutines-play-services"	"1.10.2"	"kotlinx-coroutines-play-services-1.10.2.module"	"5057"	"da262c1a35229c46c0b2e055e82406de860ce1a42659a3a17f932c7ab39550ff"	"MATCH"	"da262c1a35229c46c0b2e055e82406de860ce1a42659a3a17f932c7ab39550ff"	"https://repo.maven.apache.org/maven2/org/jetbrains/kotlinx/kotlinx-coroutines-play-services/1.10.2/kotlinx-coroutines-play-services-1.10.2.module.sha256"	""	""	""	""	""	""	""	""	""	""	""	"DECLARED_RELEASE_CONFIGURATION"
"metadata"	"org.jetbrains.kotlinx"	"kotlinx-coroutines-play-services"	"1.10.2"	"kotlinx-coroutines-play-services-1.10.2.pom"	"2566"	"8d38059aff23e1b2ac216dedaccb1ba15dc7d14c80615244de091cc61332096a"	"MATCH"	"8d38059aff23e1b2ac216dedaccb1ba15dc7d14c80615244de091cc61332096a"	"https://repo.maven.apache.org/maven2/org/jetbrains/kotlinx/kotlinx-coroutines-play-services/1.10.2/kotlinx-coroutines-play-services-1.10.2.pom.sha256"	""	""	""	""	""	""	""	""	""	""	""	"DECLARED_RELEASE_CONFIGURATION"
"metadata"	"org.jetbrains.kotlinx"	"kotlinx-serialization-bom"	"1.6.3"	"kotlinx-serialization-bom-1.6.3.pom"	"3665"	"29d69842bb7d449be2aa4ade6a4a7ce6aa55827d0ab13d168745fe6d95739332"	"MATCH"	"29d69842bb7d449be2aa4ade6a4a7ce6aa55827d0ab13d168745fe6d95739332"	"https://repo.maven.apache.org/maven2/org/jetbrains/kotlinx/kotlinx-serialization-bom/1.6.3/kotlinx-serialization-bom-1.6.3.pom.sha256"	""	""	""	""	""	""	""	""	""	""	""	"LINT_RELEASE_TASK_TIME_OBSERVED_CACHE"
"metadata"	"org.jetbrains.kotlinx"	"kotlinx-serialization-core"	"1.6.3"	"kotlinx-serialization-core-1.6.3.module"	"45601"	"361e9e31eb7296174b74085ac49edd84a4f3900ba9431a4e40cd1c23de76a328"	"MATCH"	"361e9e31eb7296174b74085ac49edd84a4f3900ba9431a4e40cd1c23de76a328"	"https://repo.maven.apache.org/maven2/org/jetbrains/kotlinx/kotlinx-serialization-core/1.6.3/kotlinx-serialization-core-1.6.3.module.sha256"	""	""	""	""	""	""	""	""	""	""	""	"LINT_RELEASE_TASK_TIME_OBSERVED_CACHE"
"metadata"	"org.jetbrains.kotlinx"	"kotlinx-serialization-core"	"1.6.3"	"kotlinx-serialization-core-1.6.3.pom"	"2086"	"d2dbf6fc15364c8969d6aab6e3eccc75139953f2cc057b730e35267465b3b57e"	"MATCH"	"d2dbf6fc15364c8969d6aab6e3eccc75139953f2cc057b730e35267465b3b57e"	"https://repo.maven.apache.org/maven2/org/jetbrains/kotlinx/kotlinx-serialization-core/1.6.3/kotlinx-serialization-core-1.6.3.pom.sha256"	""	""	""	""	""	""	""	""	""	""	""	"LINT_RELEASE_TASK_TIME_OBSERVED_CACHE"
"metadata"	"org.jetbrains.kotlinx"	"kotlinx-serialization-core-jvm"	"1.6.3"	"kotlinx-serialization-core-jvm-1.6.3.module"	"4343"	"329104dbd34e4bde905611d427c7584e53c3f8c411836fb9f699ac9dba5baa6c"	"MATCH"	"329104dbd34e4bde905611d427c7584e53c3f8c411836fb9f699ac9dba5baa6c"	"https://repo.maven.apache.org/maven2/org/jetbrains/kotlinx/kotlinx-serialization-core-jvm/1.6.3/kotlinx-serialization-core-jvm-1.6.3.module.sha256"	""	""	""	""	""	""	""	""	""	""	""	"DECLARED_RELEASE_CONFIGURATION"
"metadata"	"org.jetbrains.kotlinx"	"kotlinx-serialization-core-jvm"	"1.6.3"	"kotlinx-serialization-core-jvm-1.6.3.pom"	"2238"	"2b4aa89499fc01b30d1c107596698e0af4340412d54019c501d9ba6b293ba2ba"	"MATCH"	"2b4aa89499fc01b30d1c107596698e0af4340412d54019c501d9ba6b293ba2ba"	"https://repo.maven.apache.org/maven2/org/jetbrains/kotlinx/kotlinx-serialization-core-jvm/1.6.3/kotlinx-serialization-core-jvm-1.6.3.pom.sha256"	""	""	""	""	""	""	""	""	""	""	""	"DECLARED_RELEASE_CONFIGURATION"
"metadata"	"org.jetbrains.kotlinx"	"kotlinx-serialization-json"	"1.6.3"	"kotlinx-serialization-json-1.6.3.module"	"45783"	"80d1d87fa0a63bff8395ea3910bda80d09f0f583504ddea8ed007bc7a86b4cd4"	"MATCH"	"80d1d87fa0a63bff8395ea3910bda80d09f0f583504ddea8ed007bc7a86b4cd4"	"https://repo.maven.apache.org/maven2/org/jetbrains/kotlinx/kotlinx-serialization-json/1.6.3/kotlinx-serialization-json-1.6.3.module.sha256"	""	""	""	""	""	""	""	""	""	""	""	"LINT_RELEASE_TASK_TIME_OBSERVED_CACHE"
"metadata"	"org.jetbrains.kotlinx"	"kotlinx-serialization-json"	"1.6.3"	"kotlinx-serialization-json-1.6.3.pom"	"2086"	"29c2217618e531d7d832cc880aea6ed1a8f40773e437f5a41d70bd15468d3ce3"	"MATCH"	"29c2217618e531d7d832cc880aea6ed1a8f40773e437f5a41d70bd15468d3ce3"	"https://repo.maven.apache.org/maven2/org/jetbrains/kotlinx/kotlinx-serialization-json/1.6.3/kotlinx-serialization-json-1.6.3.pom.sha256"	""	""	""	""	""	""	""	""	""	""	""	"LINT_RELEASE_TASK_TIME_OBSERVED_CACHE"
"metadata"	"org.jetbrains.kotlinx"	"kotlinx-serialization-json-jvm"	"1.6.3"	"kotlinx-serialization-json-jvm-1.6.3.module"	"4706"	"227a2a9ad38c010b107bc8058cd615177da5aaa86db37f7d58d49d9c9b7f97d0"	"MATCH"	"227a2a9ad38c010b107bc8058cd615177da5aaa86db37f7d58d49d9c9b7f97d0"	"https://repo.maven.apache.org/maven2/org/jetbrains/kotlinx/kotlinx-serialization-json-jvm/1.6.3/kotlinx-serialization-json-jvm-1.6.3.module.sha256"	""	""	""	""	""	""	""	""	""	""	""	"DECLARED_RELEASE_CONFIGURATION"
"metadata"	"org.jetbrains.kotlinx"	"kotlinx-serialization-json-jvm"	"1.6.3"	"kotlinx-serialization-json-jvm-1.6.3.pom"	"2442"	"78df67d064d3baaf1af4e862e981469776297c6c878bb7bf1b42e3932f6faf8f"	"MATCH"	"78df67d064d3baaf1af4e862e981469776297c6c878bb7bf1b42e3932f6faf8f"	"https://repo.maven.apache.org/maven2/org/jetbrains/kotlinx/kotlinx-serialization-json-jvm/1.6.3/kotlinx-serialization-json-jvm-1.6.3.pom.sha256"	""	""	""	""	""	""	""	""	""	""	""	"DECLARED_RELEASE_CONFIGURATION"
"metadata"	"org.json"	"json"	"20250517"	"json-20250517.pom"	"10175"	"71a1fb86a2b05537a3cfc1c87db42d036efdbbfc7e9c349b635d21ac1fa876a7"	"NO_MATCHING_SIDECAR"	""	""	"repo.maven.apache.org=HTTP404;dl.google.com=HTTP404"	"SIGNATURE_PRESENT_KEY_UNREVIEWED"	"https://repo.maven.apache.org/maven2/org/json/json/20250517/json-20250517.pom.asc"	""	""	"SIGNATURE_PRESENT_KEY_UNAUTHENTICATED"	""	""	""	""	""	"LINT_RELEASE_UNIT_TEST_CLASSPATH"
"metadata"	"org.jspecify"	"jspecify"	"1.0.0"	"jspecify-1.0.0.module"	"3439"	"d307ca77a54e18ac1ef1aaed4e5bbe014bd2f49f29e1d2f813e47c278283195b"	"MATCH"	"d307ca77a54e18ac1ef1aaed4e5bbe014bd2f49f29e1d2f813e47c278283195b"	"https://repo.maven.apache.org/maven2/org/jspecify/jspecify/1.0.0/jspecify-1.0.0.module.sha256"	""	""	""	""	""	""	""	""	""	""	""	"DECLARED_RELEASE_CONFIGURATION"
"metadata"	"org.jspecify"	"jspecify"	"1.0.0"	"jspecify-1.0.0.pom"	"1511"	"cdab929a3b95211f43d2090c5e2d0dfe8465960e378bc32b35841dab324433a6"	"MATCH"	"cdab929a3b95211f43d2090c5e2d0dfe8465960e378bc32b35841dab324433a6"	"https://repo.maven.apache.org/maven2/org/jspecify/jspecify/1.0.0/jspecify-1.0.0.pom.sha256"	""	""	""	""	""	""	""	""	""	""	""	"DECLARED_RELEASE_CONFIGURATION"
"metadata"	"org.jvnet.staxex"	"stax-ex"	"1.8.1"	"stax-ex-1.8.1.pom"	"15152"	"8fc84f36ce6da6ce8c893b6538199a7f69a69a0706d9b17a3ee6a3a09452eed6"	"NO_MATCHING_SIDECAR"	""	""	"https://repo.maven.apache.org/maven2/org/jvnet/staxex/stax-ex/1.8.1/stax-ex-1.8.1.pom.sha256 HTTP_404; https://dl.google.com/dl/android/maven2/org/jvnet/staxex/stax-ex/1.8.1/stax-ex-1.8.1.pom.sha256 HTTP_404"	""	""	""	""	""	""	""	""	""	""	"DECLARED_RELEASE_CONFIGURATION"
"metadata"	"org.ow2.asm"	"asm"	"9.8"	"asm-9.8.pom"	"2370"	"c1367c3bb383d7619e7f797e38df7513885f2eef04ae7b5908f68222657b5baa"	"MATCH"	"c1367c3bb383d7619e7f797e38df7513885f2eef04ae7b5908f68222657b5baa"	"https://repo.maven.apache.org/maven2/org/ow2/asm/asm/9.8/asm-9.8.pom.sha256"	""	""	""	""	""	""	""	""	""	""	""	"DECLARED_RELEASE_CONFIGURATION"
"metadata"	"org.ow2.asm"	"asm-analysis"	"9.8"	"asm-analysis-9.8.pom"	"2621"	"c5747e25c72e1b07d5263c75c78ad61a626dd2458fafcafc23f81d3253ee42ed"	"MATCH"	"c5747e25c72e1b07d5263c75c78ad61a626dd2458fafcafc23f81d3253ee42ed"	"https://repo.maven.apache.org/maven2/org/ow2/asm/asm-analysis/9.8/asm-analysis-9.8.pom.sha256"	""	""	""	""	""	""	""	""	""	""	""	"DECLARED_RELEASE_CONFIGURATION"
"metadata"	"org.ow2.asm"	"asm-commons"	"9.8"	"asm-commons-9.8.pom"	"2788"	"f793e78f01f703717d09472e56cdf212fe298970c882e2116e8e549fb6d140c2"	"MATCH"	"f793e78f01f703717d09472e56cdf212fe298970c882e2116e8e549fb6d140c2"	"https://repo.maven.apache.org/maven2/org/ow2/asm/asm-commons/9.8/asm-commons-9.8.pom.sha256"	""	""	""	""	""	""	""	""	""	""	""	"DECLARED_RELEASE_CONFIGURATION"
"metadata"	"org.ow2.asm"	"asm-tree"	"9.8"	"asm-tree-9.8.pom"	"2592"	"7149e7faa0e191296f879aeed9209c8942d398f0698d2cca1a9c628f2e2a8f77"	"MATCH"	"7149e7faa0e191296f879aeed9209c8942d398f0698d2cca1a9c628f2e2a8f77"	"https://repo.maven.apache.org/maven2/org/ow2/asm/asm-tree/9.8/asm-tree-9.8.pom.sha256"	""	""	""	""	""	""	""	""	""	""	""	"DECLARED_RELEASE_CONFIGURATION"
"metadata"	"org.ow2.asm"	"asm-util"	"9.8"	"asm-util-9.8.pom"	"2938"	"24d0970e171e2917b83a8f0f05d50a1cdb5c82e508555b52dbcc9d3361c4f0ec"	"MATCH"	"24d0970e171e2917b83a8f0f05d50a1cdb5c82e508555b52dbcc9d3361c4f0ec"	"https://repo.maven.apache.org/maven2/org/ow2/asm/asm-util/9.8/asm-util-9.8.pom.sha256"	""	""	""	""	""	""	""	""	""	""	""	"DECLARED_RELEASE_CONFIGURATION"
"metadata"	"org.slf4j"	"slf4j-api"	"1.7.30"	"slf4j-api-1.7.30.pom"	"3835"	"7e0747751e9b67e19dcb5206f04ea22cc03d250c422426402eadd03513f2c314"	"NO_MATCHING_SIDECAR"	""	""	"https://repo.maven.apache.org/maven2/org/slf4j/slf4j-api/1.7.30/slf4j-api-1.7.30.pom.sha256 HTTP_404; https://dl.google.com/dl/android/maven2/org/slf4j/slf4j-api/1.7.30/slf4j-api-1.7.30.pom.sha256 HTTP_404"	""	""	""	""	""	""	""	""	""	""	"DECLARED_RELEASE_CONFIGURATION"
"metadata"	"org.tensorflow"	"tensorflow-lite-metadata"	"0.2.0"	"tensorflow-lite-metadata-0.2.0.pom"	"1988"	"0fe31326e83b7622cbcd9c75d467b291f01ffe3cc6e3e76651ac05a1c1c7a360"	"NO_MATCHING_SIDECAR"	""	""	"https://repo.maven.apache.org/maven2/org/tensorflow/tensorflow-lite-metadata/0.2.0/tensorflow-lite-metadata-0.2.0.pom.sha256 HTTP_404; https://dl.google.com/dl/android/maven2/org/tensorflow/tensorflow-lite-metadata/0.2.0/tensorflow-lite-metadata-0.2.0.pom.sha256 HTTP_404"	""	""	""	""	""	""	""	""	""	""	"DECLARED_RELEASE_CONFIGURATION"
"metadata"	"org.xerial"	"sqlite-jdbc"	"3.41.2.2"	"sqlite-jdbc-3.41.2.2.pom"	"18148"	"ae11a3b11dcbac1b6403689e3fd8d82b2ceea55e82dbfc4bb32aededf8ccac8e"	"NO_MATCHING_SIDECAR"	""	""	"https://repo.maven.apache.org/maven2/org/xerial/sqlite-jdbc/3.41.2.2/sqlite-jdbc-3.41.2.2.pom.sha256 HTTP_404; https://dl.google.com/dl/android/maven2/org/xerial/sqlite-jdbc/3.41.2.2/sqlite-jdbc-3.41.2.2.pom.sha256 HTTP_404"	""	""	""	""	""	""	""	""	""	""	"DECLARED_RELEASE_CONFIGURATION"
"artifact"	"org.json"	"json"	"20250517"	"json-20250517.jar"	"82710"	"3ea61b2a06e31edf1c91134fe9106b0ebb16628be169f3db75bc7a2b06b45796"	"NO_MATCHING_SIDECAR"	""	""	"repo.maven.apache.org=HTTP404;dl.google.com=HTTP404"	"SIGNATURE_PRESENT_KEY_AUTHENTICATED"	"https://repo.maven.apache.org/maven2/org/json/json/20250517/json-20250517.jar.asc"	""	""	"PGP_VALID_JSON_OFFICIAL_KEY"	"https://github.com/stleary/JSON-java/blob/master/docs/SECURITY.md"	"FD116C1969FCCFF3"	"FB35C8D02B4724DADA23DE0AFD116C1969FCCFF3"	"3e77dd9d7eb939166ac884c4afb231aed5d3d33a377a4898a1eb3f5d902edf31"	""	"LINT_RELEASE_UNIT_TEST_CLASSPATH"
"artifact"	"org.mockito"	"mockito-core"	"5.20.0"	"mockito-core-5.20.0.jar"	"710508"	"d1a96d252128d3a4247cfd8a2e76412efa3cc103977be17933c942117a24f374"	"MATCH"	"d1a96d252128d3a4247cfd8a2e76412efa3cc103977be17933c942117a24f374"	"https://repo.maven.apache.org/maven2/org/mockito/mockito-core/5.20.0/mockito-core-5.20.0.jar.sha256"	""	"SIGNATURE_PRESENT_KEY_UNREVIEWED"	"https://repo.maven.apache.org/maven2/org/mockito/mockito-core/5.20.0/mockito-core-5.20.0.jar.asc"	""	""	"PUBLISHER_SHA256_MATCH_CACHED_JAR"	"https://repo.maven.apache.org/maven2/org/mockito/mockito-core/5.20.0/mockito-core-5.20.0.jar"	""	""	""	""	"LINT_RELEASE_UNIT_TEST_CLASSPATH"
"artifact"	"net.bytebuddy"	"byte-buddy"	"1.17.7"	"byte-buddy-1.17.7.jar"	"9015334"	"3575dcb8a98faf943d3c1595c47a16047c4fce8a83ebbb26262f1a2f67546357"	"MATCH"	"3575dcb8a98faf943d3c1595c47a16047c4fce8a83ebbb26262f1a2f67546357"	"https://repo.maven.apache.org/maven2/net/bytebuddy/byte-buddy/1.17.7/byte-buddy-1.17.7.jar.sha256"	""	""	""	""	""	"PUBLISHER_SHA256_MATCH_CACHED_JAR"	"https://repo.maven.apache.org/maven2/net/bytebuddy/byte-buddy/1.17.7/byte-buddy-1.17.7.jar"	""	""	""	""	"LINT_RELEASE_UNIT_TEST_CLASSPATH"
"artifact"	"net.bytebuddy"	"byte-buddy-agent"	"1.17.7"	"byte-buddy-agent-1.17.7.jar"	"366248"	"a9ba887dca252ad61b7d5153294f34e6f3bdf4b2736b04373d13615a695fc0ff"	"MATCH"	"a9ba887dca252ad61b7d5153294f34e6f3bdf4b2736b04373d13615a695fc0ff"	"https://repo.maven.apache.org/maven2/net/bytebuddy/byte-buddy-agent/1.17.7/byte-buddy-agent-1.17.7.jar.sha256"	""	""	""	""	""	"PUBLISHER_SHA256_MATCH_CACHED_JAR"	"https://repo.maven.apache.org/maven2/net/bytebuddy/byte-buddy-agent/1.17.7/byte-buddy-agent-1.17.7.jar"	""	""	""	""	"LINT_RELEASE_UNIT_TEST_CLASSPATH"
"required_unavailable"	"com.squareup.okhttp3"	"mockwebserver"	"4.12.0"	"mockwebserver-4.12.0.jar"	""	""	"PUBLISHED_ONLY_NO_LOCAL_ARTIFACT"	"6784673687f4ac8f21679b9d4bc7cdb46e1a1ce1be9d3133b36bede59a741561"	"https://repo.maven.apache.org/maven2/com/squareup/okhttp3/mockwebserver/4.12.0/mockwebserver-4.12.0.jar.sha256"	""	""	""	""	""	"PUBLISHER_SHA256_PRESENT_ARTIFACT_UNAVAILABLE"	"https://repo.maven.apache.org/maven2/com/squareup/okhttp3/mockwebserver/4.12.0/mockwebserver-4.12.0.jar"	""	""	""	""	"LINT_RELEASE_UNIT_TEST_CLASSPATH_REQUIRED_UNAVAILABLE"
